category,variable,component,metric,value
general,,,executions_requested,10000
general,,,successful_executions,10000
general,,,failed_executions,0
general,,,key_agreement_count,10000
general,,,key_agreement_rate,1.0
general,,,recovered_autoconvolution_agreement_count,10000
general,,,recovered_autoconvolution_agreement_rate,1.0
exponent,m,,distinct_values,255
exponent,m,,entropy_bits,7.976557871664106
exponent,n,,distinct_values,255
exponent,n,,entropy_bits,7.9769918018595
exponent,m_mod_250,,distinct_values,250
exponent,m_mod_250,,entropy_bits,7.938902873102451
exponent,n_mod_250,,distinct_values,250
exponent,n_mod_250,,entropy_bits,7.939303166437544
exponent_gcd,m,1,count,4001
exponent_gcd,m,1,rate,0.4001
exponent_gcd,m,2,count,3984
exponent_gcd,m,2,rate,0.3984
exponent_gcd,m,5,count,812
exponent_gcd,m,5,rate,0.0812
exponent_gcd,m,10,count,797
exponent_gcd,m,10,rate,0.0797
exponent_gcd,m,25,count,160
exponent_gcd,m,25,rate,0.016
exponent_gcd,m,50,count,169
exponent_gcd,m,50,rate,0.0169
exponent_gcd,m,125,count,35
exponent_gcd,m,125,rate,0.0035
exponent_gcd,m,250,count,42
exponent_gcd,m,250,rate,0.0042
exponent_gcd,n,1,count,3874
exponent_gcd,n,1,rate,0.3874
exponent_gcd,n,2,count,4081
exponent_gcd,n,2,rate,0.4081
exponent_gcd,n,5,count,861
exponent_gcd,n,5,rate,0.0861
exponent_gcd,n,10,count,795
exponent_gcd,n,10,rate,0.0795
exponent_gcd,n,25,count,156
exponent_gcd,n,25,rate,0.0156
exponent_gcd,n,50,count,162
exponent_gcd,n,50,rate,0.0162
exponent_gcd,n,125,count,38
exponent_gcd,n,125,rate,0.0038
exponent_gcd,n,250,count,33
exponent_gcd,n,250,rate,0.0033
octonion,public_oA,,null_octonion_count,0
octonion,public_oA,,noninvertible_count,35
octonion,public_oA,,noninvertible_rate,0.0035
component,public_oA,0,samples,10000
component,public_oA,0,mean,124.1988
component,public_oA,0,distinct_values,251
component,public_oA,0,entropy_bits,7.95471977797272
component,public_oA,0,maximum_uniform_entropy_bits,7.971543553950772
component,public_oA,0,chi_square_uniform,232.86839999999998
component,public_oA,0,chi_square_df,250
component,public_oA,1,samples,10000
component,public_oA,1,mean,124.1277
component,public_oA,1,distinct_values,251
component,public_oA,1,entropy_bits,7.956467030756448
component,public_oA,1,maximum_uniform_entropy_bits,7.971543553950772
component,public_oA,1,chi_square_uniform,210.73019999999988
component,public_oA,1,chi_square_df,250
component,public_oA,2,samples,10000
component,public_oA,2,mean,124.2106
component,public_oA,2,distinct_values,251
component,public_oA,2,entropy_bits,7.9505941009659775
component,public_oA,2,maximum_uniform_entropy_bits,7.971543553950772
component,public_oA,2,chi_square_uniform,290.44780000000026
component,public_oA,2,chi_square_df,250
component,public_oA,3,samples,10000
component,public_oA,3,mean,123.8942
component,public_oA,3,distinct_values,251
component,public_oA,3,entropy_bits,7.955062731108796
component,public_oA,3,maximum_uniform_entropy_bits,7.971543553950772
component,public_oA,3,chi_square_uniform,227.5472
component,public_oA,3,chi_square_df,250
component,public_oA,4,samples,10000
component,public_oA,4,mean,124.9644
component,public_oA,4,distinct_values,251
component,public_oA,4,entropy_bits,7.952803597052276
component,public_oA,4,maximum_uniform_entropy_bits,7.971543553950772
component,public_oA,4,chi_square_uniform,258.57079999999985
component,public_oA,4,chi_square_df,250
component,public_oA,5,samples,10000
component,public_oA,5,mean,124.9874
component,public_oA,5,distinct_values,251
component,public_oA,5,entropy_bits,7.952423910239068
component,public_oA,5,maximum_uniform_entropy_bits,7.971543553950772
component,public_oA,5,chi_square_uniform,264.34379999999993
component,public_oA,5,chi_square_df,250
component,public_oA,6,samples,10000
component,public_oA,6,mean,125.5459
component,public_oA,6,distinct_values,251
component,public_oA,6,entropy_bits,7.9547634413785975
component,public_oA,6,maximum_uniform_entropy_bits,7.971543553950772
component,public_oA,6,chi_square_uniform,235.62939999999983
component,public_oA,6,chi_square_df,250
component,public_oA,7,samples,10000
component,public_oA,7,mean,125.1873
component,public_oA,7,distinct_values,251
component,public_oA,7,entropy_bits,7.953646786180988
component,public_oA,7,maximum_uniform_entropy_bits,7.971543553950772
component,public_oA,7,chi_square_uniform,244.61519999999982
component,public_oA,7,chi_square_df,250
octonion,public_oA,,mean_component_entropy_bits,7.953810171956858
octonion,public_oA,,minimum_component_entropy_bits,7.9505941009659775
octonion,public_oA,,maximum_component_entropy_bits,7.956467030756448
octonion,public_oA,,mean_component_chi_square,245.59409999999994
norm,public_oA,,distinct_norm_values,251
norm,public_oA,,mean,126.8028
norm,public_oA,,entropy_bits,7.954259984231872
norm,public_oA,,chi_square_uniform,243.10920000000007
norm,public_oA,,chi_square_df,250
quadratic_character,public_oA,-1,count,5018
quadratic_character,public_oA,-1,rate,0.5018
quadratic_character,public_oA,0,count,35
quadratic_character,public_oA,0,rate,0.0035
quadratic_character,public_oA,1,count,4947
quadratic_character,public_oA,1,rate,0.4947
correlation,public_oA,0-1,pearson_correlation,0.011856228583025994
correlation,public_oA,0-2,pearson_correlation,0.0039713488651063784
correlation,public_oA,0-3,pearson_correlation,0.003728596496394658
correlation,public_oA,0-4,pearson_correlation,-0.016075470268409338
correlation,public_oA,0-5,pearson_correlation,-0.015329336357471815
correlation,public_oA,0-6,pearson_correlation,-0.022567755788988113
correlation,public_oA,0-7,pearson_correlation,-0.011824008673397569
correlation,public_oA,1-2,pearson_correlation,-0.019039751536047134
correlation,public_oA,1-3,pearson_correlation,-0.00993681945983951
correlation,public_oA,1-4,pearson_correlation,-0.0120710904207887
correlation,public_oA,1-5,pearson_correlation,-0.020018891063983132
correlation,public_oA,1-6,pearson_correlation,0.006230577896028431
correlation,public_oA,1-7,pearson_correlation,-0.002812565877018639
correlation,public_oA,2-3,pearson_correlation,0.0025230419543009444
correlation,public_oA,2-4,pearson_correlation,0.005375058013786557
correlation,public_oA,2-5,pearson_correlation,0.012644152428882671
correlation,public_oA,2-6,pearson_correlation,-0.005363858019625892
correlation,public_oA,2-7,pearson_correlation,0.002690854305452165
correlation,public_oA,3-4,pearson_correlation,-0.009198018514208026
correlation,public_oA,3-5,pearson_correlation,-0.001574218716376791
correlation,public_oA,3-6,pearson_correlation,0.010426046398727032
correlation,public_oA,3-7,pearson_correlation,-0.0009397755804563267
correlation,public_oA,4-5,pearson_correlation,0.006083072607666394
correlation,public_oA,4-6,pearson_correlation,-0.013413542536133043
correlation,public_oA,4-7,pearson_correlation,-0.018080108710323634
correlation,public_oA,5-6,pearson_correlation,0.008496036969374565
correlation,public_oA,5-7,pearson_correlation,-0.016693691433778267
correlation,public_oA,6-7,pearson_correlation,-0.003104951521465906
octonion,public_oA,,maximum_absolute_pairwise_correlation,0.022567755788988113
octonion,public_oA,,maximum_correlation_pair,a0-a6
octonion,public_oA,,maximum_correlation_signed_value,-0.022567755788988113
octonion,shared_oB,,null_octonion_count,0
octonion,shared_oB,,noninvertible_count,0
octonion,shared_oB,,noninvertible_rate,0.0
component,shared_oB,0,samples,10000
component,shared_oB,0,mean,124.6704
component,shared_oB,0,distinct_values,251
component,shared_oB,0,entropy_bits,7.951227303719746
component,shared_oB,0,maximum_uniform_entropy_bits,7.971543553950772
component,shared_oB,0,chi_square_uniform,285.7792
component,shared_oB,0,chi_square_df,250
component,shared_oB,1,samples,10000
component,shared_oB,1,mean,125.5303
component,shared_oB,1,distinct_values,251
component,shared_oB,1,entropy_bits,7.948658142621017
component,shared_oB,1,maximum_uniform_entropy_bits,7.971543553950772
component,shared_oB,1,chi_square_uniform,316.351
component,shared_oB,1,chi_square_df,250
component,shared_oB,2,samples,10000
component,shared_oB,2,mean,125.0284
component,shared_oB,2,distinct_values,251
component,shared_oB,2,entropy_bits,7.952434107570964
component,shared_oB,2,maximum_uniform_entropy_bits,7.971543553950772
component,shared_oB,2,chi_square_uniform,266.0003999999999
component,shared_oB,2,chi_square_df,250
component,shared_oB,3,samples,10000
component,shared_oB,3,mean,124.5735
component,shared_oB,3,distinct_values,251
component,shared_oB,3,entropy_bits,7.953777877751255
component,shared_oB,3,maximum_uniform_entropy_bits,7.971543553950772
component,shared_oB,3,chi_square_uniform,244.81599999999997
component,shared_oB,3,chi_square_df,250
component,shared_oB,4,samples,10000
component,shared_oB,4,mean,125.1191
component,shared_oB,4,distinct_values,251
component,shared_oB,4,entropy_bits,7.9513591237886425
component,shared_oB,4,maximum_uniform_entropy_bits,7.971543553950772
component,shared_oB,4,chi_square_uniform,281.0102
component,shared_oB,4,chi_square_df,250
component,shared_oB,5,samples,10000
component,shared_oB,5,mean,125.3968
component,shared_oB,5,distinct_values,251
component,shared_oB,5,entropy_bits,7.95118518609338
component,shared_oB,5,maximum_uniform_entropy_bits,7.971543553950772
component,shared_oB,5,chi_square_uniform,278.50019999999984
component,shared_oB,5,chi_square_df,250
component,shared_oB,6,samples,10000
component,shared_oB,6,mean,125.1672
component,shared_oB,6,distinct_values,251
component,shared_oB,6,entropy_bits,7.952136597029457
component,shared_oB,6,maximum_uniform_entropy_bits,7.971543553950772
component,shared_oB,6,chi_square_uniform,265.54859999999985
component,shared_oB,6,chi_square_df,250
component,shared_oB,7,samples,10000
component,shared_oB,7,mean,124.4383
component,shared_oB,7,distinct_values,251
component,shared_oB,7,entropy_bits,7.952647552054459
component,shared_oB,7,maximum_uniform_entropy_bits,7.971543553950772
component,shared_oB,7,chi_square_uniform,262.78759999999994
component,shared_oB,7,chi_square_df,250
octonion,shared_oB,,mean_component_entropy_bits,7.951678236328615
octonion,shared_oB,,minimum_component_entropy_bits,7.948658142621017
octonion,shared_oB,,maximum_component_entropy_bits,7.953777877751255
octonion,shared_oB,,mean_component_chi_square,275.09914999999995
norm,shared_oB,,distinct_norm_values,250
norm,shared_oB,,mean,125.4813
norm,shared_oB,,entropy_bits,7.948072806138656
norm,shared_oB,,chi_square_uniform,285.77919999999983
norm,shared_oB,,chi_square_df,250
quadratic_character,shared_oB,-1,count,4982
quadratic_character,shared_oB,-1,rate,0.4982
quadratic_character,shared_oB,0,count,0
quadratic_character,shared_oB,0,rate,0.0
quadratic_character,shared_oB,1,count,5018
quadratic_character,shared_oB,1,rate,0.5018
correlation,shared_oB,0-1,pearson_correlation,-2.3950420987575942e-05
correlation,shared_oB,0-2,pearson_correlation,-0.008508380592651228
correlation,shared_oB,0-3,pearson_correlation,0.011536420982253241
correlation,shared_oB,0-4,pearson_correlation,0.0035358045352235955
correlation,shared_oB,0-5,pearson_correlation,0.007902449627133611
correlation,shared_oB,0-6,pearson_correlation,0.015219522160228047
correlation,shared_oB,0-7,pearson_correlation,0.011733850715462742
correlation,shared_oB,1-2,pearson_correlation,-0.004512632018334919
correlation,shared_oB,1-3,pearson_correlation,-0.0247837880964618
correlation,shared_oB,1-4,pearson_correlation,-0.0013497115159935274
correlation,shared_oB,1-5,pearson_correlation,-0.013478993516801456
correlation,shared_oB,1-6,pearson_correlation,-0.005842518266584686
correlation,shared_oB,1-7,pearson_correlation,0.0023425578394581942
correlation,shared_oB,2-3,pearson_correlation,-0.02813202975065508
correlation,shared_oB,2-4,pearson_correlation,0.007249202348786748
correlation,shared_oB,2-5,pearson_correlation,0.006344179488000613
correlation,shared_oB,2-6,pearson_correlation,-0.003471439175317752
correlation,shared_oB,2-7,pearson_correlation,0.015130645899534832
correlation,shared_oB,3-4,pearson_correlation,0.014920932433735006
correlation,shared_oB,3-5,pearson_correlation,0.0075673955709121814
correlation,shared_oB,3-6,pearson_correlation,0.003571060750989806
correlation,shared_oB,3-7,pearson_correlation,-0.0013457445709399824
correlation,shared_oB,4-5,pearson_correlation,-0.013624359509353074
correlation,shared_oB,4-6,pearson_correlation,-0.007322577107788992
correlation,shared_oB,4-7,pearson_correlation,0.006721111995162429
correlation,shared_oB,5-6,pearson_correlation,-0.0008103973416665469
correlation,shared_oB,5-7,pearson_correlation,-0.006924537438828395
correlation,shared_oB,6-7,pearson_correlation,0.009639249953859823
octonion,shared_oB,,maximum_absolute_pairwise_correlation,0.02813202975065508
octonion,shared_oB,,maximum_correlation_pair,a2-a3
octonion,shared_oB,,maximum_correlation_signed_value,-0.02813202975065508
octonion,alice_secret_displacement,,null_octonion_count,0
octonion,alice_secret_displacement,,noninvertible_count,50
octonion,alice_secret_displacement,,noninvertible_rate,0.005
component,alice_secret_displacement,0,samples,10000
component,alice_secret_displacement,0,mean,127.2223
component,alice_secret_displacement,0,distinct_values,251
component,alice_secret_displacement,0,entropy_bits,7.949894294912255
component,alice_secret_displacement,0,maximum_uniform_entropy_bits,7.971543553950772
component,alice_secret_displacement,0,chi_square_uniform,300.3873999999999
component,alice_secret_displacement,0,chi_square_df,250
component,alice_secret_displacement,1,samples,10000
component,alice_secret_displacement,1,mean,124.6375
component,alice_secret_displacement,1,distinct_values,251
component,alice_secret_displacement,1,entropy_bits,7.950939981124916
component,alice_secret_displacement,1,maximum_uniform_entropy_bits,7.971543553950772
component,alice_secret_displacement,1,chi_square_uniform,285.0764000000001
component,alice_secret_displacement,1,chi_square_df,250
component,alice_secret_displacement,2,samples,10000
component,alice_secret_displacement,2,mean,125.6497
component,alice_secret_displacement,2,distinct_values,251
component,alice_secret_displacement,2,entropy_bits,7.952068277689084
component,alice_secret_displacement,2,maximum_uniform_entropy_bits,7.971543553950772
component,alice_secret_displacement,2,chi_square_uniform,269.4641999999999
component,alice_secret_displacement,2,chi_square_df,250
component,alice_secret_displacement,3,samples,10000
component,alice_secret_displacement,3,mean,125.26
component,alice_secret_displacement,3,distinct_values,251
component,alice_secret_displacement,3,entropy_bits,7.95530734262648
component,alice_secret_displacement,3,maximum_uniform_entropy_bits,7.971543553950772
component,alice_secret_displacement,3,chi_square_uniform,224.88660000000002
component,alice_secret_displacement,3,chi_square_df,250
component,alice_secret_displacement,4,samples,10000
component,alice_secret_displacement,4,mean,125.6124
component,alice_secret_displacement,4,distinct_values,251
component,alice_secret_displacement,4,entropy_bits,7.954267338884244
component,alice_secret_displacement,4,maximum_uniform_entropy_bits,7.971543553950772
component,alice_secret_displacement,4,chi_square_uniform,236.78399999999996
component,alice_secret_displacement,4,chi_square_df,250
component,alice_secret_displacement,5,samples,10000
component,alice_secret_displacement,5,mean,124.9762
component,alice_secret_displacement,5,distinct_values,251
component,alice_secret_displacement,5,entropy_bits,7.954000313874089
component,alice_secret_displacement,5,maximum_uniform_entropy_bits,7.971543553950772
component,alice_secret_displacement,5,chi_square_uniform,240.49880000000002
component,alice_secret_displacement,5,chi_square_df,250
component,alice_secret_displacement,6,samples,10000
component,alice_secret_displacement,6,mean,124.8399
component,alice_secret_displacement,6,distinct_values,251
component,alice_secret_displacement,6,entropy_bits,7.956763486098522
component,alice_secret_displacement,6,maximum_uniform_entropy_bits,7.971543553950772
component,alice_secret_displacement,6,chi_square_uniform,205.86079999999995
component,alice_secret_displacement,6,chi_square_df,250
component,alice_secret_displacement,7,samples,10000
component,alice_secret_displacement,7,mean,125.3029
component,alice_secret_displacement,7,distinct_values,251
component,alice_secret_displacement,7,entropy_bits,7.953914875345051
component,alice_secret_displacement,7,maximum_uniform_entropy_bits,7.971543553950772
component,alice_secret_displacement,7,chi_square_uniform,244.2135999999997
component,alice_secret_displacement,7,chi_square_df,250
octonion,alice_secret_displacement,,mean_component_entropy_bits,7.95339448881933
octonion,alice_secret_displacement,,minimum_component_entropy_bits,7.949894294912255
octonion,alice_secret_displacement,,maximum_component_entropy_bits,7.956763486098522
octonion,alice_secret_displacement,,mean_component_chi_square,250.89647499999995
norm,alice_secret_displacement,,distinct_norm_values,251
norm,alice_secret_displacement,,mean,126.0553
norm,alice_secret_displacement,,entropy_bits,7.9512766902080765
norm,alice_secret_displacement,,chi_square_uniform,281.61259999999993
norm,alice_secret_displacement,,chi_square_df,250
quadratic_character,alice_secret_displacement,-1,count,5028
quadratic_character,alice_secret_displacement,-1,rate,0.5028
quadratic_character,alice_secret_displacement,0,count,50
quadratic_character,alice_secret_displacement,0,rate,0.005
quadratic_character,alice_secret_displacement,1,count,4922
quadratic_character,alice_secret_displacement,1,rate,0.4922
correlation,alice_secret_displacement,0-1,pearson_correlation,0.013235632317610909
correlation,alice_secret_displacement,0-2,pearson_correlation,-0.003878079195759099
correlation,alice_secret_displacement,0-3,pearson_correlation,-0.008249786443701768
correlation,alice_secret_displacement,0-4,pearson_correlation,0.0038733627557262585
correlation,alice_secret_displacement,0-5,pearson_correlation,0.006212985741901379
correlation,alice_secret_displacement,0-6,pearson_correlation,0.0051232819255809655
correlation,alice_secret_displacement,0-7,pearson_correlation,0.012780861177997652
correlation,alice_secret_displacement,1-2,pearson_correlation,-0.004735142295938408
correlation,alice_secret_displacement,1-3,pearson_correlation,0.004385606805946869
correlation,alice_secret_displacement,1-4,pearson_correlation,-0.01166220200048798
correlation,alice_secret_displacement,1-5,pearson_correlation,-0.010790243214274292
correlation,alice_secret_displacement,1-6,pearson_correlation,-0.012139019243232914
correlation,alice_secret_displacement,1-7,pearson_correlation,-0.0014517431875084642
correlation,alice_secret_displacement,2-3,pearson_correlation,-0.0017864010993957203
correlation,alice_secret_displacement,2-4,pearson_correlation,0.0026819987218516497
correlation,alice_secret_displacement,2-5,pearson_correlation,-0.015817732619343525
correlation,alice_secret_displacement,2-6,pearson_correlation,0.007640905444747377
correlation,alice_secret_displacement,2-7,pearson_correlation,0.014118584757732849
correlation,alice_secret_displacement,3-4,pearson_correlation,0.006710016872172715
correlation,alice_secret_displacement,3-5,pearson_correlation,-0.012808858955495281
correlation,alice_secret_displacement,3-6,pearson_correlation,0.0024568897693568823
correlation,alice_secret_displacement,3-7,pearson_correlation,0.0040615209538554485
correlation,alice_secret_displacement,4-5,pearson_correlation,0.003684541124523066
correlation,alice_secret_displacement,4-6,pearson_correlation,0.010969522007183442
correlation,alice_secret_displacement,4-7,pearson_correlation,-0.0034503033853288075
correlation,alice_secret_displacement,5-6,pearson_correlation,0.00040160867143242113
correlation,alice_secret_displacement,5-7,pearson_correlation,-0.005235663816064432
correlation,alice_secret_displacement,6-7,pearson_correlation,-0.007777899571247303
octonion,alice_secret_displacement,,maximum_absolute_pairwise_correlation,0.015817732619343525
octonion,alice_secret_displacement,,maximum_correlation_pair,a2-a5
octonion,alice_secret_displacement,,maximum_correlation_signed_value,-0.015817732619343525
octonion,bob_secret_displacement,,null_octonion_count,0
octonion,bob_secret_displacement,,noninvertible_count,43
octonion,bob_secret_displacement,,noninvertible_rate,0.0043
component,bob_secret_displacement,0,samples,10000
component,bob_secret_displacement,0,mean,124.7208
component,bob_secret_displacement,0,distinct_values,251
component,bob_secret_displacement,0,entropy_bits,7.954923955876259
component,bob_secret_displacement,0,maximum_uniform_entropy_bits,7.971543553950772
component,bob_secret_displacement,0,chi_square_uniform,228.50099999999992
component,bob_secret_displacement,0,chi_square_df,250
component,bob_secret_displacement,1,samples,10000
component,bob_secret_displacement,1,mean,126.0309
component,bob_secret_displacement,1,distinct_values,251
component,bob_secret_displacement,1,entropy_bits,7.953060884908374
component,bob_secret_displacement,1,maximum_uniform_entropy_bits,7.971543553950772
component,bob_secret_displacement,1,chi_square_uniform,255.20739999999998
component,bob_secret_displacement,1,chi_square_df,250
component,bob_secret_displacement,2,samples,10000
component,bob_secret_displacement,2,mean,124.7961
component,bob_secret_displacement,2,distinct_values,251
component,bob_secret_displacement,2,entropy_bits,7.954217085897837
component,bob_secret_displacement,2,maximum_uniform_entropy_bits,7.971543553950772
component,bob_secret_displacement,2,chi_square_uniform,239.2438
component,bob_secret_displacement,2,chi_square_df,250
component,bob_secret_displacement,3,samples,10000
component,bob_secret_displacement,3,mean,125.7186
component,bob_secret_displacement,3,distinct_values,251
component,bob_secret_displacement,3,entropy_bits,7.949376889117421
component,bob_secret_displacement,3,maximum_uniform_entropy_bits,7.971543553950772
component,bob_secret_displacement,3,chi_square_uniform,306.0600000000002
component,bob_secret_displacement,3,chi_square_df,250
component,bob_secret_displacement,4,samples,10000
component,bob_secret_displacement,4,mean,124.8052
component,bob_secret_displacement,4,distinct_values,251
component,bob_secret_displacement,4,entropy_bits,7.955738189387427
component,bob_secret_displacement,4,maximum_uniform_entropy_bits,7.971543553950772
component,bob_secret_displacement,4,chi_square_uniform,218.86259999999993
component,bob_secret_displacement,4,chi_square_df,250
component,bob_secret_displacement,5,samples,10000
component,bob_secret_displacement,5,mean,125.6035
component,bob_secret_displacement,5,distinct_values,251
component,bob_secret_displacement,5,entropy_bits,7.9565778217708925
component,bob_secret_displacement,5,maximum_uniform_entropy_bits,7.971543553950772
component,bob_secret_displacement,5,chi_square_uniform,207.71819999999994
component,bob_secret_displacement,5,chi_square_df,250
component,bob_secret_displacement,6,samples,10000
component,bob_secret_displacement,6,mean,124.5128
component,bob_secret_displacement,6,distinct_values,251
component,bob_secret_displacement,6,entropy_bits,7.955263810221386
component,bob_secret_displacement,6,maximum_uniform_entropy_bits,7.971543553950772
component,bob_secret_displacement,6,chi_square_uniform,223.22999999999993
component,bob_secret_displacement,6,chi_square_df,250
component,bob_secret_displacement,7,samples,10000
component,bob_secret_displacement,7,mean,124.6714
component,bob_secret_displacement,7,distinct_values,251
component,bob_secret_displacement,7,entropy_bits,7.954567249071645
component,bob_secret_displacement,7,maximum_uniform_entropy_bits,7.971543553950772
component,bob_secret_displacement,7,chi_square_uniform,231.26200000000014
component,bob_secret_displacement,7,chi_square_df,250
octonion,bob_secret_displacement,,mean_component_entropy_bits,7.954215735781405
octonion,bob_secret_displacement,,minimum_component_entropy_bits,7.949376889117421
octonion,bob_secret_displacement,,maximum_component_entropy_bits,7.9565778217708925
octonion,bob_secret_displacement,,mean_component_chi_square,238.760625
norm,bob_secret_displacement,,distinct_norm_values,251
norm,bob_secret_displacement,,mean,126.1421
norm,bob_secret_displacement,,entropy_bits,7.9566153418237775
norm,bob_secret_displacement,,chi_square_uniform,204.95720000000003
norm,bob_secret_displacement,,chi_square_df,250
quadratic_character,bob_secret_displacement,-1,count,4977
quadratic_character,bob_secret_displacement,-1,rate,0.4977
quadratic_character,bob_secret_displacement,0,count,43
quadratic_character,bob_secret_displacement,0,rate,0.0043
quadratic_character,bob_secret_displacement,1,count,4980
quadratic_character,bob_secret_displacement,1,rate,0.498
correlation,bob_secret_displacement,0-1,pearson_correlation,-0.019517710835181192
correlation,bob_secret_displacement,0-2,pearson_correlation,-0.015827729407391643
correlation,bob_secret_displacement,0-3,pearson_correlation,0.0013194062509380604
correlation,bob_secret_displacement,0-4,pearson_correlation,-0.008206981980257634
correlation,bob_secret_displacement,0-5,pearson_correlation,0.011389574917078262
correlation,bob_secret_displacement,0-6,pearson_correlation,0.0016016260759040392
correlation,bob_secret_displacement,0-7,pearson_correlation,-0.011315102133958796
correlation,bob_secret_displacement,1-2,pearson_correlation,-0.0209216850408551
correlation,bob_secret_displacement,1-3,pearson_correlation,-0.00658236135544848
correlation,bob_secret_displacement,1-4,pearson_correlation,0.008543008266579395
correlation,bob_secret_displacement,1-5,pearson_correlation,-0.004898039738894588
correlation,bob_secret_displacement,1-6,pearson_correlation,0.001775249946700224
correlation,bob_secret_displacement,1-7,pearson_correlation,0.0005752167414466724
correlation,bob_secret_displacement,2-3,pearson_correlation,-0.01102717332760245
correlation,bob_secret_displacement,2-4,pearson_correlation,0.017840664285903914
correlation,bob_secret_displacement,2-5,pearson_correlation,0.006923981483082641
correlation,bob_secret_displacement,2-6,pearson_correlation,-0.0029115558878993
correlation,bob_secret_displacement,2-7,pearson_correlation,-0.007140051520734743
correlation,bob_secret_displacement,3-4,pearson_correlation,-0.012886104714136228
correlation,bob_secret_displacement,3-5,pearson_correlation,0.014040094068848024
correlation,bob_secret_displacement,3-6,pearson_correlation,-0.00997045718164711
correlation,bob_secret_displacement,3-7,pearson_correlation,-0.008424626268446991
correlation,bob_secret_displacement,4-5,pearson_correlation,-0.004463882792620472
correlation,bob_secret_displacement,4-6,pearson_correlation,0.0053083241127332105
correlation,bob_secret_displacement,4-7,pearson_correlation,0.020476954471628155
correlation,bob_secret_displacement,5-6,pearson_correlation,0.0030628246872366075
correlation,bob_secret_displacement,5-7,pearson_correlation,-0.0016267000444072685
correlation,bob_secret_displacement,6-7,pearson_correlation,0.011179148833984959
octonion,bob_secret_displacement,,maximum_absolute_pairwise_correlation,0.0209216850408551
octonion,bob_secret_displacement,,maximum_correlation_pair,a1-a2
octonion,bob_secret_displacement,,maximum_correlation_signed_value,-0.0209216850408551
octonion,alice_shifted_argument,,null_octonion_count,0
octonion,alice_shifted_argument,,noninvertible_count,44
octonion,alice_shifted_argument,,noninvertible_rate,0.0044
component,alice_shifted_argument,0,samples,10000
component,alice_shifted_argument,0,mean,124.9091
component,alice_shifted_argument,0,distinct_values,251
component,alice_shifted_argument,0,entropy_bits,7.955269671005424
component,alice_shifted_argument,0,maximum_uniform_entropy_bits,7.971543553950772
component,alice_shifted_argument,0,chi_square_uniform,225.18779999999995
component,alice_shifted_argument,0,chi_square_df,250
component,alice_shifted_argument,1,samples,10000
component,alice_shifted_argument,1,mean,125.0058
component,alice_shifted_argument,1,distinct_values,251
component,alice_shifted_argument,1,entropy_bits,7.954245622635171
component,alice_shifted_argument,1,maximum_uniform_entropy_bits,7.971543553950772
component,alice_shifted_argument,1,chi_square_uniform,240.74979999999994
component,alice_shifted_argument,1,chi_square_df,250
component,alice_shifted_argument,2,samples,10000
component,alice_shifted_argument,2,mean,124.8809
component,alice_shifted_argument,2,distinct_values,251
component,alice_shifted_argument,2,entropy_bits,7.9515219601833635
component,alice_shifted_argument,2,maximum_uniform_entropy_bits,7.971543553950772
component,alice_shifted_argument,2,chi_square_uniform,278.80139999999983
component,alice_shifted_argument,2,chi_square_df,250
component,alice_shifted_argument,3,samples,10000
component,alice_shifted_argument,3,mean,125.41
component,alice_shifted_argument,3,distinct_values,251
component,alice_shifted_argument,3,entropy_bits,7.953850046991886
component,alice_shifted_argument,3,maximum_uniform_entropy_bits,7.971543553950772
component,alice_shifted_argument,3,chi_square_uniform,244.86619999999994
component,alice_shifted_argument,3,chi_square_df,250
component,alice_shifted_argument,4,samples,10000
component,alice_shifted_argument,4,mean,122.6591
component,alice_shifted_argument,4,distinct_values,251
component,alice_shifted_argument,4,entropy_bits,7.9545867451736605
component,alice_shifted_argument,4,maximum_uniform_entropy_bits,7.971543553950772
component,alice_shifted_argument,4,chi_square_uniform,233.87240000000006
component,alice_shifted_argument,4,chi_square_df,250
component,alice_shifted_argument,5,samples,10000
component,alice_shifted_argument,5,mean,125.6645
component,alice_shifted_argument,5,distinct_values,251
component,alice_shifted_argument,5,entropy_bits,7.954742948657298
component,alice_shifted_argument,5,maximum_uniform_entropy_bits,7.971543553950772
component,alice_shifted_argument,5,chi_square_uniform,234.07319999999993
component,alice_shifted_argument,5,chi_square_df,250
component,alice_shifted_argument,6,samples,10000
component,alice_shifted_argument,6,mean,125.3211
component,alice_shifted_argument,6,distinct_values,251
component,alice_shifted_argument,6,entropy_bits,7.952116651037282
component,alice_shifted_argument,6,maximum_uniform_entropy_bits,7.971543553950772
component,alice_shifted_argument,6,chi_square_uniform,268.0084
component,alice_shifted_argument,6,chi_square_df,250
component,alice_shifted_argument,7,samples,10000
component,alice_shifted_argument,7,mean,124.4108
component,alice_shifted_argument,7,distinct_values,251
component,alice_shifted_argument,7,entropy_bits,7.953119587421306
component,alice_shifted_argument,7,maximum_uniform_entropy_bits,7.971543553950772
component,alice_shifted_argument,7,chi_square_uniform,254.15319999999986
component,alice_shifted_argument,7,chi_square_df,250
octonion,alice_shifted_argument,,mean_component_entropy_bits,7.953681654138174
octonion,alice_shifted_argument,,minimum_component_entropy_bits,7.9515219601833635
octonion,alice_shifted_argument,,maximum_component_entropy_bits,7.955269671005424
octonion,alice_shifted_argument,,mean_component_chi_square,247.46404999999993
norm,alice_shifted_argument,,distinct_norm_values,251
norm,alice_shifted_argument,,mean,125.4213
norm,alice_shifted_argument,,entropy_bits,7.952492993466396
norm,alice_shifted_argument,,chi_square_uniform,263.89200000000005
norm,alice_shifted_argument,,chi_square_df,250
quadratic_character,alice_shifted_argument,-1,count,4935
quadratic_character,alice_shifted_argument,-1,rate,0.4935
quadratic_character,alice_shifted_argument,0,count,44
quadratic_character,alice_shifted_argument,0,rate,0.0044
quadratic_character,alice_shifted_argument,1,count,5021
quadratic_character,alice_shifted_argument,1,rate,0.5021
correlation,alice_shifted_argument,0-1,pearson_correlation,-0.005554184084938652
correlation,alice_shifted_argument,0-2,pearson_correlation,0.0034786028997942585
correlation,alice_shifted_argument,0-3,pearson_correlation,-0.011472004950239275
correlation,alice_shifted_argument,0-4,pearson_correlation,0.0068241404508843015
correlation,alice_shifted_argument,0-5,pearson_correlation,0.0044825187550047284
correlation,alice_shifted_argument,0-6,pearson_correlation,0.008915633039806543
correlation,alice_shifted_argument,0-7,pearson_correlation,0.012083908008893684
correlation,alice_shifted_argument,1-2,pearson_correlation,0.0035690189179444155
correlation,alice_shifted_argument,1-3,pearson_correlation,0.021333711285905714
correlation,alice_shifted_argument,1-4,pearson_correlation,0.019277617690916207
correlation,alice_shifted_argument,1-5,pearson_correlation,0.016167124742275857
correlation,alice_shifted_argument,1-6,pearson_correlation,-0.0037834243707158717
correlation,alice_shifted_argument,1-7,pearson_correlation,-0.02642563246085109
correlation,alice_shifted_argument,2-3,pearson_correlation,-0.020563930813275934
correlation,alice_shifted_argument,2-4,pearson_correlation,-0.02183685172096567
correlation,alice_shifted_argument,2-5,pearson_correlation,-0.010714470391612056
correlation,alice_shifted_argument,2-6,pearson_correlation,0.004928222366263445
correlation,alice_shifted_argument,2-7,pearson_correlation,0.00824486721658198
correlation,alice_shifted_argument,3-4,pearson_correlation,0.009780299214259418
correlation,alice_shifted_argument,3-5,pearson_correlation,0.0070213960865719805
correlation,alice_shifted_argument,3-6,pearson_correlation,-0.0022981389771038396
correlation,alice_shifted_argument,3-7,pearson_correlation,0.011736578696003136
correlation,alice_shifted_argument,4-5,pearson_correlation,0.013082676723005142
correlation,alice_shifted_argument,4-6,pearson_correlation,-0.0034361645736931323
correlation,alice_shifted_argument,4-7,pearson_correlation,3.776598247289216e-05
correlation,alice_shifted_argument,5-6,pearson_correlation,-0.009121249856896836
correlation,alice_shifted_argument,5-7,pearson_correlation,0.0012079364030805123
correlation,alice_shifted_argument,6-7,pearson_correlation,0.01660667086711094
octonion,alice_shifted_argument,,maximum_absolute_pairwise_correlation,0.02642563246085109
octonion,alice_shifted_argument,,maximum_correlation_pair,a1-a7
octonion,alice_shifted_argument,,maximum_correlation_signed_value,-0.02642563246085109
octonion,bob_shifted_argument,,null_octonion_count,0
octonion,bob_shifted_argument,,noninvertible_count,48
octonion,bob_shifted_argument,,noninvertible_rate,0.0048
component,bob_shifted_argument,0,samples,10000
component,bob_shifted_argument,0,mean,123.9387
component,bob_shifted_argument,0,distinct_values,251
component,bob_shifted_argument,0,entropy_bits,7.954250710657642
component,bob_shifted_argument,0,maximum_uniform_entropy_bits,7.971543553950772
component,bob_shifted_argument,0,chi_square_uniform,238.44060000000005
component,bob_shifted_argument,0,chi_square_df,250
component,bob_shifted_argument,1,samples,10000
component,bob_shifted_argument,1,mean,124.2657
component,bob_shifted_argument,1,distinct_values,251
component,bob_shifted_argument,1,entropy_bits,7.951873453130971
component,bob_shifted_argument,1,maximum_uniform_entropy_bits,7.971543553950772
component,bob_shifted_argument,1,chi_square_uniform,268.5103999999999
component,bob_shifted_argument,1,chi_square_df,250
component,bob_shifted_argument,2,samples,10000
component,bob_shifted_argument,2,mean,124.7803
component,bob_shifted_argument,2,distinct_values,251
component,bob_shifted_argument,2,entropy_bits,7.955393505700259
component,bob_shifted_argument,2,maximum_uniform_entropy_bits,7.971543553950772
component,bob_shifted_argument,2,chi_square_uniform,219.86659999999992
component,bob_shifted_argument,2,chi_square_df,250
component,bob_shifted_argument,3,samples,10000
component,bob_shifted_argument,3,mean,125.1407
component,bob_shifted_argument,3,distinct_values,251
component,bob_shifted_argument,3,entropy_bits,7.955111836553245
component,bob_shifted_argument,3,maximum_uniform_entropy_bits,7.971543553950772
component,bob_shifted_argument,3,chi_square_uniform,227.69779999999986
component,bob_shifted_argument,3,chi_square_df,250
component,bob_shifted_argument,4,samples,10000
component,bob_shifted_argument,4,mean,126.6711
component,bob_shifted_argument,4,distinct_values,251
component,bob_shifted_argument,4,entropy_bits,7.95285353748219
component,bob_shifted_argument,4,maximum_uniform_entropy_bits,7.971543553950772
component,bob_shifted_argument,4,chi_square_uniform,258.8217999999997
component,bob_shifted_argument,4,chi_square_df,250
component,bob_shifted_argument,5,samples,10000
component,bob_shifted_argument,5,mean,123.5308
component,bob_shifted_argument,5,distinct_values,251
component,bob_shifted_argument,5,entropy_bits,7.952834100852792
component,bob_shifted_argument,5,maximum_uniform_entropy_bits,7.971543553950772
component,bob_shifted_argument,5,chi_square_uniform,256.3619999999999
component,bob_shifted_argument,5,chi_square_df,250
component,bob_shifted_argument,6,samples,10000
component,bob_shifted_argument,6,mean,124.8183
component,bob_shifted_argument,6,distinct_values,251
component,bob_shifted_argument,6,entropy_bits,7.952749178480923
component,bob_shifted_argument,6,maximum_uniform_entropy_bits,7.971543553950772
component,bob_shifted_argument,6,chi_square_uniform,260.4783999999999
component,bob_shifted_argument,6,chi_square_df,250
component,bob_shifted_argument,7,samples,10000
component,bob_shifted_argument,7,mean,125.3606
component,bob_shifted_argument,7,distinct_values,251
component,bob_shifted_argument,7,entropy_bits,7.952862123379418
component,bob_shifted_argument,7,maximum_uniform_entropy_bits,7.971543553950772
component,bob_shifted_argument,7,chi_square_uniform,255.1571999999999
component,bob_shifted_argument,7,chi_square_df,250
octonion,bob_shifted_argument,,mean_component_entropy_bits,7.95349105577968
octonion,bob_shifted_argument,,minimum_component_entropy_bits,7.951873453130971
octonion,bob_shifted_argument,,maximum_component_entropy_bits,7.955393505700259
octonion,bob_shifted_argument,,mean_component_chi_square,248.1668499999999
norm,bob_shifted_argument,,distinct_norm_values,251
norm,bob_shifted_argument,,mean,124.8415
norm,bob_shifted_argument,,entropy_bits,7.954966735901349
norm,bob_shifted_argument,,chi_square_uniform,229.0029999999999
norm,bob_shifted_argument,,chi_square_df,250
quadratic_character,bob_shifted_argument,-1,count,4919
quadratic_character,bob_shifted_argument,-1,rate,0.4919
quadratic_character,bob_shifted_argument,0,count,48
quadratic_character,bob_shifted_argument,0,rate,0.0048
quadratic_character,bob_shifted_argument,1,count,5033
quadratic_character,bob_shifted_argument,1,rate,0.5033
correlation,bob_shifted_argument,0-1,pearson_correlation,0.004427233118415337
correlation,bob_shifted_argument,0-2,pearson_correlation,0.008843945294970611
correlation,bob_shifted_argument,0-3,pearson_correlation,0.002575228207810718
correlation,bob_shifted_argument,0-4,pearson_correlation,-0.0019187174398211295
correlation,bob_shifted_argument,0-5,pearson_correlation,0.0034160964423033016
correlation,bob_shifted_argument,0-6,pearson_correlation,-0.01679135860560178
correlation,bob_shifted_argument,0-7,pearson_correlation,0.0025630644280784233
correlation,bob_shifted_argument,1-2,pearson_correlation,0.003665889851775052
correlation,bob_shifted_argument,1-3,pearson_correlation,-0.01016794969772917
correlation,bob_shifted_argument,1-4,pearson_correlation,-0.018158351365319427
correlation,bob_shifted_argument,1-5,pearson_correlation,0.007905327536157759
correlation,bob_shifted_argument,1-6,pearson_correlation,0.0014867325809600376
correlation,bob_shifted_argument,1-7,pearson_correlation,-0.00655954606425941
correlation,bob_shifted_argument,2-3,pearson_correlation,-0.005545399999891545
correlation,bob_shifted_argument,2-4,pearson_correlation,-0.008176785616510765
correlation,bob_shifted_argument,2-5,pearson_correlation,0.017983192449522508
correlation,bob_shifted_argument,2-6,pearson_correlation,-0.018007858224424293
correlation,bob_shifted_argument,2-7,pearson_correlation,-0.0041081603724054125
correlation,bob_shifted_argument,3-4,pearson_correlation,-0.002724578495347843
correlation,bob_shifted_argument,3-5,pearson_correlation,-0.013687748592482302
correlation,bob_shifted_argument,3-6,pearson_correlation,-0.005491911876124626
correlation,bob_shifted_argument,3-7,pearson_correlation,0.009425000670967139
correlation,bob_shifted_argument,4-5,pearson_correlation,-0.01501164138862399
correlation,bob_shifted_argument,4-6,pearson_correlation,-0.0021689117410162396
correlation,bob_shifted_argument,4-7,pearson_correlation,0.008132388884571367
correlation,bob_shifted_argument,5-6,pearson_correlation,0.002614147302167414
correlation,bob_shifted_argument,5-7,pearson_correlation,-0.016772297879596755
correlation,bob_shifted_argument,6-7,pearson_correlation,-0.02084200904242453
octonion,bob_shifted_argument,,maximum_absolute_pairwise_correlation,0.02084200904242453
octonion,bob_shifted_argument,,maximum_correlation_pair,a6-a7
octonion,bob_shifted_argument,,maximum_correlation_signed_value,-0.02084200904242453
octonion,alice_polynomial_public_input,,null_octonion_count,0
octonion,alice_polynomial_public_input,,noninvertible_count,41
octonion,alice_polynomial_public_input,,noninvertible_rate,0.0041
component,alice_polynomial_public_input,0,samples,10000
component,alice_polynomial_public_input,0,mean,124.9537
component,alice_polynomial_public_input,0,distinct_values,251
component,alice_polynomial_public_input,0,entropy_bits,7.954709490819489
component,alice_polynomial_public_input,0,maximum_uniform_entropy_bits,7.971543553950772
component,alice_polynomial_public_input,0,chi_square_uniform,233.9727999999999
component,alice_polynomial_public_input,0,chi_square_df,250
component,alice_polynomial_public_input,1,samples,10000
component,alice_polynomial_public_input,1,mean,125.5148
component,alice_polynomial_public_input,1,distinct_values,251
component,alice_polynomial_public_input,1,entropy_bits,7.951291658083675
component,alice_polynomial_public_input,1,maximum_uniform_entropy_bits,7.971543553950772
component,alice_polynomial_public_input,1,chi_square_uniform,286.482
component,alice_polynomial_public_input,1,chi_square_df,250
component,alice_polynomial_public_input,2,samples,10000
component,alice_polynomial_public_input,2,mean,124.6118
component,alice_polynomial_public_input,2,distinct_values,251
component,alice_polynomial_public_input,2,entropy_bits,7.952516020199247
component,alice_polynomial_public_input,2,maximum_uniform_entropy_bits,7.971543553950772
component,alice_polynomial_public_input,2,chi_square_uniform,270.26739999999995
component,alice_polynomial_public_input,2,chi_square_df,250
component,alice_polynomial_public_input,3,samples,10000
component,alice_polynomial_public_input,3,mean,124.9013
component,alice_polynomial_public_input,3,distinct_values,251
component,alice_polynomial_public_input,3,entropy_bits,7.951807003271629
component,alice_polynomial_public_input,3,maximum_uniform_entropy_bits,7.971543553950772
component,alice_polynomial_public_input,3,chi_square_uniform,283.1687999999999
component,alice_polynomial_public_input,3,chi_square_df,250
component,alice_polynomial_public_input,4,samples,10000
component,alice_polynomial_public_input,4,mean,123.8034
component,alice_polynomial_public_input,4,distinct_values,251
component,alice_polynomial_public_input,4,entropy_bits,7.954726018982662
component,alice_polynomial_public_input,4,maximum_uniform_entropy_bits,7.971543553950772
component,alice_polynomial_public_input,4,chi_square_uniform,235.22779999999992
component,alice_polynomial_public_input,4,chi_square_df,250
component,alice_polynomial_public_input,5,samples,10000
component,alice_polynomial_public_input,5,mean,124.7645
component,alice_polynomial_public_input,5,distinct_values,251
component,alice_polynomial_public_input,5,entropy_bits,7.950847172868841
component,alice_polynomial_public_input,5,maximum_uniform_entropy_bits,7.971543553950772
component,alice_polynomial_public_input,5,chi_square_uniform,288.79120000000006
component,alice_polynomial_public_input,5,chi_square_df,250
component,alice_polynomial_public_input,6,samples,10000
component,alice_polynomial_public_input,6,mean,124.7142
component,alice_polynomial_public_input,6,distinct_values,251
component,alice_polynomial_public_input,6,entropy_bits,7.948882364809451
component,alice_polynomial_public_input,6,maximum_uniform_entropy_bits,7.971543553950772
component,alice_polynomial_public_input,6,chi_square_uniform,317.7566000000003
component,alice_polynomial_public_input,6,chi_square_df,250
component,alice_polynomial_public_input,7,samples,10000
component,alice_polynomial_public_input,7,mean,124.4719
component,alice_polynomial_public_input,7,distinct_values,251
component,alice_polynomial_public_input,7,entropy_bits,7.951763082665876
component,alice_polynomial_public_input,7,maximum_uniform_entropy_bits,7.971543553950772
component,alice_polynomial_public_input,7,chi_square_uniform,280.6588
component,alice_polynomial_public_input,7,chi_square_df,250
octonion,alice_polynomial_public_input,,mean_component_entropy_bits,7.952067851462608
octonion,alice_polynomial_public_input,,minimum_component_entropy_bits,7.948882364809451
octonion,alice_polynomial_public_input,,maximum_component_entropy_bits,7.954726018982662
octonion,alice_polynomial_public_input,,mean_component_chi_square,274.540675
norm,alice_polynomial_public_input,,distinct_norm_values,251
norm,alice_polynomial_public_input,,mean,126.6141
norm,alice_polynomial_public_input,,entropy_bits,7.952628327819476
norm,alice_polynomial_public_input,,chi_square_uniform,261.3819999999999
norm,alice_polynomial_public_input,,chi_square_df,250
quadratic_character,alice_polynomial_public_input,-1,count,5001
quadratic_character,alice_polynomial_public_input,-1,rate,0.5001
quadratic_character,alice_polynomial_public_input,0,count,41
quadratic_character,alice_polynomial_public_input,0,rate,0.0041
quadratic_character,alice_polynomial_public_input,1,count,4958
quadratic_character,alice_polynomial_public_input,1,rate,0.4958
correlation,alice_polynomial_public_input,0-1,pearson_correlation,0.002970913100916221
correlation,alice_polynomial_public_input,0-2,pearson_correlation,0.01892657287668763
correlation,alice_polynomial_public_input,0-3,pearson_correlation,0.0212866713446462
correlation,alice_polynomial_public_input,0-4,pearson_correlation,0.012635567931026746
correlation,alice_polynomial_public_input,0-5,pearson_correlation,-0.014077474858135918
correlation,alice_polynomial_public_input,0-6,pearson_correlation,-0.018577555168274352
correlation,alice_polynomial_public_input,0-7,pearson_correlation,-0.014191447099803672
correlation,alice_polynomial_public_input,1-2,pearson_correlation,0.014513266736348786
correlation,alice_polynomial_public_input,1-3,pearson_correlation,0.008091315495634393
correlation,alice_polynomial_public_input,1-4,pearson_correlation,0.014276014941725491
correlation,alice_polynomial_public_input,1-5,pearson_correlation,0.010888777396738769
correlation,alice_polynomial_public_input,1-6,pearson_correlation,-0.002362930925426139
correlation,alice_polynomial_public_input,1-7,pearson_correlation,0.03090744544436638
correlation,alice_polynomial_public_input,2-3,pearson_correlation,0.015790495882644688
correlation,alice_polynomial_public_input,2-4,pearson_correlation,0.003690542681836003
correlation,alice_polynomial_public_input,2-5,pearson_correlation,0.01440849985583976
correlation,alice_polynomial_public_input,2-6,pearson_correlation,-0.0018524614422630553
correlation,alice_polynomial_public_input,2-7,pearson_correlation,0.0030812896411124852
correlation,alice_polynomial_public_input,3-4,pearson_correlation,0.0115724128420952
correlation,alice_polynomial_public_input,3-5,pearson_correlation,-0.003564602882614256
correlation,alice_polynomial_public_input,3-6,pearson_correlation,0.005168543468872675
correlation,alice_polynomial_public_input,3-7,pearson_correlation,-0.00175152197443511
correlation,alice_polynomial_public_input,4-5,pearson_correlation,-0.008642932930715726
correlation,alice_polynomial_public_input,4-6,pearson_correlation,0.012713184902767028
correlation,alice_polynomial_public_input,4-7,pearson_correlation,0.011904898453679208
correlation,alice_polynomial_public_input,5-6,pearson_correlation,0.006988378201034112
correlation,alice_polynomial_public_input,5-7,pearson_correlation,0.011791027116148104
correlation,alice_polynomial_public_input,6-7,pearson_correlation,0.0037041148855395207
octonion,alice_polynomial_public_input,,maximum_absolute_pairwise_correlation,0.03090744544436638
octonion,alice_polynomial_public_input,,maximum_correlation_pair,a1-a7
octonion,alice_polynomial_public_input,,maximum_correlation_signed_value,0.03090744544436638
octonion,alice_polynomial_shifted_input,,null_octonion_count,0
octonion,alice_polynomial_shifted_input,,noninvertible_count,40
octonion,alice_polynomial_shifted_input,,noninvertible_rate,0.004
component,alice_polynomial_shifted_input,0,samples,10000
component,alice_polynomial_shifted_input,0,mean,125.0094
component,alice_polynomial_shifted_input,0,distinct_values,251
component,alice_polynomial_shifted_input,0,entropy_bits,7.9561737875783995
component,alice_polynomial_shifted_input,0,maximum_uniform_entropy_bits,7.971543553950772
component,alice_polynomial_shifted_input,0,chi_square_uniform,212.5876000000001
component,alice_polynomial_shifted_input,0,chi_square_df,250
component,alice_polynomial_shifted_input,1,samples,10000
component,alice_polynomial_shifted_input,1,mean,124.9402
component,alice_polynomial_shifted_input,1,distinct_values,251
component,alice_polynomial_shifted_input,1,entropy_bits,7.953260211244417
component,alice_polynomial_shifted_input,1,maximum_uniform_entropy_bits,7.971543553950772
component,alice_polynomial_shifted_input,1,chi_square_uniform,259.9764
component,alice_polynomial_shifted_input,1,chi_square_df,250
component,alice_polynomial_shifted_input,2,samples,10000
component,alice_polynomial_shifted_input,2,mean,124.4764
component,alice_polynomial_shifted_input,2,distinct_values,251
component,alice_polynomial_shifted_input,2,entropy_bits,7.952125738173686
component,alice_polynomial_shifted_input,2,maximum_uniform_entropy_bits,7.971543553950772
component,alice_polynomial_shifted_input,2,chi_square_uniform,274.4842000000001
component,alice_polynomial_shifted_input,2,chi_square_df,250
component,alice_polynomial_shifted_input,3,samples,10000
component,alice_polynomial_shifted_input,3,mean,122.9451
component,alice_polynomial_shifted_input,3,distinct_values,251
component,alice_polynomial_shifted_input,3,entropy_bits,7.951836823548919
component,alice_polynomial_shifted_input,3,maximum_uniform_entropy_bits,7.971543553950772
component,alice_polynomial_shifted_input,3,chi_square_uniform,275.68899999999996
component,alice_polynomial_shifted_input,3,chi_square_df,250
component,alice_polynomial_shifted_input,4,samples,10000
component,alice_polynomial_shifted_input,4,mean,124.3662
component,alice_polynomial_shifted_input,4,distinct_values,251
component,alice_polynomial_shifted_input,4,entropy_bits,7.951683706950073
component,alice_polynomial_shifted_input,4,maximum_uniform_entropy_bits,7.971543553950772
component,alice_polynomial_shifted_input,4,chi_square_uniform,280.50819999999993
component,alice_polynomial_shifted_input,4,chi_square_df,250
component,alice_polynomial_shifted_input,5,samples,10000
component,alice_polynomial_shifted_input,5,mean,124.5106
component,alice_polynomial_shifted_input,5,distinct_values,251
component,alice_polynomial_shifted_input,5,entropy_bits,7.952017349995079
component,alice_polynomial_shifted_input,5,maximum_uniform_entropy_bits,7.971543553950772
component,alice_polynomial_shifted_input,5,chi_square_uniform,274.48419999999993
component,alice_polynomial_shifted_input,5,chi_square_df,250
component,alice_polynomial_shifted_input,6,samples,10000
component,alice_polynomial_shifted_input,6,mean,122.1043
component,alice_polynomial_shifted_input,6,distinct_values,251
component,alice_polynomial_shifted_input,6,entropy_bits,7.949738948342952
component,alice_polynomial_shifted_input,6,maximum_uniform_entropy_bits,7.971543553950772
component,alice_polynomial_shifted_input,6,chi_square_uniform,307.8672000000002
component,alice_polynomial_shifted_input,6,chi_square_df,250
component,alice_polynomial_shifted_input,7,samples,10000
component,alice_polynomial_shifted_input,7,mean,124.8335
component,alice_polynomial_shifted_input,7,distinct_values,251
component,alice_polynomial_shifted_input,7,entropy_bits,7.950474232738015
component,alice_polynomial_shifted_input,7,maximum_uniform_entropy_bits,7.971543553950772
component,alice_polynomial_shifted_input,7,chi_square_uniform,296.92359999999985
component,alice_polynomial_shifted_input,7,chi_square_df,250
octonion,alice_polynomial_shifted_input,,mean_component_entropy_bits,7.952163849821442
octonion,alice_polynomial_shifted_input,,minimum_component_entropy_bits,7.949738948342952
octonion,alice_polynomial_shifted_input,,maximum_component_entropy_bits,7.9561737875783995
octonion,alice_polynomial_shifted_input,,mean_component_chi_square,272.81505
norm,alice_polynomial_shifted_input,,distinct_norm_values,251
norm,alice_polynomial_shifted_input,,mean,125.2119
norm,alice_polynomial_shifted_input,,entropy_bits,7.95410699533873
norm,alice_polynomial_shifted_input,,chi_square_uniform,243.46060000000006
norm,alice_polynomial_shifted_input,,chi_square_df,250
quadratic_character,alice_polynomial_shifted_input,-1,count,4923
quadratic_character,alice_polynomial_shifted_input,-1,rate,0.4923
quadratic_character,alice_polynomial_shifted_input,0,count,40
quadratic_character,alice_polynomial_shifted_input,0,rate,0.004
quadratic_character,alice_polynomial_shifted_input,1,count,5037
quadratic_character,alice_polynomial_shifted_input,1,rate,0.5037
correlation,alice_polynomial_shifted_input,0-1,pearson_correlation,-0.01200848662692967
correlation,alice_polynomial_shifted_input,0-2,pearson_correlation,-0.015613690894058771
correlation,alice_polynomial_shifted_input,0-3,pearson_correlation,-0.00025413622512912966
correlation,alice_polynomial_shifted_input,0-4,pearson_correlation,0.0006182122364453352
correlation,alice_polynomial_shifted_input,0-5,pearson_correlation,0.017258046182747056
correlation,alice_polynomial_shifted_input,0-6,pearson_correlation,-0.021753085841419002
correlation,alice_polynomial_shifted_input,0-7,pearson_correlation,0.007267687542892741
correlation,alice_polynomial_shifted_input,1-2,pearson_correlation,0.0019987261266151313
correlation,alice_polynomial_shifted_input,1-3,pearson_correlation,0.008833815452392807
correlation,alice_polynomial_shifted_input,1-4,pearson_correlation,0.015173025773282693
correlation,alice_polynomial_shifted_input,1-5,pearson_correlation,0.016796761887895285
correlation,alice_polynomial_shifted_input,1-6,pearson_correlation,0.010179955671119758
correlation,alice_polynomial_shifted_input,1-7,pearson_correlation,0.020413104170856875
correlation,alice_polynomial_shifted_input,2-3,pearson_correlation,0.016633316097981042
correlation,alice_polynomial_shifted_input,2-4,pearson_correlation,-0.012389494413435042
correlation,alice_polynomial_shifted_input,2-5,pearson_correlation,0.016582018947586038
correlation,alice_polynomial_shifted_input,2-6,pearson_correlation,-0.001866536081749286
correlation,alice_polynomial_shifted_input,2-7,pearson_correlation,0.0022127149065720086
correlation,alice_polynomial_shifted_input,3-4,pearson_correlation,0.0008661692459334102
correlation,alice_polynomial_shifted_input,3-5,pearson_correlation,0.019161221405679687
correlation,alice_polynomial_shifted_input,3-6,pearson_correlation,-0.005572828807126533
correlation,alice_polynomial_shifted_input,3-7,pearson_correlation,0.013441326476748209
correlation,alice_polynomial_shifted_input,4-5,pearson_correlation,0.008278897661071438
correlation,alice_polynomial_shifted_input,4-6,pearson_correlation,0.010495930655842358
correlation,alice_polynomial_shifted_input,4-7,pearson_correlation,0.02927685446613669
correlation,alice_polynomial_shifted_input,5-6,pearson_correlation,0.01584647891339848
correlation,alice_polynomial_shifted_input,5-7,pearson_correlation,-0.013959975040370625
correlation,alice_polynomial_shifted_input,6-7,pearson_correlation,7.68380272668718e-05
octonion,alice_polynomial_shifted_input,,maximum_absolute_pairwise_correlation,0.02927685446613669
octonion,alice_polynomial_shifted_input,,maximum_correlation_pair,a4-a7
octonion,alice_polynomial_shifted_input,,maximum_correlation_signed_value,0.02927685446613669
octonion,bob_polynomial_public_input,,null_octonion_count,0
octonion,bob_polynomial_public_input,,noninvertible_count,40
octonion,bob_polynomial_public_input,,noninvertible_rate,0.004
component,bob_polynomial_public_input,0,samples,10000
component,bob_polynomial_public_input,0,mean,124.7502
component,bob_polynomial_public_input,0,distinct_values,251
component,bob_polynomial_public_input,0,entropy_bits,7.9525492697239635
component,bob_polynomial_public_input,0,maximum_uniform_entropy_bits,7.971543553950772
component,bob_polynomial_public_input,0,chi_square_uniform,264.1932
component,bob_polynomial_public_input,0,chi_square_df,250
component,bob_polynomial_public_input,1,samples,10000
component,bob_polynomial_public_input,1,mean,124.5571
component,bob_polynomial_public_input,1,distinct_values,251
component,bob_polynomial_public_input,1,entropy_bits,7.9509478495990535
component,bob_polynomial_public_input,1,maximum_uniform_entropy_bits,7.971543553950772
component,bob_polynomial_public_input,1,chi_square_uniform,294.8152
component,bob_polynomial_public_input,1,chi_square_df,250
component,bob_polynomial_public_input,2,samples,10000
component,bob_polynomial_public_input,2,mean,124.7891
component,bob_polynomial_public_input,2,distinct_values,251
component,bob_polynomial_public_input,2,entropy_bits,7.948937617437087
component,bob_polynomial_public_input,2,maximum_uniform_entropy_bits,7.971543553950772
component,bob_polynomial_public_input,2,chi_square_uniform,320.26660000000015
component,bob_polynomial_public_input,2,chi_square_df,250
component,bob_polynomial_public_input,3,samples,10000
component,bob_polynomial_public_input,3,mean,124.1624
component,bob_polynomial_public_input,3,distinct_values,251
component,bob_polynomial_public_input,3,entropy_bits,7.950383543489456
component,bob_polynomial_public_input,3,maximum_uniform_entropy_bits,7.971543553950772
component,bob_polynomial_public_input,3,chi_square_uniform,305.0560000000002
component,bob_polynomial_public_input,3,chi_square_df,250
component,bob_polynomial_public_input,4,samples,10000
component,bob_polynomial_public_input,4,mean,126.1351
component,bob_polynomial_public_input,4,distinct_values,251
component,bob_polynomial_public_input,4,entropy_bits,7.951834206807809
component,bob_polynomial_public_input,4,maximum_uniform_entropy_bits,7.971543553950772
component,bob_polynomial_public_input,4,chi_square_uniform,273.2794
component,bob_polynomial_public_input,4,chi_square_df,250
component,bob_polynomial_public_input,5,samples,10000
component,bob_polynomial_public_input,5,mean,125.1213
component,bob_polynomial_public_input,5,distinct_values,251
component,bob_polynomial_public_input,5,entropy_bits,7.950515882290126
component,bob_polynomial_public_input,5,maximum_uniform_entropy_bits,7.971543553950772
component,bob_polynomial_public_input,5,chi_square_uniform,293.30919999999986
component,bob_polynomial_public_input,5,chi_square_df,250
component,bob_polynomial_public_input,6,samples,10000
component,bob_polynomial_public_input,6,mean,124.8675
component,bob_polynomial_public_input,6,distinct_values,251
component,bob_polynomial_public_input,6,entropy_bits,7.951741457257375
component,bob_polynomial_public_input,6,maximum_uniform_entropy_bits,7.971543553950772
component,bob_polynomial_public_input,6,chi_square_uniform,278.90179999999964
component,bob_polynomial_public_input,6,chi_square_df,250
component,bob_polynomial_public_input,7,samples,10000
component,bob_polynomial_public_input,7,mean,125.6507
component,bob_polynomial_public_input,7,distinct_values,251
component,bob_polynomial_public_input,7,entropy_bits,7.952434707447807
component,bob_polynomial_public_input,7,maximum_uniform_entropy_bits,7.971543553950772
component,bob_polynomial_public_input,7,chi_square_uniform,272.57660000000016
component,bob_polynomial_public_input,7,chi_square_df,250
octonion,bob_polynomial_public_input,,mean_component_entropy_bits,7.951168066756584
octonion,bob_polynomial_public_input,,minimum_component_entropy_bits,7.948937617437087
octonion,bob_polynomial_public_input,,maximum_component_entropy_bits,7.9525492697239635
octonion,bob_polynomial_public_input,,mean_component_chi_square,287.79975
norm,bob_polynomial_public_input,,distinct_norm_values,251
norm,bob_polynomial_public_input,,mean,125.3116
norm,bob_polynomial_public_input,,entropy_bits,7.957186645386787
norm,bob_polynomial_public_input,,chi_square_uniform,198.07979999999995
norm,bob_polynomial_public_input,,chi_square_df,250
quadratic_character,bob_polynomial_public_input,-1,count,5000
quadratic_character,bob_polynomial_public_input,-1,rate,0.5
quadratic_character,bob_polynomial_public_input,0,count,40
quadratic_character,bob_polynomial_public_input,0,rate,0.004
quadratic_character,bob_polynomial_public_input,1,count,4960
quadratic_character,bob_polynomial_public_input,1,rate,0.496
correlation,bob_polynomial_public_input,0-1,pearson_correlation,-0.013383498971381113
correlation,bob_polynomial_public_input,0-2,pearson_correlation,0.0007964344505729478
correlation,bob_polynomial_public_input,0-3,pearson_correlation,-0.013578448618462859
correlation,bob_polynomial_public_input,0-4,pearson_correlation,-0.005860859950886709
correlation,bob_polynomial_public_input,0-5,pearson_correlation,-0.00123314165730366
correlation,bob_polynomial_public_input,0-6,pearson_correlation,0.007439239168610486
correlation,bob_polynomial_public_input,0-7,pearson_correlation,0.027970076105868304
correlation,bob_polynomial_public_input,1-2,pearson_correlation,0.01323917029102187
correlation,bob_polynomial_public_input,1-3,pearson_correlation,0.03170154878152135
correlation,bob_polynomial_public_input,1-4,pearson_correlation,0.012047350018622985
correlation,bob_polynomial_public_input,1-5,pearson_correlation,0.006161793775345126
correlation,bob_polynomial_public_input,1-6,pearson_correlation,0.011479435907511623
correlation,bob_polynomial_public_input,1-7,pearson_correlation,0.006002159443227669
correlation,bob_polynomial_public_input,2-3,pearson_correlation,0.006417945957242095
correlation,bob_polynomial_public_input,2-4,pearson_correlation,0.002409918469852603
correlation,bob_polynomial_public_input,2-5,pearson_correlation,0.007809934370869921
correlation,bob_polynomial_public_input,2-6,pearson_correlation,0.01626928795372824
correlation,bob_polynomial_public_input,2-7,pearson_correlation,0.017496803116405224
correlation,bob_polynomial_public_input,3-4,pearson_correlation,0.00901669201040516
correlation,bob_polynomial_public_input,3-5,pearson_correlation,0.006375661747207544
correlation,bob_polynomial_public_input,3-6,pearson_correlation,0.011992617145053043
correlation,bob_polynomial_public_input,3-7,pearson_correlation,-0.0004724097837402245
correlation,bob_polynomial_public_input,4-5,pearson_correlation,0.013428331633315749
correlation,bob_polynomial_public_input,4-6,pearson_correlation,0.019094872245958915
correlation,bob_polynomial_public_input,4-7,pearson_correlation,0.018521752528450276
correlation,bob_polynomial_public_input,5-6,pearson_correlation,0.007534103040109794
correlation,bob_polynomial_public_input,5-7,pearson_correlation,0.017527491462055046
correlation,bob_polynomial_public_input,6-7,pearson_correlation,0.007131855259590245
octonion,bob_polynomial_public_input,,maximum_absolute_pairwise_correlation,0.03170154878152135
octonion,bob_polynomial_public_input,,maximum_correlation_pair,a1-a3
octonion,bob_polynomial_public_input,,maximum_correlation_signed_value,0.03170154878152135
octonion,bob_polynomial_shifted_input,,null_octonion_count,0
octonion,bob_polynomial_shifted_input,,noninvertible_count,47
octonion,bob_polynomial_shifted_input,,noninvertible_rate,0.0047
component,bob_polynomial_shifted_input,0,samples,10000
component,bob_polynomial_shifted_input,0,mean,124.6296
component,bob_polynomial_shifted_input,0,distinct_values,251
component,bob_polynomial_shifted_input,0,entropy_bits,7.95232970723077
component,bob_polynomial_shifted_input,0,maximum_uniform_entropy_bits,7.971543553950772
component,bob_polynomial_shifted_input,0,chi_square_uniform,266.2514
component,bob_polynomial_shifted_input,0,chi_square_df,250
component,bob_polynomial_shifted_input,1,samples,10000
component,bob_polynomial_shifted_input,1,mean,126.2172
component,bob_polynomial_shifted_input,1,distinct_values,251
component,bob_polynomial_shifted_input,1,entropy_bits,7.949621072609615
component,bob_polynomial_shifted_input,1,maximum_uniform_entropy_bits,7.971543553950772
component,bob_polynomial_shifted_input,1,chi_square_uniform,313.2386
component,bob_polynomial_shifted_input,1,chi_square_df,250
component,bob_polynomial_shifted_input,2,samples,10000
component,bob_polynomial_shifted_input,2,mean,124.4585
component,bob_polynomial_shifted_input,2,distinct_values,251
component,bob_polynomial_shifted_input,2,entropy_bits,7.952277667647694
component,bob_polynomial_shifted_input,2,maximum_uniform_entropy_bits,7.971543553950772
component,bob_polynomial_shifted_input,2,chi_square_uniform,275.33759999999995
component,bob_polynomial_shifted_input,2,chi_square_df,250
component,bob_polynomial_shifted_input,3,samples,10000
component,bob_polynomial_shifted_input,3,mean,125.0471
component,bob_polynomial_shifted_input,3,distinct_values,251
component,bob_polynomial_shifted_input,3,entropy_bits,7.9519372124934335
component,bob_polynomial_shifted_input,3,maximum_uniform_entropy_bits,7.971543553950772
component,bob_polynomial_shifted_input,3,chi_square_uniform,282.66679999999985
component,bob_polynomial_shifted_input,3,chi_square_df,250
component,bob_polynomial_shifted_input,4,samples,10000
component,bob_polynomial_shifted_input,4,mean,124.3772
component,bob_polynomial_shifted_input,4,distinct_values,251
component,bob_polynomial_shifted_input,4,entropy_bits,7.952133893575357
component,bob_polynomial_shifted_input,4,maximum_uniform_entropy_bits,7.971543553950772
component,bob_polynomial_shifted_input,4,chi_square_uniform,275.38779999999997
component,bob_polynomial_shifted_input,4,chi_square_df,250
component,bob_polynomial_shifted_input,5,samples,10000
component,bob_polynomial_shifted_input,5,mean,124.0252
component,bob_polynomial_shifted_input,5,distinct_values,251
component,bob_polynomial_shifted_input,5,entropy_bits,7.951437247279252
component,bob_polynomial_shifted_input,5,maximum_uniform_entropy_bits,7.971543553950772
component,bob_polynomial_shifted_input,5,chi_square_uniform,286.1306000000001
component,bob_polynomial_shifted_input,5,chi_square_df,250
component,bob_polynomial_shifted_input,6,samples,10000
component,bob_polynomial_shifted_input,6,mean,124.1549
component,bob_polynomial_shifted_input,6,distinct_values,251
component,bob_polynomial_shifted_input,6,entropy_bits,7.949107414676297
component,bob_polynomial_shifted_input,6,maximum_uniform_entropy_bits,7.971543553950772
component,bob_polynomial_shifted_input,6,chi_square_uniform,312.3852
component,bob_polynomial_shifted_input,6,chi_square_df,250
component,bob_polynomial_shifted_input,7,samples,10000
component,bob_polynomial_shifted_input,7,mean,124.9715
component,bob_polynomial_shifted_input,7,distinct_values,251
component,bob_polynomial_shifted_input,7,entropy_bits,7.952743209382019
component,bob_polynomial_shifted_input,7,maximum_uniform_entropy_bits,7.971543553950772
component,bob_polynomial_shifted_input,7,chi_square_uniform,272.6268000000001
component,bob_polynomial_shifted_input,7,chi_square_df,250
octonion,bob_polynomial_shifted_input,,mean_component_entropy_bits,7.951448428111805
octonion,bob_polynomial_shifted_input,,minimum_component_entropy_bits,7.949107414676297
octonion,bob_polynomial_shifted_input,,maximum_component_entropy_bits,7.952743209382019
octonion,bob_polynomial_shifted_input,,mean_component_chi_square,285.5031
norm,bob_polynomial_shifted_input,,distinct_norm_values,251
norm,bob_polynomial_shifted_input,,mean,124.6785
norm,bob_polynomial_shifted_input,,entropy_bits,7.953574376311937
norm,bob_polynomial_shifted_input,,chi_square_uniform,247.82800000000006
norm,bob_polynomial_shifted_input,,chi_square_df,250
quadratic_character,bob_polynomial_shifted_input,-1,count,4891
quadratic_character,bob_polynomial_shifted_input,-1,rate,0.4891
quadratic_character,bob_polynomial_shifted_input,0,count,47
quadratic_character,bob_polynomial_shifted_input,0,rate,0.0047
quadratic_character,bob_polynomial_shifted_input,1,count,5062
quadratic_character,bob_polynomial_shifted_input,1,rate,0.5062
correlation,bob_polynomial_shifted_input,0-1,pearson_correlation,-0.01458059757496317
correlation,bob_polynomial_shifted_input,0-2,pearson_correlation,-0.0003558254921264215
correlation,bob_polynomial_shifted_input,0-3,pearson_correlation,-0.017695938386294525
correlation,bob_polynomial_shifted_input,0-4,pearson_correlation,-0.0006710569739991177
correlation,bob_polynomial_shifted_input,0-5,pearson_correlation,0.013443454597295065
correlation,bob_polynomial_shifted_input,0-6,pearson_correlation,-0.02033562430479185
correlation,bob_polynomial_shifted_input,0-7,pearson_correlation,-0.009139267300913972
correlation,bob_polynomial_shifted_input,1-2,pearson_correlation,0.0048637474795008
correlation,bob_polynomial_shifted_input,1-3,pearson_correlation,0.014154682967133726
correlation,bob_polynomial_shifted_input,1-4,pearson_correlation,-0.003883234746359736
correlation,bob_polynomial_shifted_input,1-5,pearson_correlation,0.026587126263587856
correlation,bob_polynomial_shifted_input,1-6,pearson_correlation,0.014590663617413095
correlation,bob_polynomial_shifted_input,1-7,pearson_correlation,0.011102396384115091
correlation,bob_polynomial_shifted_input,2-3,pearson_correlation,-0.001951908623910607
correlation,bob_polynomial_shifted_input,2-4,pearson_correlation,0.01003279259816517
correlation,bob_polynomial_shifted_input,2-5,pearson_correlation,0.004470190934899033
correlation,bob_polynomial_shifted_input,2-6,pearson_correlation,0.024675711278540378
correlation,bob_polynomial_shifted_input,2-7,pearson_correlation,0.010499869405027869
correlation,bob_polynomial_shifted_input,3-4,pearson_correlation,0.006489688598785505
correlation,bob_polynomial_shifted_input,3-5,pearson_correlation,0.01148181137047502
correlation,bob_polynomial_shifted_input,3-6,pearson_correlation,0.011390527570412035
correlation,bob_polynomial_shifted_input,3-7,pearson_correlation,0.007971353727741343
correlation,bob_polynomial_shifted_input,4-5,pearson_correlation,0.006230055521701996
correlation,bob_polynomial_shifted_input,4-6,pearson_correlation,0.026645471157339458
correlation,bob_polynomial_shifted_input,4-7,pearson_correlation,0.01389050612054311
correlation,bob_polynomial_shifted_input,5-6,pearson_correlation,0.01783442381425358
correlation,bob_polynomial_shifted_input,5-7,pearson_correlation,-0.0036741903598394485
correlation,bob_polynomial_shifted_input,6-7,pearson_correlation,0.009682169994013366
octonion,bob_polynomial_shifted_input,,maximum_absolute_pairwise_correlation,0.026645471157339458
octonion,bob_polynomial_shifted_input,,maximum_correlation_pair,a4-a6
octonion,bob_polynomial_shifted_input,,maximum_correlation_signed_value,0.026645471157339458
octonion,alice_power_public_input,,null_octonion_count,0
octonion,alice_power_public_input,,noninvertible_count,41
octonion,alice_power_public_input,,noninvertible_rate,0.0041
component,alice_power_public_input,0,samples,10000
component,alice_power_public_input,0,mean,123.5691
component,alice_power_public_input,0,distinct_values,251
component,alice_power_public_input,0,entropy_bits,7.942129165981366
component,alice_power_public_input,0,maximum_uniform_entropy_bits,7.971543553950772
component,alice_power_public_input,0,chi_square_uniform,476.0874000000003
component,alice_power_public_input,0,chi_square_df,250
component,alice_power_public_input,1,samples,10000
component,alice_power_public_input,1,mean,121.7586
component,alice_power_public_input,1,distinct_values,251
component,alice_power_public_input,1,entropy_bits,7.9107740454920314
component,alice_power_public_input,1,maximum_uniform_entropy_bits,7.971543553950772
component,alice_power_public_input,1,chi_square_uniform,1704.1802000000012
component,alice_power_public_input,1,chi_square_df,250
component,alice_power_public_input,2,samples,10000
component,alice_power_public_input,2,mean,122.2398
component,alice_power_public_input,2,distinct_values,251
component,alice_power_public_input,2,entropy_bits,7.905600050904422
component,alice_power_public_input,2,maximum_uniform_entropy_bits,7.971543553950772
component,alice_power_public_input,2,chi_square_uniform,1748.6071999999997
component,alice_power_public_input,2,chi_square_df,250
component,alice_power_public_input,3,samples,10000
component,alice_power_public_input,3,mean,122.8948
component,alice_power_public_input,3,distinct_values,251
component,alice_power_public_input,3,entropy_bits,7.909803744372601
component,alice_power_public_input,3,maximum_uniform_entropy_bits,7.971543553950772
component,alice_power_public_input,3,chi_square_uniform,1711.358799999998
component,alice_power_public_input,3,chi_square_df,250
component,alice_power_public_input,4,samples,10000
component,alice_power_public_input,4,mean,122.0958
component,alice_power_public_input,4,distinct_values,251
component,alice_power_public_input,4,entropy_bits,7.912812608969415
component,alice_power_public_input,4,maximum_uniform_entropy_bits,7.971543553950772
component,alice_power_public_input,4,chi_square_uniform,1523.5104
component,alice_power_public_input,4,chi_square_df,250
component,alice_power_public_input,5,samples,10000
component,alice_power_public_input,5,mean,123.3099
component,alice_power_public_input,5,distinct_values,251
component,alice_power_public_input,5,entropy_bits,7.909603080173729
component,alice_power_public_input,5,maximum_uniform_entropy_bits,7.971543553950772
component,alice_power_public_input,5,chi_square_uniform,1615.9788000000008
component,alice_power_public_input,5,chi_square_df,250
component,alice_power_public_input,6,samples,10000
component,alice_power_public_input,6,mean,121.7434
component,alice_power_public_input,6,distinct_values,251
component,alice_power_public_input,6,entropy_bits,7.9100398968454195
component,alice_power_public_input,6,maximum_uniform_entropy_bits,7.971543553950772
component,alice_power_public_input,6,chi_square_uniform,1650.7171999999991
component,alice_power_public_input,6,chi_square_df,250
component,alice_power_public_input,7,samples,10000
component,alice_power_public_input,7,mean,121.2873
component,alice_power_public_input,7,distinct_values,251
component,alice_power_public_input,7,entropy_bits,7.90857936162228
component,alice_power_public_input,7,maximum_uniform_entropy_bits,7.971543553950772
component,alice_power_public_input,7,chi_square_uniform,1700.565800000002
component,alice_power_public_input,7,chi_square_df,250
octonion,alice_power_public_input,,mean_component_entropy_bits,7.913667744295158
octonion,alice_power_public_input,,minimum_component_entropy_bits,7.905600050904422
octonion,alice_power_public_input,,maximum_component_entropy_bits,7.942129165981366
octonion,alice_power_public_input,,mean_component_chi_square,1516.375725
norm,alice_power_public_input,,distinct_norm_values,251
norm,alice_power_public_input,,mean,120.2213
norm,alice_power_public_input,,entropy_bits,7.655593758855715
norm,alice_power_public_input,,chi_square_uniform,5131.434599999997
norm,alice_power_public_input,,chi_square_df,250
quadratic_character,alice_power_public_input,-1,count,2509
quadratic_character,alice_power_public_input,-1,rate,0.2509
quadratic_character,alice_power_public_input,0,count,41
quadratic_character,alice_power_public_input,0,rate,0.0041
quadratic_character,alice_power_public_input,1,count,7450
quadratic_character,alice_power_public_input,1,rate,0.745
correlation,alice_power_public_input,0-1,pearson_correlation,0.0029988923510299637
correlation,alice_power_public_input,0-2,pearson_correlation,-0.004754129217274456
correlation,alice_power_public_input,0-3,pearson_correlation,0.008136493491786072
correlation,alice_power_public_input,0-4,pearson_correlation,0.0098611108909943
correlation,alice_power_public_input,0-5,pearson_correlation,0.0002101388157576221
correlation,alice_power_public_input,0-6,pearson_correlation,0.007791265525554772
correlation,alice_power_public_input,0-7,pearson_correlation,0.005148676690013952
correlation,alice_power_public_input,1-2,pearson_correlation,0.05395482872545917
correlation,alice_power_public_input,1-3,pearson_correlation,0.07391003995282268
correlation,alice_power_public_input,1-4,pearson_correlation,0.0673304713655283
correlation,alice_power_public_input,1-5,pearson_correlation,0.052814982996078924
correlation,alice_power_public_input,1-6,pearson_correlation,0.05327443843668192
correlation,alice_power_public_input,1-7,pearson_correlation,0.05640831075330832
correlation,alice_power_public_input,2-3,pearson_correlation,0.04804838200634712
correlation,alice_power_public_input,2-4,pearson_correlation,0.0517406059526465
correlation,alice_power_public_input,2-5,pearson_correlation,0.06743327988750965
correlation,alice_power_public_input,2-6,pearson_correlation,0.06843452916250015
correlation,alice_power_public_input,2-7,pearson_correlation,0.03769912144424993
correlation,alice_power_public_input,3-4,pearson_correlation,0.061595722921865485
correlation,alice_power_public_input,3-5,pearson_correlation,0.06736024632966334
correlation,alice_power_public_input,3-6,pearson_correlation,0.05348124123084938
correlation,alice_power_public_input,3-7,pearson_correlation,0.05704232413544996
correlation,alice_power_public_input,4-5,pearson_correlation,0.0679444404245308
correlation,alice_power_public_input,4-6,pearson_correlation,0.059804877824788064
correlation,alice_power_public_input,4-7,pearson_correlation,0.0598858892123419
correlation,alice_power_public_input,5-6,pearson_correlation,0.0750757436552339
correlation,alice_power_public_input,5-7,pearson_correlation,0.055053200087683524
correlation,alice_power_public_input,6-7,pearson_correlation,0.07853374707143063
octonion,alice_power_public_input,,maximum_absolute_pairwise_correlation,0.07853374707143063
octonion,alice_power_public_input,,maximum_correlation_pair,a6-a7
octonion,alice_power_public_input,,maximum_correlation_signed_value,0.07853374707143063
octonion,alice_power_shifted_input,,null_octonion_count,0
octonion,alice_power_shifted_input,,noninvertible_count,40
octonion,alice_power_shifted_input,,noninvertible_rate,0.004
component,alice_power_shifted_input,0,samples,10000
component,alice_power_shifted_input,0,mean,123.4045
component,alice_power_shifted_input,0,distinct_values,251
component,alice_power_shifted_input,0,entropy_bits,7.942758762727373
component,alice_power_shifted_input,0,maximum_uniform_entropy_bits,7.971543553950772
component,alice_power_shifted_input,0,chi_square_uniform,445.16420000000045
component,alice_power_shifted_input,0,chi_square_df,250
component,alice_power_shifted_input,1,samples,10000
component,alice_power_shifted_input,1,mean,121.3005
component,alice_power_shifted_input,1,distinct_values,251
component,alice_power_shifted_input,1,entropy_bits,7.8986298975648745
component,alice_power_shifted_input,1,maximum_uniform_entropy_bits,7.971543553950772
component,alice_power_shifted_input,1,chi_square_uniform,2081.1822000000016
component,alice_power_shifted_input,1,chi_square_df,250
component,alice_power_shifted_input,2,samples,10000
component,alice_power_shifted_input,2,mean,121.6518
component,alice_power_shifted_input,2,distinct_values,251
component,alice_power_shifted_input,2,entropy_bits,7.902338131386961
component,alice_power_shifted_input,2,maximum_uniform_entropy_bits,7.971543553950772
component,alice_power_shifted_input,2,chi_square_uniform,2017.8799999999992
component,alice_power_shifted_input,2,chi_square_df,250
component,alice_power_shifted_input,3,samples,10000
component,alice_power_shifted_input,3,mean,121.7972
component,alice_power_shifted_input,3,distinct_values,251
component,alice_power_shifted_input,3,entropy_bits,7.904474354793756
component,alice_power_shifted_input,3,maximum_uniform_entropy_bits,7.971543553950772
component,alice_power_shifted_input,3,chi_square_uniform,1925.712800000001
component,alice_power_shifted_input,3,chi_square_df,250
component,alice_power_shifted_input,4,samples,10000
component,alice_power_shifted_input,4,mean,121.7388
component,alice_power_shifted_input,4,distinct_values,251
component,alice_power_shifted_input,4,entropy_bits,7.90089828636291
component,alice_power_shifted_input,4,maximum_uniform_entropy_bits,7.971543553950772
component,alice_power_shifted_input,4,chi_square_uniform,2035.0985999999996
component,alice_power_shifted_input,4,chi_square_df,250
component,alice_power_shifted_input,5,samples,10000
component,alice_power_shifted_input,5,mean,121.1962
component,alice_power_shifted_input,5,distinct_values,251
component,alice_power_shifted_input,5,entropy_bits,7.900976298264274
component,alice_power_shifted_input,5,maximum_uniform_entropy_bits,7.971543553950772
component,alice_power_shifted_input,5,chi_square_uniform,1969.8887999999984
component,alice_power_shifted_input,5,chi_square_df,250
component,alice_power_shifted_input,6,samples,10000
component,alice_power_shifted_input,6,mean,121.895
component,alice_power_shifted_input,6,distinct_values,251
component,alice_power_shifted_input,6,entropy_bits,7.899801029157265
component,alice_power_shifted_input,6,maximum_uniform_entropy_bits,7.971543553950772
component,alice_power_shifted_input,6,chi_square_uniform,2096.593600000001
component,alice_power_shifted_input,6,chi_square_df,250
component,alice_power_shifted_input,7,samples,10000
component,alice_power_shifted_input,7,mean,121.2773
component,alice_power_shifted_input,7,distinct_values,251
component,alice_power_shifted_input,7,entropy_bits,7.90023990818867
component,alice_power_shifted_input,7,maximum_uniform_entropy_bits,7.971543553950772
component,alice_power_shifted_input,7,chi_square_uniform,2069.0840000000007
component,alice_power_shifted_input,7,chi_square_df,250
octonion,alice_power_shifted_input,,mean_component_entropy_bits,7.90626458355576
octonion,alice_power_shifted_input,,minimum_component_entropy_bits,7.8986298975648745
octonion,alice_power_shifted_input,,maximum_component_entropy_bits,7.942758762727373
octonion,alice_power_shifted_input,,mean_component_chi_square,1830.0755250000002
norm,alice_power_shifted_input,,distinct_norm_values,251
norm,alice_power_shifted_input,,mean,120.4662
norm,alice_power_shifted_input,,entropy_bits,7.655847953558681
norm,alice_power_shifted_input,,chi_square_uniform,5187.056200000001
norm,alice_power_shifted_input,,chi_square_df,250
quadratic_character,alice_power_shifted_input,-1,count,2478
quadratic_character,alice_power_shifted_input,-1,rate,0.2478
quadratic_character,alice_power_shifted_input,0,count,40
quadratic_character,alice_power_shifted_input,0,rate,0.004
quadratic_character,alice_power_shifted_input,1,count,7482
quadratic_character,alice_power_shifted_input,1,rate,0.7482
correlation,alice_power_shifted_input,0-1,pearson_correlation,0.005982231806567934
correlation,alice_power_shifted_input,0-2,pearson_correlation,0.017517264246001266
correlation,alice_power_shifted_input,0-3,pearson_correlation,-0.004441863771012483
correlation,alice_power_shifted_input,0-4,pearson_correlation,0.014436272708623328
correlation,alice_power_shifted_input,0-5,pearson_correlation,0.00756608482075095
correlation,alice_power_shifted_input,0-6,pearson_correlation,0.001522577217019366
correlation,alice_power_shifted_input,0-7,pearson_correlation,-0.0019181129115825467
correlation,alice_power_shifted_input,1-2,pearson_correlation,0.07409471842999468
correlation,alice_power_shifted_input,1-3,pearson_correlation,0.07856611242849527
correlation,alice_power_shifted_input,1-4,pearson_correlation,0.09124195532343565
correlation,alice_power_shifted_input,1-5,pearson_correlation,0.07557405874300295
correlation,alice_power_shifted_input,1-6,pearson_correlation,0.07529829037413494
correlation,alice_power_shifted_input,1-7,pearson_correlation,0.05847972366311863
correlation,alice_power_shifted_input,2-3,pearson_correlation,0.07772957125368495
correlation,alice_power_shifted_input,2-4,pearson_correlation,0.07667290221544425
correlation,alice_power_shifted_input,2-5,pearson_correlation,0.07928438786889713
correlation,alice_power_shifted_input,2-6,pearson_correlation,0.0843325979077625
correlation,alice_power_shifted_input,2-7,pearson_correlation,0.06166777687855081
correlation,alice_power_shifted_input,3-4,pearson_correlation,0.08939146069605819
correlation,alice_power_shifted_input,3-5,pearson_correlation,0.07709169837812971
correlation,alice_power_shifted_input,3-6,pearson_correlation,0.07867433604316917
correlation,alice_power_shifted_input,3-7,pearson_correlation,0.07591263010408845
correlation,alice_power_shifted_input,4-5,pearson_correlation,0.08525182600076386
correlation,alice_power_shifted_input,4-6,pearson_correlation,0.0609710522883924
correlation,alice_power_shifted_input,4-7,pearson_correlation,0.07181375817103541
correlation,alice_power_shifted_input,5-6,pearson_correlation,0.07504442820003092
correlation,alice_power_shifted_input,5-7,pearson_correlation,0.08305386123138397
correlation,alice_power_shifted_input,6-7,pearson_correlation,0.06877440980164533
octonion,alice_power_shifted_input,,maximum_absolute_pairwise_correlation,0.09124195532343565
octonion,alice_power_shifted_input,,maximum_correlation_pair,a1-a4
octonion,alice_power_shifted_input,,maximum_correlation_signed_value,0.09124195532343565
octonion,bob_power_public_input,,null_octonion_count,0
octonion,bob_power_public_input,,noninvertible_count,40
octonion,bob_power_public_input,,noninvertible_rate,0.004
component,bob_power_public_input,0,samples,10000
component,bob_power_public_input,0,mean,124.8489
component,bob_power_public_input,0,distinct_values,251
component,bob_power_public_input,0,entropy_bits,7.943515471274543
component,bob_power_public_input,0,maximum_uniform_entropy_bits,7.971543553950772
component,bob_power_public_input,0,chi_square_uniform,423.77900000000005
component,bob_power_public_input,0,chi_square_df,250
component,bob_power_public_input,1,samples,10000
component,bob_power_public_input,1,mean,121.5138
component,bob_power_public_input,1,distinct_values,251
component,bob_power_public_input,1,entropy_bits,7.901045363567882
component,bob_power_public_input,1,maximum_uniform_entropy_bits,7.971543553950772
component,bob_power_public_input,1,chi_square_uniform,1996.5951999999988
component,bob_power_public_input,1,chi_square_df,250
component,bob_power_public_input,2,samples,10000
component,bob_power_public_input,2,mean,120.7693
component,bob_power_public_input,2,distinct_values,251
component,bob_power_public_input,2,entropy_bits,7.901031918819363
component,bob_power_public_input,2,maximum_uniform_entropy_bits,7.971543553950772
component,bob_power_public_input,2,chi_square_uniform,1966.3246000000015
component,bob_power_public_input,2,chi_square_df,250
component,bob_power_public_input,3,samples,10000
component,bob_power_public_input,3,mean,122.1837
component,bob_power_public_input,3,distinct_values,251
component,bob_power_public_input,3,entropy_bits,7.901463651114585
component,bob_power_public_input,3,maximum_uniform_entropy_bits,7.971543553950772
component,bob_power_public_input,3,chi_square_uniform,2007.8399999999992
component,bob_power_public_input,3,chi_square_df,250
component,bob_power_public_input,4,samples,10000
component,bob_power_public_input,4,mean,121.5143
component,bob_power_public_input,4,distinct_values,251
component,bob_power_public_input,4,entropy_bits,7.906238542123994
component,bob_power_public_input,4,maximum_uniform_entropy_bits,7.971543553950772
component,bob_power_public_input,4,chi_square_uniform,1792.0803999999976
component,bob_power_public_input,4,chi_square_df,250
component,bob_power_public_input,5,samples,10000
component,bob_power_public_input,5,mean,121.9302
component,bob_power_public_input,5,distinct_values,251
component,bob_power_public_input,5,entropy_bits,7.906269892022401
component,bob_power_public_input,5,maximum_uniform_entropy_bits,7.971543553950772
component,bob_power_public_input,5,chi_square_uniform,1827.571799999999
component,bob_power_public_input,5,chi_square_df,250
component,bob_power_public_input,6,samples,10000
component,bob_power_public_input,6,mean,123.8301
component,bob_power_public_input,6,distinct_values,251
component,bob_power_public_input,6,entropy_bits,7.905460258895171
component,bob_power_public_input,6,maximum_uniform_entropy_bits,7.971543553950772
component,bob_power_public_input,6,chi_square_uniform,1873.002799999999
component,bob_power_public_input,6,chi_square_df,250
component,bob_power_public_input,7,samples,10000
component,bob_power_public_input,7,mean,121.6071
component,bob_power_public_input,7,distinct_values,251
component,bob_power_public_input,7,entropy_bits,7.901566836156424
component,bob_power_public_input,7,maximum_uniform_entropy_bits,7.971543553950772
component,bob_power_public_input,7,chi_square_uniform,1972.5493999999992
component,bob_power_public_input,7,chi_square_df,250
octonion,bob_power_public_input,,mean_component_entropy_bits,7.908323991746795
octonion,bob_power_public_input,,minimum_component_entropy_bits,7.901031918819363
octonion,bob_power_public_input,,maximum_component_entropy_bits,7.943515471274543
octonion,bob_power_public_input,,mean_component_chi_square,1732.4678999999994
norm,bob_power_public_input,,distinct_norm_values,251
norm,bob_power_public_input,,mean,121.839
norm,bob_power_public_input,,entropy_bits,7.659280642490817
norm,bob_power_public_input,,chi_square_uniform,4998.354400000001
norm,bob_power_public_input,,chi_square_df,250
quadratic_character,bob_power_public_input,-1,count,2518
quadratic_character,bob_power_public_input,-1,rate,0.2518
quadratic_character,bob_power_public_input,0,count,40
quadratic_character,bob_power_public_input,0,rate,0.004
quadratic_character,bob_power_public_input,1,count,7442
quadratic_character,bob_power_public_input,1,rate,0.7442
correlation,bob_power_public_input,0-1,pearson_correlation,0.005185333838068946
correlation,bob_power_public_input,0-2,pearson_correlation,0.01627430544995004
correlation,bob_power_public_input,0-3,pearson_correlation,-0.009564287605609241
correlation,bob_power_public_input,0-4,pearson_correlation,0.0020428492586272657
correlation,bob_power_public_input,0-5,pearson_correlation,0.011798468316892389
correlation,bob_power_public_input,0-6,pearson_correlation,0.001983709828320546
correlation,bob_power_public_input,0-7,pearson_correlation,0.01495083474002533
correlation,bob_power_public_input,1-2,pearson_correlation,0.05686832556636724
correlation,bob_power_public_input,1-3,pearson_correlation,0.07116138180700189
correlation,bob_power_public_input,1-4,pearson_correlation,0.06753041072591594
correlation,bob_power_public_input,1-5,pearson_correlation,0.07223598331645367
correlation,bob_power_public_input,1-6,pearson_correlation,0.08764991792716134
correlation,bob_power_public_input,1-7,pearson_correlation,0.070557722642944
correlation,bob_power_public_input,2-3,pearson_correlation,0.0718686860215
correlation,bob_power_public_input,2-4,pearson_correlation,0.078438923857315
correlation,bob_power_public_input,2-5,pearson_correlation,0.06242127439767995
correlation,bob_power_public_input,2-6,pearson_correlation,0.0760047004879231
correlation,bob_power_public_input,2-7,pearson_correlation,0.06614517223963155
correlation,bob_power_public_input,3-4,pearson_correlation,0.07387962085937924
correlation,bob_power_public_input,3-5,pearson_correlation,0.06617512262395224
correlation,bob_power_public_input,3-6,pearson_correlation,0.08081365407643877
correlation,bob_power_public_input,3-7,pearson_correlation,0.0933416504948233
correlation,bob_power_public_input,4-5,pearson_correlation,0.060760499269534834
correlation,bob_power_public_input,4-6,pearson_correlation,0.0718533237966221
correlation,bob_power_public_input,4-7,pearson_correlation,0.05328767025813986
correlation,bob_power_public_input,5-6,pearson_correlation,0.06998013138076888
correlation,bob_power_public_input,5-7,pearson_correlation,0.09059270987382602
correlation,bob_power_public_input,6-7,pearson_correlation,0.08333104542681603
octonion,bob_power_public_input,,maximum_absolute_pairwise_correlation,0.0933416504948233
octonion,bob_power_public_input,,maximum_correlation_pair,a3-a7
octonion,bob_power_public_input,,maximum_correlation_signed_value,0.0933416504948233
octonion,bob_power_shifted_input,,null_octonion_count,0
octonion,bob_power_shifted_input,,noninvertible_count,47
octonion,bob_power_shifted_input,,noninvertible_rate,0.0047
component,bob_power_shifted_input,0,samples,10000
component,bob_power_shifted_input,0,mean,123.271
component,bob_power_shifted_input,0,distinct_values,251
component,bob_power_shifted_input,0,entropy_bits,7.9406539231005455
component,bob_power_shifted_input,0,maximum_uniform_entropy_bits,7.971543553950772
component,bob_power_shifted_input,0,chi_square_uniform,491.8502000000002
component,bob_power_shifted_input,0,chi_square_df,250
component,bob_power_shifted_input,1,samples,10000
component,bob_power_shifted_input,1,mean,122.4608
component,bob_power_shifted_input,1,distinct_values,251
component,bob_power_shifted_input,1,entropy_bits,7.903482084872981
component,bob_power_shifted_input,1,maximum_uniform_entropy_bits,7.971543553950772
component,bob_power_shifted_input,1,chi_square_uniform,1952.6702000000005
component,bob_power_shifted_input,1,chi_square_df,250
component,bob_power_shifted_input,2,samples,10000
component,bob_power_shifted_input,2,mean,122.1079
component,bob_power_shifted_input,2,distinct_values,251
component,bob_power_shifted_input,2,entropy_bits,7.902319116688313
component,bob_power_shifted_input,2,maximum_uniform_entropy_bits,7.971543553950772
component,bob_power_shifted_input,2,chi_square_uniform,1886.4062000000008
component,bob_power_shifted_input,2,chi_square_df,250
component,bob_power_shifted_input,3,samples,10000
component,bob_power_shifted_input,3,mean,122.223
component,bob_power_shifted_input,3,distinct_values,251
component,bob_power_shifted_input,3,entropy_bits,7.903671990084111
component,bob_power_shifted_input,3,maximum_uniform_entropy_bits,7.971543553950772
component,bob_power_shifted_input,3,chi_square_uniform,1969.7381999999982
component,bob_power_shifted_input,3,chi_square_df,250
component,bob_power_shifted_input,4,samples,10000
component,bob_power_shifted_input,4,mean,120.5652
component,bob_power_shifted_input,4,distinct_values,251
component,bob_power_shifted_input,4,entropy_bits,7.9055765913177005
component,bob_power_shifted_input,4,maximum_uniform_entropy_bits,7.971543553950772
component,bob_power_shifted_input,4,chi_square_uniform,1880.3319999999999
component,bob_power_shifted_input,4,chi_square_df,250
component,bob_power_shifted_input,5,samples,10000
component,bob_power_shifted_input,5,mean,120.5953
component,bob_power_shifted_input,5,distinct_values,251
component,bob_power_shifted_input,5,entropy_bits,7.906774980256263
component,bob_power_shifted_input,5,maximum_uniform_entropy_bits,7.971543553950772
component,bob_power_shifted_input,5,chi_square_uniform,1845.2924000000016
component,bob_power_shifted_input,5,chi_square_df,250
component,bob_power_shifted_input,6,samples,10000
component,bob_power_shifted_input,6,mean,122.4374
component,bob_power_shifted_input,6,distinct_values,251
component,bob_power_shifted_input,6,entropy_bits,7.909601412699726
component,bob_power_shifted_input,6,maximum_uniform_entropy_bits,7.971543553950772
component,bob_power_shifted_input,6,chi_square_uniform,1834.8006000000032
component,bob_power_shifted_input,6,chi_square_df,250
component,bob_power_shifted_input,7,samples,10000
component,bob_power_shifted_input,7,mean,120.2707
component,bob_power_shifted_input,7,distinct_values,251
component,bob_power_shifted_input,7,entropy_bits,7.9031620869652555
component,bob_power_shifted_input,7,maximum_uniform_entropy_bits,7.971543553950772
component,bob_power_shifted_input,7,chi_square_uniform,1953.0717999999997
component,bob_power_shifted_input,7,chi_square_df,250
octonion,bob_power_shifted_input,,mean_component_entropy_bits,7.909405273248112
octonion,bob_power_shifted_input,,minimum_component_entropy_bits,7.902319116688313
octonion,bob_power_shifted_input,,maximum_component_entropy_bits,7.9406539231005455
octonion,bob_power_shifted_input,,mean_component_chi_square,1726.7702000000006
norm,bob_power_shifted_input,,distinct_norm_values,251
norm,bob_power_shifted_input,,mean,119.768
norm,bob_power_shifted_input,,entropy_bits,7.634589110848962
norm,bob_power_shifted_input,,chi_square_uniform,5393.7296
norm,bob_power_shifted_input,,chi_square_df,250
quadratic_character,bob_power_shifted_input,-1,count,2392
quadratic_character,bob_power_shifted_input,-1,rate,0.2392
quadratic_character,bob_power_shifted_input,0,count,47
quadratic_character,bob_power_shifted_input,0,rate,0.0047
quadratic_character,bob_power_shifted_input,1,count,7561
quadratic_character,bob_power_shifted_input,1,rate,0.7561
correlation,bob_power_shifted_input,0-1,pearson_correlation,0.010239463412349072
correlation,bob_power_shifted_input,0-2,pearson_correlation,0.012996455453013327
correlation,bob_power_shifted_input,0-3,pearson_correlation,0.021736340949377795
correlation,bob_power_shifted_input,0-4,pearson_correlation,0.012499834307944796
correlation,bob_power_shifted_input,0-5,pearson_correlation,0.010124932960496767
correlation,bob_power_shifted_input,0-6,pearson_correlation,0.008721585094011051
correlation,bob_power_shifted_input,0-7,pearson_correlation,0.01520561586860399
correlation,bob_power_shifted_input,1-2,pearson_correlation,0.06665335952095203
correlation,bob_power_shifted_input,1-3,pearson_correlation,0.06739378260839408
correlation,bob_power_shifted_input,1-4,pearson_correlation,0.08178827348560688
correlation,bob_power_shifted_input,1-5,pearson_correlation,0.07941965671482135
correlation,bob_power_shifted_input,1-6,pearson_correlation,0.06683450401707583
correlation,bob_power_shifted_input,1-7,pearson_correlation,0.08165503996339192
correlation,bob_power_shifted_input,2-3,pearson_correlation,0.057242114620794336
correlation,bob_power_shifted_input,2-4,pearson_correlation,0.06334725510468395
correlation,bob_power_shifted_input,2-5,pearson_correlation,0.08180248204366583
correlation,bob_power_shifted_input,2-6,pearson_correlation,0.058587402973575946
correlation,bob_power_shifted_input,2-7,pearson_correlation,0.06734291706654953
correlation,bob_power_shifted_input,3-4,pearson_correlation,0.0714131070632968
correlation,bob_power_shifted_input,3-5,pearson_correlation,0.0748815115941176
correlation,bob_power_shifted_input,3-6,pearson_correlation,0.06341137496327721
correlation,bob_power_shifted_input,3-7,pearson_correlation,0.07037438119730968
correlation,bob_power_shifted_input,4-5,pearson_correlation,0.06253707723001192
correlation,bob_power_shifted_input,4-6,pearson_correlation,0.07869454626497391
correlation,bob_power_shifted_input,4-7,pearson_correlation,0.07738489286401873
correlation,bob_power_shifted_input,5-6,pearson_correlation,0.06366144845111034
correlation,bob_power_shifted_input,5-7,pearson_correlation,0.054189140200484806
correlation,bob_power_shifted_input,6-7,pearson_correlation,0.06462714534332434
octonion,bob_power_shifted_input,,maximum_absolute_pairwise_correlation,0.08180248204366583
octonion,bob_power_shifted_input,,maximum_correlation_pair,a2-a5
octonion,bob_power_shifted_input,,maximum_correlation_signed_value,0.08180248204366583
octonion,alice_autoconvolution,,null_octonion_count,0
octonion,alice_autoconvolution,,noninvertible_count,80
octonion,alice_autoconvolution,,noninvertible_rate,0.008
component,alice_autoconvolution,0,samples,10000
component,alice_autoconvolution,0,mean,124.2108
component,alice_autoconvolution,0,distinct_values,251
component,alice_autoconvolution,0,entropy_bits,7.952853407263457
component,alice_autoconvolution,0,maximum_uniform_entropy_bits,7.971543553950772
component,alice_autoconvolution,0,chi_square_uniform,259.625
component,alice_autoconvolution,0,chi_square_df,250
component,alice_autoconvolution,1,samples,10000
component,alice_autoconvolution,1,mean,124.6009
component,alice_autoconvolution,1,distinct_values,251
component,alice_autoconvolution,1,entropy_bits,7.953795776502767
component,alice_autoconvolution,1,maximum_uniform_entropy_bits,7.971543553950772
component,alice_autoconvolution,1,chi_square_uniform,245.87019999999993
component,alice_autoconvolution,1,chi_square_df,250
component,alice_autoconvolution,2,samples,10000
component,alice_autoconvolution,2,mean,124.6902
component,alice_autoconvolution,2,distinct_values,251
component,alice_autoconvolution,2,entropy_bits,7.950713451428414
component,alice_autoconvolution,2,maximum_uniform_entropy_bits,7.971543553950772
component,alice_autoconvolution,2,chi_square_uniform,294.86540000000014
component,alice_autoconvolution,2,chi_square_df,250
component,alice_autoconvolution,3,samples,10000
component,alice_autoconvolution,3,mean,126.334
component,alice_autoconvolution,3,distinct_values,251
component,alice_autoconvolution,3,entropy_bits,7.95279180431242
component,alice_autoconvolution,3,maximum_uniform_entropy_bits,7.971543553950772
component,alice_autoconvolution,3,chi_square_uniform,263.0386
component,alice_autoconvolution,3,chi_square_df,250
component,alice_autoconvolution,4,samples,10000
component,alice_autoconvolution,4,mean,124.1228
component,alice_autoconvolution,4,distinct_values,251
component,alice_autoconvolution,4,entropy_bits,7.952458815296345
component,alice_autoconvolution,4,maximum_uniform_entropy_bits,7.971543553950772
component,alice_autoconvolution,4,chi_square_uniform,272.32560000000007
component,alice_autoconvolution,4,chi_square_df,250
component,alice_autoconvolution,5,samples,10000
component,alice_autoconvolution,5,mean,124.6631
component,alice_autoconvolution,5,distinct_values,251
component,alice_autoconvolution,5,entropy_bits,7.950833682978813
component,alice_autoconvolution,5,maximum_uniform_entropy_bits,7.971543553950772
component,alice_autoconvolution,5,chi_square_uniform,291.2008000000001
component,alice_autoconvolution,5,chi_square_df,250
component,alice_autoconvolution,6,samples,10000
component,alice_autoconvolution,6,mean,124.3343
component,alice_autoconvolution,6,distinct_values,251
component,alice_autoconvolution,6,entropy_bits,7.953787052004395
component,alice_autoconvolution,6,maximum_uniform_entropy_bits,7.971543553950772
component,alice_autoconvolution,6,chi_square_uniform,253.4002000000001
component,alice_autoconvolution,6,chi_square_df,250
component,alice_autoconvolution,7,samples,10000
component,alice_autoconvolution,7,mean,125.1052
component,alice_autoconvolution,7,distinct_values,251
component,alice_autoconvolution,7,entropy_bits,7.955001438740056
component,alice_autoconvolution,7,maximum_uniform_entropy_bits,7.971543553950772
component,alice_autoconvolution,7,chi_square_uniform,229.00299999999996
component,alice_autoconvolution,7,chi_square_df,250
octonion,alice_autoconvolution,,mean_component_entropy_bits,7.952779428565833
octonion,alice_autoconvolution,,minimum_component_entropy_bits,7.950713451428414
octonion,alice_autoconvolution,,maximum_component_entropy_bits,7.955001438740056
octonion,alice_autoconvolution,,mean_component_chi_square,263.66610000000003
norm,alice_autoconvolution,,distinct_norm_values,251
norm,alice_autoconvolution,,mean,119.4949
norm,alice_autoconvolution,,entropy_bits,7.645262618698715
norm,alice_autoconvolution,,chi_square_uniform,5294.082600000002
norm,alice_autoconvolution,,chi_square_df,250
quadratic_character,alice_autoconvolution,-1,count,2443
quadratic_character,alice_autoconvolution,-1,rate,0.2443
quadratic_character,alice_autoconvolution,0,count,80
quadratic_character,alice_autoconvolution,0,rate,0.008
quadratic_character,alice_autoconvolution,1,count,7477
quadratic_character,alice_autoconvolution,1,rate,0.7477
correlation,alice_autoconvolution,0-1,pearson_correlation,-0.007668388376393696
correlation,alice_autoconvolution,0-2,pearson_correlation,0.006373656079460553
correlation,alice_autoconvolution,0-3,pearson_correlation,0.005849682211891961
correlation,alice_autoconvolution,0-4,pearson_correlation,-0.019017669970582744
correlation,alice_autoconvolution,0-5,pearson_correlation,0.014393084329809902
correlation,alice_autoconvolution,0-6,pearson_correlation,0.009345340665301329
correlation,alice_autoconvolution,0-7,pearson_correlation,0.0016588927315164311
correlation,alice_autoconvolution,1-2,pearson_correlation,0.02144033971721361
correlation,alice_autoconvolution,1-3,pearson_correlation,0.009439923588013795
correlation,alice_autoconvolution,1-4,pearson_correlation,0.014662170953048516
correlation,alice_autoconvolution,1-5,pearson_correlation,0.002695762968946715
correlation,alice_autoconvolution,1-6,pearson_correlation,0.012436405186823598
correlation,alice_autoconvolution,1-7,pearson_correlation,0.01260071063890621
correlation,alice_autoconvolution,2-3,pearson_correlation,0.009852983365041132
correlation,alice_autoconvolution,2-4,pearson_correlation,0.019334595127292107
correlation,alice_autoconvolution,2-5,pearson_correlation,-0.0005721985208966441
correlation,alice_autoconvolution,2-6,pearson_correlation,-0.0001943790118937483
correlation,alice_autoconvolution,2-7,pearson_correlation,0.03346488682133379
correlation,alice_autoconvolution,3-4,pearson_correlation,-0.00026452720278253075
correlation,alice_autoconvolution,3-5,pearson_correlation,0.005468155807000782
correlation,alice_autoconvolution,3-6,pearson_correlation,-0.009394295818941726
correlation,alice_autoconvolution,3-7,pearson_correlation,0.014427516979635485
correlation,alice_autoconvolution,4-5,pearson_correlation,0.019463231694154724
correlation,alice_autoconvolution,4-6,pearson_correlation,0.01275647245801481
correlation,alice_autoconvolution,4-7,pearson_correlation,0.0037742310757067797
correlation,alice_autoconvolution,5-6,pearson_correlation,0.02251148232791151
correlation,alice_autoconvolution,5-7,pearson_correlation,0.0006934630394567161
correlation,alice_autoconvolution,6-7,pearson_correlation,0.0013148732079959384
octonion,alice_autoconvolution,,maximum_absolute_pairwise_correlation,0.03346488682133379
octonion,alice_autoconvolution,,maximum_correlation_pair,a2-a7
octonion,alice_autoconvolution,,maximum_correlation_signed_value,0.03346488682133379
octonion,bob_autoconvolution,,null_octonion_count,0
octonion,bob_autoconvolution,,noninvertible_count,87
octonion,bob_autoconvolution,,noninvertible_rate,0.0087
component,bob_autoconvolution,0,samples,10000
component,bob_autoconvolution,0,mean,124.3821
component,bob_autoconvolution,0,distinct_values,251
component,bob_autoconvolution,0,entropy_bits,7.953101443531425
component,bob_autoconvolution,0,maximum_uniform_entropy_bits,7.971543553950772
component,bob_autoconvolution,0,chi_square_uniform,257.66720000000004
component,bob_autoconvolution,0,chi_square_df,250
component,bob_autoconvolution,1,samples,10000
component,bob_autoconvolution,1,mean,124.9149
component,bob_autoconvolution,1,distinct_values,251
component,bob_autoconvolution,1,entropy_bits,7.953061687028027
component,bob_autoconvolution,1,maximum_uniform_entropy_bits,7.971543553950772
component,bob_autoconvolution,1,chi_square_uniform,259.47439999999995
component,bob_autoconvolution,1,chi_square_df,250
component,bob_autoconvolution,2,samples,10000
component,bob_autoconvolution,2,mean,126.2041
component,bob_autoconvolution,2,distinct_values,251
component,bob_autoconvolution,2,entropy_bits,7.950072621118708
component,bob_autoconvolution,2,maximum_uniform_entropy_bits,7.971543553950772
component,bob_autoconvolution,2,chi_square_uniform,296.6726
component,bob_autoconvolution,2,chi_square_df,250
component,bob_autoconvolution,3,samples,10000
component,bob_autoconvolution,3,mean,124.6483
component,bob_autoconvolution,3,distinct_values,251
component,bob_autoconvolution,3,entropy_bits,7.954189829373919
component,bob_autoconvolution,3,maximum_uniform_entropy_bits,7.971543553950772
component,bob_autoconvolution,3,chi_square_uniform,243.31000000000006
component,bob_autoconvolution,3,chi_square_df,250
component,bob_autoconvolution,4,samples,10000
component,bob_autoconvolution,4,mean,124.9125
component,bob_autoconvolution,4,distinct_values,251
component,bob_autoconvolution,4,entropy_bits,7.95491747783583
component,bob_autoconvolution,4,maximum_uniform_entropy_bits,7.971543553950772
component,bob_autoconvolution,4,chi_square_uniform,230.00699999999992
component,bob_autoconvolution,4,chi_square_df,250
component,bob_autoconvolution,5,samples,10000
component,bob_autoconvolution,5,mean,122.9557
component,bob_autoconvolution,5,distinct_values,251
component,bob_autoconvolution,5,entropy_bits,7.95149518032683
component,bob_autoconvolution,5,maximum_uniform_entropy_bits,7.971543553950772
component,bob_autoconvolution,5,chi_square_uniform,283.11859999999984
component,bob_autoconvolution,5,chi_square_df,250
component,bob_autoconvolution,6,samples,10000
component,bob_autoconvolution,6,mean,123.9376
component,bob_autoconvolution,6,distinct_values,251
component,bob_autoconvolution,6,entropy_bits,7.950927922556909
component,bob_autoconvolution,6,maximum_uniform_entropy_bits,7.971543553950772
component,bob_autoconvolution,6,chi_square_uniform,293.05819999999994
component,bob_autoconvolution,6,chi_square_df,250
component,bob_autoconvolution,7,samples,10000
component,bob_autoconvolution,7,mean,123.6165
component,bob_autoconvolution,7,distinct_values,251
component,bob_autoconvolution,7,entropy_bits,7.9527304136902135
component,bob_autoconvolution,7,maximum_uniform_entropy_bits,7.971543553950772
component,bob_autoconvolution,7,chi_square_uniform,264.54459999999995
component,bob_autoconvolution,7,chi_square_df,250
octonion,bob_autoconvolution,,mean_component_entropy_bits,7.952562071932733
octonion,bob_autoconvolution,,minimum_component_entropy_bits,7.950072621118708
octonion,bob_autoconvolution,,maximum_component_entropy_bits,7.95491747783583
octonion,bob_autoconvolution,,mean_component_chi_square,265.98157499999996
norm,bob_autoconvolution,,distinct_norm_values,251
norm,bob_autoconvolution,,mean,118.6398
norm,bob_autoconvolution,,entropy_bits,7.624057706877505
norm,bob_autoconvolution,,chi_square_uniform,5698.845199999994
norm,bob_autoconvolution,,chi_square_df,250
quadratic_character,bob_autoconvolution,-1,count,2345
quadratic_character,bob_autoconvolution,-1,rate,0.2345
quadratic_character,bob_autoconvolution,0,count,87
quadratic_character,bob_autoconvolution,0,rate,0.0087
quadratic_character,bob_autoconvolution,1,count,7568
quadratic_character,bob_autoconvolution,1,rate,0.7568
correlation,bob_autoconvolution,0-1,pearson_correlation,0.002813114518202422
correlation,bob_autoconvolution,0-2,pearson_correlation,0.017598168566852413
correlation,bob_autoconvolution,0-3,pearson_correlation,0.01975322476117683
correlation,bob_autoconvolution,0-4,pearson_correlation,0.009410198716719912
correlation,bob_autoconvolution,0-5,pearson_correlation,-0.014721035084161666
correlation,bob_autoconvolution,0-6,pearson_correlation,0.014305239458442741
correlation,bob_autoconvolution,0-7,pearson_correlation,0.020493190785288874
correlation,bob_autoconvolution,1-2,pearson_correlation,-0.002490742618681186
correlation,bob_autoconvolution,1-3,pearson_correlation,0.012983708984343392
correlation,bob_autoconvolution,1-4,pearson_correlation,0.027663591233200106
correlation,bob_autoconvolution,1-5,pearson_correlation,0.016499937756372693
correlation,bob_autoconvolution,1-6,pearson_correlation,0.006656712975909775
correlation,bob_autoconvolution,1-7,pearson_correlation,0.022881011633457304
correlation,bob_autoconvolution,2-3,pearson_correlation,0.007871731121487294
correlation,bob_autoconvolution,2-4,pearson_correlation,-0.008829808357768691
correlation,bob_autoconvolution,2-5,pearson_correlation,0.015623218603802596
correlation,bob_autoconvolution,2-6,pearson_correlation,0.0044543878516080755
correlation,bob_autoconvolution,2-7,pearson_correlation,-0.008282579631073046
correlation,bob_autoconvolution,3-4,pearson_correlation,0.0016216294213268932
correlation,bob_autoconvolution,3-5,pearson_correlation,0.007899264516396658
correlation,bob_autoconvolution,3-6,pearson_correlation,0.023685663788732176
correlation,bob_autoconvolution,3-7,pearson_correlation,0.009757553763356741
correlation,bob_autoconvolution,4-5,pearson_correlation,0.003321249309343519
correlation,bob_autoconvolution,4-6,pearson_correlation,0.010600296942152893
correlation,bob_autoconvolution,4-7,pearson_correlation,0.02862772925713444
correlation,bob_autoconvolution,5-6,pearson_correlation,-0.003930220539270777
correlation,bob_autoconvolution,5-7,pearson_correlation,0.02456705975907574
correlation,bob_autoconvolution,6-7,pearson_correlation,0.0066374317010039815
octonion,bob_autoconvolution,,maximum_absolute_pairwise_correlation,0.02862772925713444
octonion,bob_autoconvolution,,maximum_correlation_pair,a4-a7
octonion,bob_autoconvolution,,maximum_correlation_signed_value,0.02862772925713444
octonion,bob_recovered_alice_autoconvolution,,null_octonion_count,0
octonion,bob_recovered_alice_autoconvolution,,noninvertible_count,80
octonion,bob_recovered_alice_autoconvolution,,noninvertible_rate,0.008
component,bob_recovered_alice_autoconvolution,0,samples,10000
component,bob_recovered_alice_autoconvolution,0,mean,124.2108
component,bob_recovered_alice_autoconvolution,0,distinct_values,251
component,bob_recovered_alice_autoconvolution,0,entropy_bits,7.952853407263457
component,bob_recovered_alice_autoconvolution,0,maximum_uniform_entropy_bits,7.971543553950772
component,bob_recovered_alice_autoconvolution,0,chi_square_uniform,259.625
component,bob_recovered_alice_autoconvolution,0,chi_square_df,250
component,bob_recovered_alice_autoconvolution,1,samples,10000
component,bob_recovered_alice_autoconvolution,1,mean,124.6009
component,bob_recovered_alice_autoconvolution,1,distinct_values,251
component,bob_recovered_alice_autoconvolution,1,entropy_bits,7.953795776502767
component,bob_recovered_alice_autoconvolution,1,maximum_uniform_entropy_bits,7.971543553950772
component,bob_recovered_alice_autoconvolution,1,chi_square_uniform,245.87019999999993
component,bob_recovered_alice_autoconvolution,1,chi_square_df,250
component,bob_recovered_alice_autoconvolution,2,samples,10000
component,bob_recovered_alice_autoconvolution,2,mean,124.6902
component,bob_recovered_alice_autoconvolution,2,distinct_values,251
component,bob_recovered_alice_autoconvolution,2,entropy_bits,7.950713451428414
component,bob_recovered_alice_autoconvolution,2,maximum_uniform_entropy_bits,7.971543553950772
component,bob_recovered_alice_autoconvolution,2,chi_square_uniform,294.86540000000014
component,bob_recovered_alice_autoconvolution,2,chi_square_df,250
component,bob_recovered_alice_autoconvolution,3,samples,10000
component,bob_recovered_alice_autoconvolution,3,mean,126.334
component,bob_recovered_alice_autoconvolution,3,distinct_values,251
component,bob_recovered_alice_autoconvolution,3,entropy_bits,7.95279180431242
component,bob_recovered_alice_autoconvolution,3,maximum_uniform_entropy_bits,7.971543553950772
component,bob_recovered_alice_autoconvolution,3,chi_square_uniform,263.0386
component,bob_recovered_alice_autoconvolution,3,chi_square_df,250
component,bob_recovered_alice_autoconvolution,4,samples,10000
component,bob_recovered_alice_autoconvolution,4,mean,124.1228
component,bob_recovered_alice_autoconvolution,4,distinct_values,251
component,bob_recovered_alice_autoconvolution,4,entropy_bits,7.952458815296345
component,bob_recovered_alice_autoconvolution,4,maximum_uniform_entropy_bits,7.971543553950772
component,bob_recovered_alice_autoconvolution,4,chi_square_uniform,272.32560000000007
component,bob_recovered_alice_autoconvolution,4,chi_square_df,250
component,bob_recovered_alice_autoconvolution,5,samples,10000
component,bob_recovered_alice_autoconvolution,5,mean,124.6631
component,bob_recovered_alice_autoconvolution,5,distinct_values,251
component,bob_recovered_alice_autoconvolution,5,entropy_bits,7.950833682978813
component,bob_recovered_alice_autoconvolution,5,maximum_uniform_entropy_bits,7.971543553950772
component,bob_recovered_alice_autoconvolution,5,chi_square_uniform,291.2008000000001
component,bob_recovered_alice_autoconvolution,5,chi_square_df,250
component,bob_recovered_alice_autoconvolution,6,samples,10000
component,bob_recovered_alice_autoconvolution,6,mean,124.3343
component,bob_recovered_alice_autoconvolution,6,distinct_values,251
component,bob_recovered_alice_autoconvolution,6,entropy_bits,7.953787052004395
component,bob_recovered_alice_autoconvolution,6,maximum_uniform_entropy_bits,7.971543553950772
component,bob_recovered_alice_autoconvolution,6,chi_square_uniform,253.4002000000001
component,bob_recovered_alice_autoconvolution,6,chi_square_df,250
component,bob_recovered_alice_autoconvolution,7,samples,10000
component,bob_recovered_alice_autoconvolution,7,mean,125.1052
component,bob_recovered_alice_autoconvolution,7,distinct_values,251
component,bob_recovered_alice_autoconvolution,7,entropy_bits,7.955001438740056
component,bob_recovered_alice_autoconvolution,7,maximum_uniform_entropy_bits,7.971543553950772
component,bob_recovered_alice_autoconvolution,7,chi_square_uniform,229.00299999999996
component,bob_recovered_alice_autoconvolution,7,chi_square_df,250
octonion,bob_recovered_alice_autoconvolution,,mean_component_entropy_bits,7.952779428565833
octonion,bob_recovered_alice_autoconvolution,,minimum_component_entropy_bits,7.950713451428414
octonion,bob_recovered_alice_autoconvolution,,maximum_component_entropy_bits,7.955001438740056
octonion,bob_recovered_alice_autoconvolution,,mean_component_chi_square,263.66610000000003
norm,bob_recovered_alice_autoconvolution,,distinct_norm_values,251
norm,bob_recovered_alice_autoconvolution,,mean,119.4949
norm,bob_recovered_alice_autoconvolution,,entropy_bits,7.645262618698715
norm,bob_recovered_alice_autoconvolution,,chi_square_uniform,5294.082600000002
norm,bob_recovered_alice_autoconvolution,,chi_square_df,250
quadratic_character,bob_recovered_alice_autoconvolution,-1,count,2443
quadratic_character,bob_recovered_alice_autoconvolution,-1,rate,0.2443
quadratic_character,bob_recovered_alice_autoconvolution,0,count,80
quadratic_character,bob_recovered_alice_autoconvolution,0,rate,0.008
quadratic_character,bob_recovered_alice_autoconvolution,1,count,7477
quadratic_character,bob_recovered_alice_autoconvolution,1,rate,0.7477
correlation,bob_recovered_alice_autoconvolution,0-1,pearson_correlation,-0.007668388376393696
correlation,bob_recovered_alice_autoconvolution,0-2,pearson_correlation,0.006373656079460553
correlation,bob_recovered_alice_autoconvolution,0-3,pearson_correlation,0.005849682211891961
correlation,bob_recovered_alice_autoconvolution,0-4,pearson_correlation,-0.019017669970582744
correlation,bob_recovered_alice_autoconvolution,0-5,pearson_correlation,0.014393084329809902
correlation,bob_recovered_alice_autoconvolution,0-6,pearson_correlation,0.009345340665301329
correlation,bob_recovered_alice_autoconvolution,0-7,pearson_correlation,0.0016588927315164311
correlation,bob_recovered_alice_autoconvolution,1-2,pearson_correlation,0.02144033971721361
correlation,bob_recovered_alice_autoconvolution,1-3,pearson_correlation,0.009439923588013795
correlation,bob_recovered_alice_autoconvolution,1-4,pearson_correlation,0.014662170953048516
correlation,bob_recovered_alice_autoconvolution,1-5,pearson_correlation,0.002695762968946715
correlation,bob_recovered_alice_autoconvolution,1-6,pearson_correlation,0.012436405186823598
correlation,bob_recovered_alice_autoconvolution,1-7,pearson_correlation,0.01260071063890621
correlation,bob_recovered_alice_autoconvolution,2-3,pearson_correlation,0.009852983365041132
correlation,bob_recovered_alice_autoconvolution,2-4,pearson_correlation,0.019334595127292107
correlation,bob_recovered_alice_autoconvolution,2-5,pearson_correlation,-0.0005721985208966441
correlation,bob_recovered_alice_autoconvolution,2-6,pearson_correlation,-0.0001943790118937483
correlation,bob_recovered_alice_autoconvolution,2-7,pearson_correlation,0.03346488682133379
correlation,bob_recovered_alice_autoconvolution,3-4,pearson_correlation,-0.00026452720278253075
correlation,bob_recovered_alice_autoconvolution,3-5,pearson_correlation,0.005468155807000782
correlation,bob_recovered_alice_autoconvolution,3-6,pearson_correlation,-0.009394295818941726
correlation,bob_recovered_alice_autoconvolution,3-7,pearson_correlation,0.014427516979635485
correlation,bob_recovered_alice_autoconvolution,4-5,pearson_correlation,0.019463231694154724
correlation,bob_recovered_alice_autoconvolution,4-6,pearson_correlation,0.01275647245801481
correlation,bob_recovered_alice_autoconvolution,4-7,pearson_correlation,0.0037742310757067797
correlation,bob_recovered_alice_autoconvolution,5-6,pearson_correlation,0.02251148232791151
correlation,bob_recovered_alice_autoconvolution,5-7,pearson_correlation,0.0006934630394567161
correlation,bob_recovered_alice_autoconvolution,6-7,pearson_correlation,0.0013148732079959384
octonion,bob_recovered_alice_autoconvolution,,maximum_absolute_pairwise_correlation,0.03346488682133379
octonion,bob_recovered_alice_autoconvolution,,maximum_correlation_pair,a2-a7
octonion,bob_recovered_alice_autoconvolution,,maximum_correlation_signed_value,0.03346488682133379
octonion,alice_public_token,,null_octonion_count,0
octonion,alice_public_token,,noninvertible_count,80
octonion,alice_public_token,,noninvertible_rate,0.008
component,alice_public_token,0,samples,10000
component,alice_public_token,0,mean,125.3434
component,alice_public_token,0,distinct_values,251
component,alice_public_token,0,entropy_bits,7.955231065873461
component,alice_public_token,0,maximum_uniform_entropy_bits,7.971543553950772
component,alice_public_token,0,chi_square_uniform,227.1957999999998
component,alice_public_token,0,chi_square_df,250
component,alice_public_token,1,samples,10000
component,alice_public_token,1,mean,125.4215
component,alice_public_token,1,distinct_values,251
component,alice_public_token,1,entropy_bits,7.951661313558313
component,alice_public_token,1,maximum_uniform_entropy_bits,7.971543553950772
component,alice_public_token,1,chi_square_uniform,274.2332
component,alice_public_token,1,chi_square_df,250
component,alice_public_token,2,samples,10000
component,alice_public_token,2,mean,125.0143
component,alice_public_token,2,distinct_values,251
component,alice_public_token,2,entropy_bits,7.953976680754696
component,alice_public_token,2,maximum_uniform_entropy_bits,7.971543553950772
component,alice_public_token,2,chi_square_uniform,239.54499999999982
component,alice_public_token,2,chi_square_df,250
component,alice_public_token,3,samples,10000
component,alice_public_token,3,mean,124.5873
component,alice_public_token,3,distinct_values,251
component,alice_public_token,3,entropy_bits,7.952703872379725
component,alice_public_token,3,maximum_uniform_entropy_bits,7.971543553950772
component,alice_public_token,3,chi_square_uniform,261.78360000000004
component,alice_public_token,3,chi_square_df,250
component,alice_public_token,4,samples,10000
component,alice_public_token,4,mean,124.845
component,alice_public_token,4,distinct_values,251
component,alice_public_token,4,entropy_bits,7.9533649594158735
component,alice_public_token,4,maximum_uniform_entropy_bits,7.971543553950772
component,alice_public_token,4,chi_square_uniform,249.58500000000004
component,alice_public_token,4,chi_square_df,250
component,alice_public_token,5,samples,10000
component,alice_public_token,5,mean,124.308
component,alice_public_token,5,distinct_values,251
component,alice_public_token,5,entropy_bits,7.951777396516274
component,alice_public_token,5,maximum_uniform_entropy_bits,7.971543553950772
component,alice_public_token,5,chi_square_uniform,272.77739999999994
component,alice_public_token,5,chi_square_df,250
component,alice_public_token,6,samples,10000
component,alice_public_token,6,mean,124.444
component,alice_public_token,6,distinct_values,251
component,alice_public_token,6,entropy_bits,7.95427478780157
component,alice_public_token,6,maximum_uniform_entropy_bits,7.971543553950772
component,alice_public_token,6,chi_square_uniform,239.69559999999984
component,alice_public_token,6,chi_square_df,250
component,alice_public_token,7,samples,10000
component,alice_public_token,7,mean,124.2758
component,alice_public_token,7,distinct_values,251
component,alice_public_token,7,entropy_bits,7.953143898252147
component,alice_public_token,7,maximum_uniform_entropy_bits,7.971543553950772
component,alice_public_token,7,chi_square_uniform,255.10699999999977
component,alice_public_token,7,chi_square_df,250
octonion,alice_public_token,,mean_component_entropy_bits,7.953266746819008
octonion,alice_public_token,,minimum_component_entropy_bits,7.951661313558313
octonion,alice_public_token,,maximum_component_entropy_bits,7.955231065873461
octonion,alice_public_token,,mean_component_chi_square,252.4903249999999
norm,alice_public_token,,distinct_norm_values,251
norm,alice_public_token,,mean,124.6559
norm,alice_public_token,,entropy_bits,7.951255866921454
norm,alice_public_token,,chi_square_uniform,288.13860000000017
norm,alice_public_token,,chi_square_df,250
quadratic_character,alice_public_token,-1,count,4923
quadratic_character,alice_public_token,-1,rate,0.4923
quadratic_character,alice_public_token,0,count,80
quadratic_character,alice_public_token,0,rate,0.008
quadratic_character,alice_public_token,1,count,4997
quadratic_character,alice_public_token,1,rate,0.4997
correlation,alice_public_token,0-1,pearson_correlation,-0.00617595083956418
correlation,alice_public_token,0-2,pearson_correlation,-0.004670875875302395
correlation,alice_public_token,0-3,pearson_correlation,-0.0011455628059709056
correlation,alice_public_token,0-4,pearson_correlation,-0.007510790460649364
correlation,alice_public_token,0-5,pearson_correlation,-0.011959494257053659
correlation,alice_public_token,0-6,pearson_correlation,-0.011282689405246574
correlation,alice_public_token,0-7,pearson_correlation,-0.0021309721652400275
correlation,alice_public_token,1-2,pearson_correlation,-0.006759106388146792
correlation,alice_public_token,1-3,pearson_correlation,0.024889823633802828
correlation,alice_public_token,1-4,pearson_correlation,-0.0015904101985876726
correlation,alice_public_token,1-5,pearson_correlation,0.0051789996291889805
correlation,alice_public_token,1-6,pearson_correlation,-8.77291536482671e-05
correlation,alice_public_token,1-7,pearson_correlation,0.0053582687582204415
correlation,alice_public_token,2-3,pearson_correlation,0.025985470104341865
correlation,alice_public_token,2-4,pearson_correlation,0.0001653610151906327
correlation,alice_public_token,2-5,pearson_correlation,0.003522964174194574
correlation,alice_public_token,2-6,pearson_correlation,-0.0006089153077092256
correlation,alice_public_token,2-7,pearson_correlation,0.012329579133127551
correlation,alice_public_token,3-4,pearson_correlation,0.00347715185364522
correlation,alice_public_token,3-5,pearson_correlation,0.008653730199986739
correlation,alice_public_token,3-6,pearson_correlation,0.00224452221908144
correlation,alice_public_token,3-7,pearson_correlation,-0.012814898278586909
correlation,alice_public_token,4-5,pearson_correlation,0.009593581912450131
correlation,alice_public_token,4-6,pearson_correlation,-0.02279486712254451
correlation,alice_public_token,4-7,pearson_correlation,0.014150443829478195
correlation,alice_public_token,5-6,pearson_correlation,-0.003499380193079406
correlation,alice_public_token,5-7,pearson_correlation,-0.01746569271903759
correlation,alice_public_token,6-7,pearson_correlation,-0.01960534143622745
octonion,alice_public_token,,maximum_absolute_pairwise_correlation,0.025985470104341865
octonion,alice_public_token,,maximum_correlation_pair,a2-a3
octonion,alice_public_token,,maximum_correlation_signed_value,0.025985470104341865
octonion,bob_public_token,,null_octonion_count,0
octonion,bob_public_token,,noninvertible_count,87
octonion,bob_public_token,,noninvertible_rate,0.0087
component,bob_public_token,0,samples,10000
component,bob_public_token,0,mean,125.281
component,bob_public_token,0,distinct_values,251
component,bob_public_token,0,entropy_bits,7.952653290760862
component,bob_public_token,0,maximum_uniform_entropy_bits,7.971543553950772
component,bob_public_token,0,chi_square_uniform,261.131
component,bob_public_token,0,chi_square_df,250
component,bob_public_token,1,samples,10000
component,bob_public_token,1,mean,124.7896
component,bob_public_token,1,distinct_values,251
component,bob_public_token,1,entropy_bits,7.953845770244146
component,bob_public_token,1,maximum_uniform_entropy_bits,7.971543553950772
component,bob_public_token,1,chi_square_uniform,242.70759999999999
component,bob_public_token,1,chi_square_df,250
component,bob_public_token,2,samples,10000
component,bob_public_token,2,mean,123.9584
component,bob_public_token,2,distinct_values,251
component,bob_public_token,2,entropy_bits,7.951741238250472
component,bob_public_token,2,maximum_uniform_entropy_bits,7.971543553950772
component,bob_public_token,2,chi_square_uniform,273.53039999999993
component,bob_public_token,2,chi_square_df,250
component,bob_public_token,3,samples,10000
component,bob_public_token,3,mean,124.5825
component,bob_public_token,3,distinct_values,251
component,bob_public_token,3,entropy_bits,7.951050596934204
component,bob_public_token,3,maximum_uniform_entropy_bits,7.971543553950772
component,bob_public_token,3,chi_square_uniform,278.5002
component,bob_public_token,3,chi_square_df,250
component,bob_public_token,4,samples,10000
component,bob_public_token,4,mean,124.8748
component,bob_public_token,4,distinct_values,251
component,bob_public_token,4,entropy_bits,7.954114410399335
component,bob_public_token,4,maximum_uniform_entropy_bits,7.971543553950772
component,bob_public_token,4,chi_square_uniform,238.89239999999992
component,bob_public_token,4,chi_square_df,250
component,bob_public_token,5,samples,10000
component,bob_public_token,5,mean,124.5466
component,bob_public_token,5,distinct_values,251
component,bob_public_token,5,entropy_bits,7.953419408448257
component,bob_public_token,5,maximum_uniform_entropy_bits,7.971543553950772
component,bob_public_token,5,chi_square_uniform,249.2335999999999
component,bob_public_token,5,chi_square_df,250
component,bob_public_token,6,samples,10000
component,bob_public_token,6,mean,124.0099
component,bob_public_token,6,distinct_values,251
component,bob_public_token,6,entropy_bits,7.954331478816127
component,bob_public_token,6,maximum_uniform_entropy_bits,7.971543553950772
component,bob_public_token,6,chi_square_uniform,235.4286
component,bob_public_token,6,chi_square_df,250
component,bob_public_token,7,samples,10000
component,bob_public_token,7,mean,125.7795
component,bob_public_token,7,distinct_values,251
component,bob_public_token,7,entropy_bits,7.955055671481424
component,bob_public_token,7,maximum_uniform_entropy_bits,7.971543553950772
component,bob_public_token,7,chi_square_uniform,228.6516
component,bob_public_token,7,chi_square_df,250
octonion,bob_public_token,,mean_component_entropy_bits,7.953276483166853
octonion,bob_public_token,,minimum_component_entropy_bits,7.951050596934204
octonion,bob_public_token,,maximum_component_entropy_bits,7.955055671481424
octonion,bob_public_token,,mean_component_chi_square,251.00942499999996
norm,bob_public_token,,distinct_norm_values,251
norm,bob_public_token,,mean,123.8676
norm,bob_public_token,,entropy_bits,7.948895221849378
norm,bob_public_token,,chi_square_uniform,326.4412000000001
norm,bob_public_token,,chi_square_df,250
quadratic_character,bob_public_token,-1,count,4931
quadratic_character,bob_public_token,-1,rate,0.4931
quadratic_character,bob_public_token,0,count,87
quadratic_character,bob_public_token,0,rate,0.0087
quadratic_character,bob_public_token,1,count,4982
quadratic_character,bob_public_token,1,rate,0.4982
correlation,bob_public_token,0-1,pearson_correlation,0.004949026497630544
correlation,bob_public_token,0-2,pearson_correlation,0.0007588907928919922
correlation,bob_public_token,0-3,pearson_correlation,-0.01553109478524053
correlation,bob_public_token,0-4,pearson_correlation,0.013671106727182024
correlation,bob_public_token,0-5,pearson_correlation,0.0033149981526694483
correlation,bob_public_token,0-6,pearson_correlation,-0.009362992313910518
correlation,bob_public_token,0-7,pearson_correlation,0.007002965137594946
correlation,bob_public_token,1-2,pearson_correlation,0.004668817350531599
correlation,bob_public_token,1-3,pearson_correlation,0.0028560425762291005
correlation,bob_public_token,1-4,pearson_correlation,-0.014063379049109937
correlation,bob_public_token,1-5,pearson_correlation,0.01565179509175436
correlation,bob_public_token,1-6,pearson_correlation,0.008936815723639786
correlation,bob_public_token,1-7,pearson_correlation,0.00832434825293128
correlation,bob_public_token,2-3,pearson_correlation,0.010376473528754707
correlation,bob_public_token,2-4,pearson_correlation,-0.007379489742060906
correlation,bob_public_token,2-5,pearson_correlation,-0.01337148177630412
correlation,bob_public_token,2-6,pearson_correlation,-0.0016407308427311624
correlation,bob_public_token,2-7,pearson_correlation,0.0011268461253820525
correlation,bob_public_token,3-4,pearson_correlation,0.007586396573642394
correlation,bob_public_token,3-5,pearson_correlation,0.002303604437459816
correlation,bob_public_token,3-6,pearson_correlation,0.009216875826681228
correlation,bob_public_token,3-7,pearson_correlation,-0.025383181212110726
correlation,bob_public_token,4-5,pearson_correlation,-0.008249417876469604
correlation,bob_public_token,4-6,pearson_correlation,-0.0036784252094952297
correlation,bob_public_token,4-7,pearson_correlation,-0.0033133078646182933
correlation,bob_public_token,5-6,pearson_correlation,-0.022483566198275927
correlation,bob_public_token,5-7,pearson_correlation,-0.0071290646426213885
correlation,bob_public_token,6-7,pearson_correlation,-0.01130526811240454
octonion,bob_public_token,,maximum_absolute_pairwise_correlation,0.025383181212110726
octonion,bob_public_token,,maximum_correlation_pair,a3-a7
octonion,bob_public_token,,maximum_correlation_signed_value,-0.025383181212110726
octonion,alice_session_key,,null_octonion_count,0
octonion,alice_session_key,,noninvertible_count,167
octonion,alice_session_key,,noninvertible_rate,0.0167
component,alice_session_key,0,samples,10000
component,alice_session_key,0,mean,125.1093
component,alice_session_key,0,distinct_values,251
component,alice_session_key,0,entropy_bits,7.950595623467348
component,alice_session_key,0,maximum_uniform_entropy_bits,7.971543553950772
component,alice_session_key,0,chi_square_uniform,289.99600000000004
component,alice_session_key,0,chi_square_df,250
component,alice_session_key,1,samples,10000
component,alice_session_key,1,mean,125.4095
component,alice_session_key,1,distinct_values,251
component,alice_session_key,1,entropy_bits,7.9496493862126725
component,alice_session_key,1,maximum_uniform_entropy_bits,7.971543553950772
component,alice_session_key,1,chi_square_uniform,298.5300000000001
component,alice_session_key,1,chi_square_df,250
component,alice_session_key,2,samples,10000
component,alice_session_key,2,mean,124.7377
component,alice_session_key,2,distinct_values,251
component,alice_session_key,2,entropy_bits,7.950874717678424
component,alice_session_key,2,maximum_uniform_entropy_bits,7.971543553950772
component,alice_session_key,2,chi_square_uniform,287.8876000000001
component,alice_session_key,2,chi_square_df,250
component,alice_session_key,3,samples,10000
component,alice_session_key,3,mean,125.1531
component,alice_session_key,3,distinct_values,251
component,alice_session_key,3,entropy_bits,7.955677085171052
component,alice_session_key,3,maximum_uniform_entropy_bits,7.971543553950772
component,alice_session_key,3,chi_square_uniform,217.75820000000007
component,alice_session_key,3,chi_square_df,250
component,alice_session_key,4,samples,10000
component,alice_session_key,4,mean,126.2673
component,alice_session_key,4,distinct_values,251
component,alice_session_key,4,entropy_bits,7.954196993170283
component,alice_session_key,4,maximum_uniform_entropy_bits,7.971543553950772
component,alice_session_key,4,chi_square_uniform,238.94259999999994
component,alice_session_key,4,chi_square_df,250
component,alice_session_key,5,samples,10000
component,alice_session_key,5,mean,126.644
component,alice_session_key,5,distinct_values,251
component,alice_session_key,5,entropy_bits,7.952443526862015
component,alice_session_key,5,maximum_uniform_entropy_bits,7.971543553950772
component,alice_session_key,5,chi_square_uniform,266.0003999999999
component,alice_session_key,5,chi_square_df,250
component,alice_session_key,6,samples,10000
component,alice_session_key,6,mean,124.4023
component,alice_session_key,6,distinct_values,251
component,alice_session_key,6,entropy_bits,7.951620528661847
component,alice_session_key,6,maximum_uniform_entropy_bits,7.971543553950772
component,alice_session_key,6,chi_square_uniform,276.34159999999997
component,alice_session_key,6,chi_square_df,250
component,alice_session_key,7,samples,10000
component,alice_session_key,7,mean,124.7345
component,alice_session_key,7,distinct_values,251
component,alice_session_key,7,entropy_bits,7.953433698948
component,alice_session_key,7,maximum_uniform_entropy_bits,7.971543553950772
component,alice_session_key,7,chi_square_uniform,249.83599999999998
component,alice_session_key,7,chi_square_df,250
octonion,alice_session_key,,mean_component_entropy_bits,7.952311445021455
octonion,alice_session_key,,minimum_component_entropy_bits,7.9496493862126725
octonion,alice_session_key,,maximum_component_entropy_bits,7.955677085171052
octonion,alice_session_key,,mean_component_chi_square,265.66155000000003
norm,alice_session_key,,distinct_norm_values,251
norm,alice_session_key,,mean,122.712
norm,alice_session_key,,entropy_bits,7.934568898205141
norm,alice_session_key,,chi_square_uniform,690.1401999999985
norm,alice_session_key,,chi_square_df,250
quadratic_character,alice_session_key,-1,count,4919
quadratic_character,alice_session_key,-1,rate,0.4919
quadratic_character,alice_session_key,0,count,167
quadratic_character,alice_session_key,0,rate,0.0167
quadratic_character,alice_session_key,1,count,4914
quadratic_character,alice_session_key,1,rate,0.4914
correlation,alice_session_key,0-1,pearson_correlation,0.007146774834816303
correlation,alice_session_key,0-2,pearson_correlation,0.008949351777004125
correlation,alice_session_key,0-3,pearson_correlation,-0.005424408774001407
correlation,alice_session_key,0-4,pearson_correlation,-0.015664053791759405
correlation,alice_session_key,0-5,pearson_correlation,-0.004699537859285272
correlation,alice_session_key,0-6,pearson_correlation,0.0019135029656105428
correlation,alice_session_key,0-7,pearson_correlation,-0.0016737375110183908
correlation,alice_session_key,1-2,pearson_correlation,-0.0026886443896247296
correlation,alice_session_key,1-3,pearson_correlation,0.007511834595891783
correlation,alice_session_key,1-4,pearson_correlation,-0.014621103008013912
correlation,alice_session_key,1-5,pearson_correlation,0.011097788286178628
correlation,alice_session_key,1-6,pearson_correlation,-0.0023526105193412412
correlation,alice_session_key,1-7,pearson_correlation,0.0023356381896059773
correlation,alice_session_key,2-3,pearson_correlation,-0.0023039763781685144
correlation,alice_session_key,2-4,pearson_correlation,-0.01907317472294968
correlation,alice_session_key,2-5,pearson_correlation,-0.004844429035925828
correlation,alice_session_key,2-6,pearson_correlation,-0.003486048010251356
correlation,alice_session_key,2-7,pearson_correlation,0.01166493742738581
correlation,alice_session_key,3-4,pearson_correlation,-0.013932322695450871
correlation,alice_session_key,3-5,pearson_correlation,-0.005688668036866265
correlation,alice_session_key,3-6,pearson_correlation,-0.010457988158561277
correlation,alice_session_key,3-7,pearson_correlation,0.017111174260039403
correlation,alice_session_key,4-5,pearson_correlation,-0.003013112444626237
correlation,alice_session_key,4-6,pearson_correlation,0.003252015130222731
correlation,alice_session_key,4-7,pearson_correlation,0.00393360330174492
correlation,alice_session_key,5-6,pearson_correlation,0.002462984362487156
correlation,alice_session_key,5-7,pearson_correlation,-0.015247850466854293
correlation,alice_session_key,6-7,pearson_correlation,0.007387637535010407
octonion,alice_session_key,,maximum_absolute_pairwise_correlation,0.01907317472294968
octonion,alice_session_key,,maximum_correlation_pair,a2-a4
octonion,alice_session_key,,maximum_correlation_signed_value,-0.01907317472294968
octonion,bob_session_key,,null_octonion_count,0
octonion,bob_session_key,,noninvertible_count,167
octonion,bob_session_key,,noninvertible_rate,0.0167
component,bob_session_key,0,samples,10000
component,bob_session_key,0,mean,125.1093
component,bob_session_key,0,distinct_values,251
component,bob_session_key,0,entropy_bits,7.950595623467348
component,bob_session_key,0,maximum_uniform_entropy_bits,7.971543553950772
component,bob_session_key,0,chi_square_uniform,289.99600000000004
component,bob_session_key,0,chi_square_df,250
component,bob_session_key,1,samples,10000
component,bob_session_key,1,mean,125.4095
component,bob_session_key,1,distinct_values,251
component,bob_session_key,1,entropy_bits,7.9496493862126725
component,bob_session_key,1,maximum_uniform_entropy_bits,7.971543553950772
component,bob_session_key,1,chi_square_uniform,298.5300000000001
component,bob_session_key,1,chi_square_df,250
component,bob_session_key,2,samples,10000
component,bob_session_key,2,mean,124.7377
component,bob_session_key,2,distinct_values,251
component,bob_session_key,2,entropy_bits,7.950874717678424
component,bob_session_key,2,maximum_uniform_entropy_bits,7.971543553950772
component,bob_session_key,2,chi_square_uniform,287.8876000000001
component,bob_session_key,2,chi_square_df,250
component,bob_session_key,3,samples,10000
component,bob_session_key,3,mean,125.1531
component,bob_session_key,3,distinct_values,251
component,bob_session_key,3,entropy_bits,7.955677085171052
component,bob_session_key,3,maximum_uniform_entropy_bits,7.971543553950772
component,bob_session_key,3,chi_square_uniform,217.75820000000007
component,bob_session_key,3,chi_square_df,250
component,bob_session_key,4,samples,10000
component,bob_session_key,4,mean,126.2673
component,bob_session_key,4,distinct_values,251
component,bob_session_key,4,entropy_bits,7.954196993170283
component,bob_session_key,4,maximum_uniform_entropy_bits,7.971543553950772
component,bob_session_key,4,chi_square_uniform,238.94259999999994
component,bob_session_key,4,chi_square_df,250
component,bob_session_key,5,samples,10000
component,bob_session_key,5,mean,126.644
component,bob_session_key,5,distinct_values,251
component,bob_session_key,5,entropy_bits,7.952443526862015
component,bob_session_key,5,maximum_uniform_entropy_bits,7.971543553950772
component,bob_session_key,5,chi_square_uniform,266.0003999999999
component,bob_session_key,5,chi_square_df,250
component,bob_session_key,6,samples,10000
component,bob_session_key,6,mean,124.4023
component,bob_session_key,6,distinct_values,251
component,bob_session_key,6,entropy_bits,7.951620528661847
component,bob_session_key,6,maximum_uniform_entropy_bits,7.971543553950772
component,bob_session_key,6,chi_square_uniform,276.34159999999997
component,bob_session_key,6,chi_square_df,250
component,bob_session_key,7,samples,10000
component,bob_session_key,7,mean,124.7345
component,bob_session_key,7,distinct_values,251
component,bob_session_key,7,entropy_bits,7.953433698948
component,bob_session_key,7,maximum_uniform_entropy_bits,7.971543553950772
component,bob_session_key,7,chi_square_uniform,249.83599999999998
component,bob_session_key,7,chi_square_df,250
octonion,bob_session_key,,mean_component_entropy_bits,7.952311445021455
octonion,bob_session_key,,minimum_component_entropy_bits,7.9496493862126725
octonion,bob_session_key,,maximum_component_entropy_bits,7.955677085171052
octonion,bob_session_key,,mean_component_chi_square,265.66155000000003
norm,bob_session_key,,distinct_norm_values,251
norm,bob_session_key,,mean,122.712
norm,bob_session_key,,entropy_bits,7.934568898205141
norm,bob_session_key,,chi_square_uniform,690.1401999999985
norm,bob_session_key,,chi_square_df,250
quadratic_character,bob_session_key,-1,count,4919
quadratic_character,bob_session_key,-1,rate,0.4919
quadratic_character,bob_session_key,0,count,167
quadratic_character,bob_session_key,0,rate,0.0167
quadratic_character,bob_session_key,1,count,4914
quadratic_character,bob_session_key,1,rate,0.4914
correlation,bob_session_key,0-1,pearson_correlation,0.007146774834816303
correlation,bob_session_key,0-2,pearson_correlation,0.008949351777004125
correlation,bob_session_key,0-3,pearson_correlation,-0.005424408774001407
correlation,bob_session_key,0-4,pearson_correlation,-0.015664053791759405
correlation,bob_session_key,0-5,pearson_correlation,-0.004699537859285272
correlation,bob_session_key,0-6,pearson_correlation,0.0019135029656105428
correlation,bob_session_key,0-7,pearson_correlation,-0.0016737375110183908
correlation,bob_session_key,1-2,pearson_correlation,-0.0026886443896247296
correlation,bob_session_key,1-3,pearson_correlation,0.007511834595891783
correlation,bob_session_key,1-4,pearson_correlation,-0.014621103008013912
correlation,bob_session_key,1-5,pearson_correlation,0.011097788286178628
correlation,bob_session_key,1-6,pearson_correlation,-0.0023526105193412412
correlation,bob_session_key,1-7,pearson_correlation,0.0023356381896059773
correlation,bob_session_key,2-3,pearson_correlation,-0.0023039763781685144
correlation,bob_session_key,2-4,pearson_correlation,-0.01907317472294968
correlation,bob_session_key,2-5,pearson_correlation,-0.004844429035925828
correlation,bob_session_key,2-6,pearson_correlation,-0.003486048010251356
correlation,bob_session_key,2-7,pearson_correlation,0.01166493742738581
correlation,bob_session_key,3-4,pearson_correlation,-0.013932322695450871
correlation,bob_session_key,3-5,pearson_correlation,-0.005688668036866265
correlation,bob_session_key,3-6,pearson_correlation,-0.010457988158561277
correlation,bob_session_key,3-7,pearson_correlation,0.017111174260039403
correlation,bob_session_key,4-5,pearson_correlation,-0.003013112444626237
correlation,bob_session_key,4-6,pearson_correlation,0.003252015130222731
correlation,bob_session_key,4-7,pearson_correlation,0.00393360330174492
correlation,bob_session_key,5-6,pearson_correlation,0.002462984362487156
correlation,bob_session_key,5-7,pearson_correlation,-0.015247850466854293
correlation,bob_session_key,6-7,pearson_correlation,0.007387637535010407
octonion,bob_session_key,,maximum_absolute_pairwise_correlation,0.01907317472294968
octonion,bob_session_key,,maximum_correlation_pair,a2-a4
octonion,bob_session_key,,maximum_correlation_signed_value,-0.01907317472294968
power_norm_identity,relation_1,,failure_count,0
power_norm_identity,relation_1,,success_rate,1.0
power_norm_identity,relation_2,,failure_count,0
power_norm_identity,relation_2,,success_rate,1.0
power_norm_identity,relation_3,,failure_count,0
power_norm_identity,relation_3,,success_rate,1.0
power_norm_identity,relation_4,,failure_count,0
power_norm_identity,relation_4,,success_rate,1.0
general,,,total_analysis_time_s,1275.0702110260027
