execution,success,total_time_us,matrix_polynomial_us,matrix_exchange_us,ob_derivation_us,octonion_stage_us,key_recovery_us,heap_before_bytes,heap_after_bytes,heap_min_since_boot_bytes,total_time_s,matrix_polynomial_s,matrix_exchange_s,ob_derivation_s,octonion_stage_s,key_recovery_s
1,True,4924785,2166776,1889942,885,860017,368,298660,298660,224896,4.924785,2.166776,1.889942,0.000885,0.860017,0.000368
2,True,4924790,2166761,1889942,885,860017,368,298660,298660,224896,4.92479,2.166761,1.889942,0.000885,0.860017,0.000368
3,True,4924790,2166761,1889942,885,860017,368,298660,298660,224896,4.92479,2.166761,1.889942,0.000885,0.860017,0.000368
4,True,4924790,2166761,1889942,885,860017,368,298660,298660,224896,4.92479,2.166761,1.889942,0.000885,0.860017,0.000368
5,True,4924790,2166761,1889942,885,860017,368,298660,298660,224896,4.92479,2.166761,1.889942,0.000885,0.860017,0.000368
6,True,4924790,2166761,1889942,885,860017,368,298660,298660,224896,4.92479,2.166761,1.889942,0.000885,0.860017,0.000368
7,True,4924790,2166761,1889942,885,860017,368,298660,298660,224896,4.92479,2.166761,1.889942,0.000885,0.860017,0.000368
8,True,4924790,2166761,1889942,885,860017,368,298660,298660,224896,4.92479,2.166761,1.889942,0.000885,0.860017,0.000368
9,True,4924790,2166761,1889942,885,860017,368,298660,298660,224896,4.92479,2.166761,1.889942,0.000885,0.860017,0.000368
10,True,4924790,2166761,1889942,885,860017,368,298660,298660,224896,4.92479,2.166761,1.889942,0.000885,0.860017,0.000368
11,True,4924790,2166761,1889942,885,860017,368,298660,298660,224896,4.92479,2.166761,1.889942,0.000885,0.860017,0.000368
12,True,4924790,2166761,1889942,885,860017,368,298660,298660,224896,4.92479,2.166761,1.889942,0.000885,0.860017,0.000368
13,True,4924790,2166761,1889942,885,860017,368,298660,298660,224896,4.92479,2.166761,1.889942,0.000885,0.860017,0.000368
14,True,4924790,2166761,1889942,885,860017,368,298660,298660,224896,4.92479,2.166761,1.889942,0.000885,0.860017,0.000368
15,True,4924790,2166761,1889942,885,860017,368,298660,298660,224896,4.92479,2.166761,1.889942,0.000885,0.860017,0.000368
16,True,4924790,2166761,1889942,885,860017,368,298660,298660,224896,4.92479,2.166761,1.889942,0.000885,0.860017,0.000368
17,True,4924790,2166761,1889942,885,860017,368,298660,298660,224896,4.92479,2.166761,1.889942,0.000885,0.860017,0.000368
18,True,4924790,2166761,1889942,885,860017,368,298660,298660,224896,4.92479,2.166761,1.889942,0.000885,0.860017,0.000368
19,True,4924790,2166761,1889942,885,860017,368,298660,298660,224896,4.92479,2.166761,1.889942,0.000885,0.860017,0.000368
20,True,4924790,2166761,1889942,885,860017,368,298660,298660,224896,4.92479,2.166761,1.889942,0.000885,0.860017,0.000368
21,True,4924790,2166761,1889942,885,860017,368,298660,298660,224896,4.92479,2.166761,1.889942,0.000885,0.860017,0.000368
22,True,4924790,2166761,1889942,885,860017,368,298660,298660,224896,4.92479,2.166761,1.889942,0.000885,0.860017,0.000368
23,True,4924790,2166761,1889942,885,860017,368,298660,298660,224896,4.92479,2.166761,1.889942,0.000885,0.860017,0.000368
24,True,4924790,2166761,1889942,885,860017,368,298660,298660,224896,4.92479,2.166761,1.889942,0.000885,0.860017,0.000368
25,True,4924790,2166761,1889942,885,860017,368,298660,298660,224896,4.92479,2.166761,1.889942,0.000885,0.860017,0.000368
26,True,4924790,2166761,1889942,885,860017,368,298660,298660,224896,4.92479,2.166761,1.889942,0.000885,0.860017,0.000368
27,True,4924790,2166761,1889942,885,860017,368,298660,298660,224896,4.92479,2.166761,1.889942,0.000885,0.860017,0.000368
28,True,4924790,2166761,1889942,885,860017,368,298660,298660,224896,4.92479,2.166761,1.889942,0.000885,0.860017,0.000368
29,True,4924790,2166761,1889942,885,860017,368,298660,298660,224896,4.92479,2.166761,1.889942,0.000885,0.860017,0.000368
30,True,4924790,2166761,1889942,885,860017,368,298660,298660,224896,4.92479,2.166761,1.889942,0.000885,0.860017,0.000368
31,True,4924790,2166761,1889942,885,860017,368,298660,298660,224896,4.92479,2.166761,1.889942,0.000885,0.860017,0.000368
32,True,4924790,2166761,1889942,885,860017,368,298660,298660,224896,4.92479,2.166761,1.889942,0.000885,0.860017,0.000368
33,True,4924790,2166761,1889942,885,860017,368,298660,298660,224896,4.92479,2.166761,1.889942,0.000885,0.860017,0.000368
34,True,4924790,2166761,1889942,885,860017,368,298660,298660,224896,4.92479,2.166761,1.889942,0.000885,0.860017,0.000368
35,True,4924790,2166761,1889942,885,860017,368,298660,298660,224896,4.92479,2.166761,1.889942,0.000885,0.860017,0.000368
36,True,4924790,2166761,1889942,885,860017,368,298660,298660,224896,4.92479,2.166761,1.889942,0.000885,0.860017,0.000368
37,True,4924790,2166761,1889942,885,860017,368,298660,298660,224896,4.92479,2.166761,1.889942,0.000885,0.860017,0.000368
38,True,4924790,2166761,1889942,885,860017,368,298660,298660,224896,4.92479,2.166761,1.889942,0.000885,0.860017,0.000368
39,True,4924790,2166761,1889942,885,860017,368,298660,298660,224896,4.92479,2.166761,1.889942,0.000885,0.860017,0.000368
40,True,4924790,2166761,1889942,885,860017,368,298660,298660,224896,4.92479,2.166761,1.889942,0.000885,0.860017,0.000368
41,True,4924790,2166761,1889942,885,860017,368,298660,298660,224896,4.92479,2.166761,1.889942,0.000885,0.860017,0.000368
42,True,4924790,2166761,1889942,885,860017,368,298660,298660,224896,4.92479,2.166761,1.889942,0.000885,0.860017,0.000368
43,True,4924790,2166761,1889942,885,860017,368,298660,298660,224896,4.92479,2.166761,1.889942,0.000885,0.860017,0.000368
44,True,4924790,2166761,1889942,885,860017,368,298660,298660,224896,4.92479,2.166761,1.889942,0.000885,0.860017,0.000368
45,True,4924790,2166761,1889942,885,860017,368,298660,298660,224896,4.92479,2.166761,1.889942,0.000885,0.860017,0.000368
46,True,4924790,2166761,1889942,885,860017,368,298660,298660,224896,4.92479,2.166761,1.889942,0.000885,0.860017,0.000368
47,True,4924790,2166761,1889942,885,860017,368,298660,298660,224896,4.92479,2.166761,1.889942,0.000885,0.860017,0.000368
48,True,4924790,2166761,1889942,885,860017,368,298660,298660,224896,4.92479,2.166761,1.889942,0.000885,0.860017,0.000368
49,True,4924790,2166761,1889942,885,860017,368,298660,298660,224896,4.92479,2.166761,1.889942,0.000885,0.860017,0.000368
50,True,4924790,2166761,1889942,885,860017,368,298660,298660,224896,4.92479,2.166761,1.889942,0.000885,0.860017,0.000368
51,True,4924790,2166761,1889942,885,860017,368,298660,298660,224896,4.92479,2.166761,1.889942,0.000885,0.860017,0.000368
52,True,4924790,2166761,1889942,885,860017,368,298660,298660,224896,4.92479,2.166761,1.889942,0.000885,0.860017,0.000368
53,True,4924790,2166761,1889942,885,860017,368,298660,298660,224896,4.92479,2.166761,1.889942,0.000885,0.860017,0.000368
54,True,4924790,2166761,1889942,885,860017,368,298660,298660,224896,4.92479,2.166761,1.889942,0.000885,0.860017,0.000368
55,True,4924790,2166761,1889942,885,860017,368,298660,298660,224896,4.92479,2.166761,1.889942,0.000885,0.860017,0.000368
56,True,4924790,2166761,1889942,885,860017,368,298660,298660,224896,4.92479,2.166761,1.889942,0.000885,0.860017,0.000368
57,True,4924790,2166761,1889942,885,860017,368,298660,298660,224896,4.92479,2.166761,1.889942,0.000885,0.860017,0.000368
58,True,4924790,2166761,1889942,885,860017,368,298660,298660,224896,4.92479,2.166761,1.889942,0.000885,0.860017,0.000368
59,True,4924790,2166761,1889942,885,860017,368,298660,298660,224896,4.92479,2.166761,1.889942,0.000885,0.860017,0.000368
60,True,4924790,2166761,1889942,885,860017,368,298660,298660,224896,4.92479,2.166761,1.889942,0.000885,0.860017,0.000368
61,True,4924790,2166761,1889942,885,860017,368,298660,298660,224896,4.92479,2.166761,1.889942,0.000885,0.860017,0.000368
62,True,4924790,2166761,1889942,885,860017,368,298660,298660,224896,4.92479,2.166761,1.889942,0.000885,0.860017,0.000368
63,True,4924790,2166761,1889942,885,860017,368,298660,298660,224896,4.92479,2.166761,1.889942,0.000885,0.860017,0.000368
64,True,4924790,2166761,1889942,885,860017,368,298660,298660,224896,4.92479,2.166761,1.889942,0.000885,0.860017,0.000368
65,True,4924790,2166761,1889942,885,860017,368,298660,298660,224896,4.92479,2.166761,1.889942,0.000885,0.860017,0.000368
66,True,4924790,2166761,1889942,885,860017,368,298660,298660,224896,4.92479,2.166761,1.889942,0.000885,0.860017,0.000368
67,True,4924790,2166761,1889942,885,860017,368,298660,298660,224896,4.92479,2.166761,1.889942,0.000885,0.860017,0.000368
68,True,4924790,2166761,1889942,885,860017,368,298660,298660,224896,4.92479,2.166761,1.889942,0.000885,0.860017,0.000368
69,True,4924790,2166761,1889942,885,860017,368,298660,298660,224896,4.92479,2.166761,1.889942,0.000885,0.860017,0.000368
70,True,4924790,2166761,1889942,885,860017,368,298660,298660,224896,4.92479,2.166761,1.889942,0.000885,0.860017,0.000368
71,True,4924790,2166761,1889942,885,860017,368,298660,298660,224896,4.92479,2.166761,1.889942,0.000885,0.860017,0.000368
72,True,4924790,2166761,1889942,885,860017,368,298660,298660,224896,4.92479,2.166761,1.889942,0.000885,0.860017,0.000368
73,True,4924790,2166761,1889942,885,860017,368,298660,298660,224896,4.92479,2.166761,1.889942,0.000885,0.860017,0.000368
74,True,4924790,2166761,1889942,885,860017,368,298660,298660,224896,4.92479,2.166761,1.889942,0.000885,0.860017,0.000368
75,True,4924790,2166761,1889942,885,860017,368,298660,298660,224896,4.92479,2.166761,1.889942,0.000885,0.860017,0.000368
76,True,4924790,2166761,1889942,885,860017,368,298660,298660,224896,4.92479,2.166761,1.889942,0.000885,0.860017,0.000368
77,True,4924790,2166761,1889942,885,860017,368,298660,298660,224896,4.92479,2.166761,1.889942,0.000885,0.860017,0.000368
78,True,4924790,2166761,1889942,885,860017,368,298660,298660,224896,4.92479,2.166761,1.889942,0.000885,0.860017,0.000368
79,True,4924790,2166761,1889942,885,860017,368,298660,298660,224896,4.92479,2.166761,1.889942,0.000885,0.860017,0.000368
80,True,4924790,2166761,1889942,885,860017,368,298660,298660,224896,4.92479,2.166761,1.889942,0.000885,0.860017,0.000368
81,True,4924790,2166761,1889942,885,860017,368,298660,298660,224896,4.92479,2.166761,1.889942,0.000885,0.860017,0.000368
82,True,4924790,2166761,1889942,885,860017,368,298660,298660,224896,4.92479,2.166761,1.889942,0.000885,0.860017,0.000368
83,True,4924790,2166761,1889942,885,860017,368,298660,298660,224896,4.92479,2.166761,1.889942,0.000885,0.860017,0.000368
84,True,4924790,2166761,1889942,885,860017,368,298660,298660,224896,4.92479,2.166761,1.889942,0.000885,0.860017,0.000368
85,True,4924790,2166761,1889942,885,860017,368,298660,298660,224896,4.92479,2.166761,1.889942,0.000885,0.860017,0.000368
86,True,4924790,2166761,1889942,885,860017,368,298660,298660,224896,4.92479,2.166761,1.889942,0.000885,0.860017,0.000368
87,True,4924790,2166761,1889942,885,860017,368,298660,298660,224896,4.92479,2.166761,1.889942,0.000885,0.860017,0.000368
88,True,4924790,2166761,1889942,885,860017,368,298660,298660,224896,4.92479,2.166761,1.889942,0.000885,0.860017,0.000368
89,True,4924790,2166761,1889942,885,860017,368,298660,298660,224896,4.92479,2.166761,1.889942,0.000885,0.860017,0.000368
90,True,4924790,2166761,1889942,885,860017,368,298660,298660,224896,4.92479,2.166761,1.889942,0.000885,0.860017,0.000368
91,True,4924790,2166761,1889942,885,860017,368,298660,298660,224896,4.92479,2.166761,1.889942,0.000885,0.860017,0.000368
92,True,4924790,2166761,1889942,885,860017,368,298660,298660,224896,4.92479,2.166761,1.889942,0.000885,0.860017,0.000368
93,True,4924790,2166761,1889942,885,860017,368,298660,298660,224896,4.92479,2.166761,1.889942,0.000885,0.860017,0.000368
94,True,4924790,2166761,1889942,885,860017,368,298660,298660,224896,4.92479,2.166761,1.889942,0.000885,0.860017,0.000368
95,True,4924790,2166761,1889942,885,860017,368,298660,298660,224896,4.92479,2.166761,1.889942,0.000885,0.860017,0.000368
96,True,4924790,2166761,1889942,885,860017,368,298660,298660,224896,4.92479,2.166761,1.889942,0.000885,0.860017,0.000368
97,True,4924790,2166761,1889942,885,860017,368,298660,298660,224896,4.92479,2.166761,1.889942,0.000885,0.860017,0.000368
98,True,4924790,2166761,1889942,885,860017,368,298660,298660,224896,4.92479,2.166761,1.889942,0.000885,0.860017,0.000368
99,True,4924790,2166761,1889942,885,860017,368,298660,298660,224896,4.92479,2.166761,1.889942,0.000885,0.860017,0.000368
100,True,4924790,2166761,1889942,885,860017,368,298660,298660,224896,4.92479,2.166761,1.889942,0.000885,0.860017,0.000368
101,True,4924790,2166761,1889942,885,860017,368,298660,298660,224896,4.92479,2.166761,1.889942,0.000885,0.860017,0.000368
102,True,4924790,2166761,1889942,885,860017,368,298660,298660,224896,4.92479,2.166761,1.889942,0.000885,0.860017,0.000368
103,True,4924790,2166761,1889942,885,860017,368,298660,298660,224896,4.92479,2.166761,1.889942,0.000885,0.860017,0.000368
104,True,4924790,2166761,1889942,885,860017,368,298660,298660,224896,4.92479,2.166761,1.889942,0.000885,0.860017,0.000368
105,True,4924790,2166761,1889942,885,860017,368,298660,298660,224896,4.92479,2.166761,1.889942,0.000885,0.860017,0.000368
106,True,4924790,2166761,1889942,885,860017,368,298660,298660,224896,4.92479,2.166761,1.889942,0.000885,0.860017,0.000368
107,True,4924790,2166761,1889942,885,860017,368,298660,298660,224896,4.92479,2.166761,1.889942,0.000885,0.860017,0.000368
108,True,4924790,2166761,1889942,885,860017,368,298660,298660,224896,4.92479,2.166761,1.889942,0.000885,0.860017,0.000368
109,True,4924790,2166761,1889942,885,860017,368,298660,298660,224896,4.92479,2.166761,1.889942,0.000885,0.860017,0.000368
110,True,4924790,2166761,1889942,885,860017,368,298660,298660,224896,4.92479,2.166761,1.889942,0.000885,0.860017,0.000368
111,True,4924790,2166761,1889942,885,860017,368,298660,298660,224896,4.92479,2.166761,1.889942,0.000885,0.860017,0.000368
112,True,4924790,2166761,1889942,885,860017,368,298660,298660,224896,4.92479,2.166761,1.889942,0.000885,0.860017,0.000368
113,True,4924790,2166761,1889942,885,860017,368,298660,298660,224896,4.92479,2.166761,1.889942,0.000885,0.860017,0.000368
114,True,4924790,2166761,1889942,885,860017,368,298660,298660,224896,4.92479,2.166761,1.889942,0.000885,0.860017,0.000368
115,True,4924790,2166761,1889942,885,860017,368,298660,298660,224896,4.92479,2.166761,1.889942,0.000885,0.860017,0.000368
116,True,4924790,2166761,1889942,885,860017,368,298660,298660,224896,4.92479,2.166761,1.889942,0.000885,0.860017,0.000368
117,True,4924790,2166761,1889942,885,860017,368,298660,298660,224896,4.92479,2.166761,1.889942,0.000885,0.860017,0.000368
118,True,4924790,2166761,1889942,885,860017,368,298660,298660,224896,4.92479,2.166761,1.889942,0.000885,0.860017,0.000368
119,True,4924790,2166761,1889942,885,860017,368,298660,298660,224896,4.92479,2.166761,1.889942,0.000885,0.860017,0.000368
120,True,4924790,2166761,1889942,885,860017,368,298660,298660,224896,4.92479,2.166761,1.889942,0.000885,0.860017,0.000368
121,True,4924790,2166761,1889942,885,860017,368,298660,298660,224896,4.92479,2.166761,1.889942,0.000885,0.860017,0.000368
122,True,4924790,2166761,1889942,885,860017,368,298660,298660,224896,4.92479,2.166761,1.889942,0.000885,0.860017,0.000368
123,True,4924790,2166761,1889942,885,860017,368,298660,298660,224896,4.92479,2.166761,1.889942,0.000885,0.860017,0.000368
124,True,4924790,2166761,1889942,885,860017,368,298660,298660,224896,4.92479,2.166761,1.889942,0.000885,0.860017,0.000368
125,True,4924790,2166761,1889942,885,860017,368,298660,298660,224896,4.92479,2.166761,1.889942,0.000885,0.860017,0.000368
126,True,4924790,2166761,1889942,885,860017,368,298660,298660,224896,4.92479,2.166761,1.889942,0.000885,0.860017,0.000368
127,True,4924790,2166761,1889942,885,860017,368,298660,298660,224896,4.92479,2.166761,1.889942,0.000885,0.860017,0.000368
128,True,4924790,2166761,1889942,885,860017,368,298660,298660,224896,4.92479,2.166761,1.889942,0.000885,0.860017,0.000368
129,True,4924790,2166761,1889942,885,860017,368,298660,298660,224896,4.92479,2.166761,1.889942,0.000885,0.860017,0.000368
130,True,4924790,2166761,1889942,885,860017,368,298660,298660,224896,4.92479,2.166761,1.889942,0.000885,0.860017,0.000368
131,True,4924790,2166761,1889942,885,860017,368,298660,298660,224896,4.92479,2.166761,1.889942,0.000885,0.860017,0.000368
132,True,4924790,2166761,1889942,885,860017,368,298660,298660,224896,4.92479,2.166761,1.889942,0.000885,0.860017,0.000368
133,True,4924790,2166761,1889942,885,860017,368,298660,298660,224896,4.92479,2.166761,1.889942,0.000885,0.860017,0.000368
134,True,4924790,2166761,1889942,885,860017,368,298660,298660,224896,4.92479,2.166761,1.889942,0.000885,0.860017,0.000368
135,True,4924790,2166761,1889942,885,860017,368,298660,298660,224896,4.92479,2.166761,1.889942,0.000885,0.860017,0.000368
136,True,4924790,2166761,1889942,885,860017,368,298660,298660,224896,4.92479,2.166761,1.889942,0.000885,0.860017,0.000368
137,True,4924790,2166761,1889942,885,860017,368,298660,298660,224896,4.92479,2.166761,1.889942,0.000885,0.860017,0.000368
138,True,4924790,2166761,1889942,885,860017,368,298660,298660,224896,4.92479,2.166761,1.889942,0.000885,0.860017,0.000368
139,True,4924790,2166761,1889942,885,860017,368,298660,298660,224896,4.92479,2.166761,1.889942,0.000885,0.860017,0.000368
140,True,4924790,2166761,1889942,885,860017,368,298660,298660,224896,4.92479,2.166761,1.889942,0.000885,0.860017,0.000368
141,True,4924790,2166761,1889942,885,860017,368,298660,298660,224896,4.92479,2.166761,1.889942,0.000885,0.860017,0.000368
142,True,4924790,2166761,1889942,885,860017,368,298660,298660,224896,4.92479,2.166761,1.889942,0.000885,0.860017,0.000368
143,True,4924790,2166761,1889942,885,860017,368,298660,298660,224896,4.92479,2.166761,1.889942,0.000885,0.860017,0.000368
144,True,4924790,2166761,1889942,885,860017,368,298660,298660,224896,4.92479,2.166761,1.889942,0.000885,0.860017,0.000368
145,True,4924790,2166761,1889942,885,860017,368,298660,298660,224896,4.92479,2.166761,1.889942,0.000885,0.860017,0.000368
146,True,4924790,2166761,1889942,885,860017,368,298660,298660,224896,4.92479,2.166761,1.889942,0.000885,0.860017,0.000368
147,True,4924790,2166761,1889942,885,860017,368,298660,298660,224896,4.92479,2.166761,1.889942,0.000885,0.860017,0.000368
148,True,4924790,2166761,1889942,885,860017,368,298660,298660,224896,4.92479,2.166761,1.889942,0.000885,0.860017,0.000368
149,True,4924790,2166761,1889942,885,860017,368,298660,298660,224896,4.92479,2.166761,1.889942,0.000885,0.860017,0.000368
150,True,4924790,2166761,1889942,885,860017,368,298660,298660,224896,4.92479,2.166761,1.889942,0.000885,0.860017,0.000368
151,True,4924790,2166761,1889942,885,860017,368,298660,298660,224896,4.92479,2.166761,1.889942,0.000885,0.860017,0.000368
152,True,4924790,2166761,1889942,885,860017,368,298660,298660,224896,4.92479,2.166761,1.889942,0.000885,0.860017,0.000368
153,True,4924790,2166761,1889942,885,860017,368,298660,298660,224896,4.92479,2.166761,1.889942,0.000885,0.860017,0.000368
154,True,4924790,2166761,1889942,885,860017,368,298660,298660,224896,4.92479,2.166761,1.889942,0.000885,0.860017,0.000368
155,True,4924790,2166761,1889942,885,860017,368,298660,298660,224896,4.92479,2.166761,1.889942,0.000885,0.860017,0.000368
156,True,4924790,2166761,1889942,885,860017,368,298660,298660,224896,4.92479,2.166761,1.889942,0.000885,0.860017,0.000368
157,True,4924790,2166761,1889942,885,860017,368,298660,298660,224896,4.92479,2.166761,1.889942,0.000885,0.860017,0.000368
158,True,4924790,2166761,1889942,885,860017,368,298660,298660,224896,4.92479,2.166761,1.889942,0.000885,0.860017,0.000368
159,True,4924790,2166761,1889942,885,860017,368,298660,298660,224896,4.92479,2.166761,1.889942,0.000885,0.860017,0.000368
160,True,4924790,2166761,1889942,885,860017,368,298660,298660,224896,4.92479,2.166761,1.889942,0.000885,0.860017,0.000368
161,True,4924790,2166761,1889942,885,860017,368,298660,298660,224896,4.92479,2.166761,1.889942,0.000885,0.860017,0.000368
162,True,4924790,2166761,1889942,885,860017,368,298660,298660,224896,4.92479,2.166761,1.889942,0.000885,0.860017,0.000368
163,True,4924790,2166761,1889942,885,860017,368,298660,298660,224896,4.92479,2.166761,1.889942,0.000885,0.860017,0.000368
164,True,4924790,2166761,1889942,885,860017,368,298660,298660,224896,4.92479,2.166761,1.889942,0.000885,0.860017,0.000368
165,True,4924790,2166761,1889942,885,860017,368,298660,298660,224896,4.92479,2.166761,1.889942,0.000885,0.860017,0.000368
166,True,4924790,2166761,1889942,885,860017,368,298660,298660,224896,4.92479,2.166761,1.889942,0.000885,0.860017,0.000368
167,True,4924790,2166761,1889942,885,860017,368,298660,298660,224896,4.92479,2.166761,1.889942,0.000885,0.860017,0.000368
168,True,4924790,2166761,1889942,885,860017,368,298660,298660,224896,4.92479,2.166761,1.889942,0.000885,0.860017,0.000368
169,True,4924790,2166761,1889942,885,860017,368,298660,298660,224896,4.92479,2.166761,1.889942,0.000885,0.860017,0.000368
170,True,4924790,2166761,1889942,885,860017,368,298660,298660,224896,4.92479,2.166761,1.889942,0.000885,0.860017,0.000368
171,True,4924790,2166761,1889942,885,860017,368,298660,298660,224896,4.92479,2.166761,1.889942,0.000885,0.860017,0.000368
172,True,4924790,2166761,1889942,885,860017,368,298660,298660,224896,4.92479,2.166761,1.889942,0.000885,0.860017,0.000368
173,True,4924790,2166761,1889942,885,860017,368,298660,298660,224896,4.92479,2.166761,1.889942,0.000885,0.860017,0.000368
174,True,4924790,2166761,1889942,885,860017,368,298660,298660,224896,4.92479,2.166761,1.889942,0.000885,0.860017,0.000368
175,True,4924790,2166761,1889942,885,860017,368,298660,298660,224896,4.92479,2.166761,1.889942,0.000885,0.860017,0.000368
176,True,4924790,2166761,1889942,885,860017,368,298660,298660,224896,4.92479,2.166761,1.889942,0.000885,0.860017,0.000368
177,True,4924790,2166761,1889942,885,860017,368,298660,298660,224896,4.92479,2.166761,1.889942,0.000885,0.860017,0.000368
178,True,4924790,2166761,1889942,885,860017,368,298660,298660,224896,4.92479,2.166761,1.889942,0.000885,0.860017,0.000368
179,True,4924790,2166761,1889942,885,860017,368,298660,298660,224896,4.92479,2.166761,1.889942,0.000885,0.860017,0.000368
180,True,4924790,2166761,1889942,885,860017,368,298660,298660,224896,4.92479,2.166761,1.889942,0.000885,0.860017,0.000368
181,True,4924790,2166761,1889942,885,860017,368,298660,298660,224896,4.92479,2.166761,1.889942,0.000885,0.860017,0.000368
182,True,4924790,2166761,1889942,885,860017,368,298660,298660,224896,4.92479,2.166761,1.889942,0.000885,0.860017,0.000368
183,True,4924790,2166761,1889942,885,860017,368,298660,298660,224896,4.92479,2.166761,1.889942,0.000885,0.860017,0.000368
184,True,4924790,2166761,1889942,885,860017,368,298660,298660,224896,4.92479,2.166761,1.889942,0.000885,0.860017,0.000368
185,True,4924790,2166761,1889942,885,860017,368,298660,298660,224896,4.92479,2.166761,1.889942,0.000885,0.860017,0.000368
186,True,4924790,2166761,1889942,885,860017,368,298660,298660,224896,4.92479,2.166761,1.889942,0.000885,0.860017,0.000368
187,True,4924790,2166761,1889942,885,860017,368,298660,298660,224896,4.92479,2.166761,1.889942,0.000885,0.860017,0.000368
188,True,4924790,2166761,1889942,885,860017,368,298660,298660,224896,4.92479,2.166761,1.889942,0.000885,0.860017,0.000368
189,True,4924790,2166761,1889942,885,860017,368,298660,298660,224896,4.92479,2.166761,1.889942,0.000885,0.860017,0.000368
190,True,4924790,2166761,1889942,885,860017,368,298660,298660,224896,4.92479,2.166761,1.889942,0.000885,0.860017,0.000368
191,True,4924790,2166761,1889942,885,860017,368,298660,298660,224896,4.92479,2.166761,1.889942,0.000885,0.860017,0.000368
192,True,4924790,2166761,1889942,885,860017,368,298660,298660,224896,4.92479,2.166761,1.889942,0.000885,0.860017,0.000368
193,True,4924790,2166761,1889942,885,860017,368,298660,298660,224896,4.92479,2.166761,1.889942,0.000885,0.860017,0.000368
194,True,4924790,2166761,1889942,885,860017,368,298660,298660,224896,4.92479,2.166761,1.889942,0.000885,0.860017,0.000368
195,True,4924790,2166761,1889942,885,860017,368,298660,298660,224896,4.92479,2.166761,1.889942,0.000885,0.860017,0.000368
196,True,4924790,2166761,1889942,885,860017,368,298660,298660,224896,4.92479,2.166761,1.889942,0.000885,0.860017,0.000368
197,True,4924790,2166761,1889942,885,860017,368,298660,298660,224896,4.92479,2.166761,1.889942,0.000885,0.860017,0.000368
198,True,4924790,2166761,1889942,885,860017,368,298660,298660,224896,4.92479,2.166761,1.889942,0.000885,0.860017,0.000368
199,True,4924790,2166761,1889942,885,860017,368,298660,298660,224896,4.92479,2.166761,1.889942,0.000885,0.860017,0.000368
200,True,4924790,2166761,1889942,885,860017,368,298660,298660,224896,4.92479,2.166761,1.889942,0.000885,0.860017,0.000368
201,True,4924790,2166761,1889942,885,860017,368,298660,298660,224896,4.92479,2.166761,1.889942,0.000885,0.860017,0.000368
202,True,4924790,2166761,1889942,885,860017,368,298660,298660,224896,4.92479,2.166761,1.889942,0.000885,0.860017,0.000368
203,True,4924790,2166761,1889942,885,860017,368,298660,298660,224896,4.92479,2.166761,1.889942,0.000885,0.860017,0.000368
204,True,4924790,2166761,1889942,885,860017,368,298660,298660,224896,4.92479,2.166761,1.889942,0.000885,0.860017,0.000368
205,True,4924790,2166761,1889942,885,860017,368,298660,298660,224896,4.92479,2.166761,1.889942,0.000885,0.860017,0.000368
206,True,4924790,2166761,1889942,885,860017,368,298660,298660,224896,4.92479,2.166761,1.889942,0.000885,0.860017,0.000368
207,True,4924790,2166761,1889942,885,860017,368,298660,298660,224896,4.92479,2.166761,1.889942,0.000885,0.860017,0.000368
208,True,4924790,2166761,1889942,885,860017,368,298660,298660,224896,4.92479,2.166761,1.889942,0.000885,0.860017,0.000368
209,True,4924790,2166761,1889942,885,860017,368,298660,298660,224896,4.92479,2.166761,1.889942,0.000885,0.860017,0.000368
210,True,4924790,2166761,1889942,885,860017,368,298660,298660,224896,4.92479,2.166761,1.889942,0.000885,0.860017,0.000368
211,True,4924790,2166761,1889942,885,860017,368,298660,298660,224896,4.92479,2.166761,1.889942,0.000885,0.860017,0.000368
212,True,4924790,2166761,1889942,885,860017,368,298660,298660,224896,4.92479,2.166761,1.889942,0.000885,0.860017,0.000368
213,True,4924790,2166761,1889942,885,860017,368,298660,298660,224896,4.92479,2.166761,1.889942,0.000885,0.860017,0.000368
214,True,4924790,2166761,1889942,885,860017,368,298660,298660,224896,4.92479,2.166761,1.889942,0.000885,0.860017,0.000368
215,True,4924790,2166761,1889942,885,860017,368,298660,298660,224896,4.92479,2.166761,1.889942,0.000885,0.860017,0.000368
216,True,4924790,2166761,1889942,885,860017,368,298660,298660,224896,4.92479,2.166761,1.889942,0.000885,0.860017,0.000368
217,True,4924790,2166761,1889942,885,860017,368,298660,298660,224896,4.92479,2.166761,1.889942,0.000885,0.860017,0.000368
218,True,4924790,2166761,1889942,885,860017,368,298660,298660,224896,4.92479,2.166761,1.889942,0.000885,0.860017,0.000368
219,True,4924790,2166761,1889942,885,860017,368,298660,298660,224896,4.92479,2.166761,1.889942,0.000885,0.860017,0.000368
220,True,4924790,2166761,1889942,885,860017,368,298660,298660,224896,4.92479,2.166761,1.889942,0.000885,0.860017,0.000368
221,True,4924790,2166761,1889942,885,860017,368,298660,298660,224896,4.92479,2.166761,1.889942,0.000885,0.860017,0.000368
222,True,4924790,2166761,1889942,885,860017,368,298660,298660,224896,4.92479,2.166761,1.889942,0.000885,0.860017,0.000368
223,True,4924790,2166761,1889942,885,860017,368,298660,298660,224896,4.92479,2.166761,1.889942,0.000885,0.860017,0.000368
224,True,4924790,2166761,1889942,885,860017,368,298660,298660,224896,4.92479,2.166761,1.889942,0.000885,0.860017,0.000368
225,True,4924790,2166761,1889942,885,860017,368,298660,298660,224896,4.92479,2.166761,1.889942,0.000885,0.860017,0.000368
226,True,4924790,2166761,1889942,885,860017,368,298660,298660,224896,4.92479,2.166761,1.889942,0.000885,0.860017,0.000368
227,True,4924790,2166761,1889942,885,860017,368,298660,298660,224896,4.92479,2.166761,1.889942,0.000885,0.860017,0.000368
228,True,4924790,2166761,1889942,885,860017,368,298660,298660,224896,4.92479,2.166761,1.889942,0.000885,0.860017,0.000368
229,True,4924790,2166761,1889942,885,860017,368,298660,298660,224896,4.92479,2.166761,1.889942,0.000885,0.860017,0.000368
230,True,4924790,2166761,1889942,885,860017,368,298660,298660,224896,4.92479,2.166761,1.889942,0.000885,0.860017,0.000368
231,True,4924790,2166761,1889942,885,860017,368,298660,298660,224896,4.92479,2.166761,1.889942,0.000885,0.860017,0.000368
232,True,4924790,2166761,1889942,885,860017,368,298660,298660,224896,4.92479,2.166761,1.889942,0.000885,0.860017,0.000368
233,True,4924790,2166761,1889942,885,860017,368,298660,298660,224896,4.92479,2.166761,1.889942,0.000885,0.860017,0.000368
234,True,4924790,2166761,1889942,885,860017,368,298660,298660,224896,4.92479,2.166761,1.889942,0.000885,0.860017,0.000368
235,True,4924790,2166761,1889942,885,860017,368,298660,298660,224896,4.92479,2.166761,1.889942,0.000885,0.860017,0.000368
236,True,4924790,2166761,1889942,885,860017,368,298660,298660,224896,4.92479,2.166761,1.889942,0.000885,0.860017,0.000368
237,True,4924790,2166761,1889942,885,860017,368,298660,298660,224896,4.92479,2.166761,1.889942,0.000885,0.860017,0.000368
238,True,4924790,2166761,1889942,885,860017,368,298660,298660,224896,4.92479,2.166761,1.889942,0.000885,0.860017,0.000368
239,True,4924790,2166761,1889942,885,860017,368,298660,298660,224896,4.92479,2.166761,1.889942,0.000885,0.860017,0.000368
240,True,4924790,2166761,1889942,885,860017,368,298660,298660,224896,4.92479,2.166761,1.889942,0.000885,0.860017,0.000368
241,True,4924790,2166761,1889942,885,860017,368,298660,298660,224896,4.92479,2.166761,1.889942,0.000885,0.860017,0.000368
242,True,4924790,2166761,1889942,885,860017,368,298660,298660,224896,4.92479,2.166761,1.889942,0.000885,0.860017,0.000368
243,True,4924790,2166761,1889942,885,860017,368,298660,298660,224896,4.92479,2.166761,1.889942,0.000885,0.860017,0.000368
244,True,4924790,2166761,1889942,885,860017,368,298660,298660,224896,4.92479,2.166761,1.889942,0.000885,0.860017,0.000368
245,True,4924790,2166761,1889942,885,860017,368,298660,298660,224896,4.92479,2.166761,1.889942,0.000885,0.860017,0.000368
246,True,4924790,2166761,1889942,885,860017,368,298660,298660,224896,4.92479,2.166761,1.889942,0.000885,0.860017,0.000368
247,True,4924790,2166761,1889942,885,860017,368,298660,298660,224896,4.92479,2.166761,1.889942,0.000885,0.860017,0.000368
248,True,4924790,2166761,1889942,885,860017,368,298660,298660,224896,4.92479,2.166761,1.889942,0.000885,0.860017,0.000368
249,True,4924790,2166761,1889942,885,860017,368,298660,298660,224896,4.92479,2.166761,1.889942,0.000885,0.860017,0.000368
250,True,4924790,2166761,1889942,885,860017,368,298660,298660,224896,4.92479,2.166761,1.889942,0.000885,0.860017,0.000368
251,True,4924790,2166761,1889942,885,860017,368,298660,298660,224896,4.92479,2.166761,1.889942,0.000885,0.860017,0.000368
252,True,4924790,2166761,1889942,885,860017,368,298660,298660,224896,4.92479,2.166761,1.889942,0.000885,0.860017,0.000368
253,True,4924790,2166761,1889942,885,860017,368,298660,298660,224896,4.92479,2.166761,1.889942,0.000885,0.860017,0.000368
254,True,4924790,2166761,1889942,885,860017,368,298660,298660,224896,4.92479,2.166761,1.889942,0.000885,0.860017,0.000368
255,True,4924790,2166761,1889942,885,860017,368,298660,298660,224896,4.92479,2.166761,1.889942,0.000885,0.860017,0.000368
256,True,4924790,2166761,1889942,885,860017,368,298660,298660,224896,4.92479,2.166761,1.889942,0.000885,0.860017,0.000368
257,True,4924790,2166761,1889942,885,860017,368,298660,298660,224896,4.92479,2.166761,1.889942,0.000885,0.860017,0.000368
258,True,4924790,2166761,1889942,885,860017,368,298660,298660,224896,4.92479,2.166761,1.889942,0.000885,0.860017,0.000368
259,True,4924790,2166761,1889942,885,860017,368,298660,298660,224896,4.92479,2.166761,1.889942,0.000885,0.860017,0.000368
260,True,4924790,2166761,1889942,885,860017,368,298660,298660,224896,4.92479,2.166761,1.889942,0.000885,0.860017,0.000368
261,True,4924790,2166761,1889942,885,860017,368,298660,298660,224896,4.92479,2.166761,1.889942,0.000885,0.860017,0.000368
262,True,4924790,2166761,1889942,885,860017,368,298660,298660,224896,4.92479,2.166761,1.889942,0.000885,0.860017,0.000368
263,True,4924790,2166761,1889942,885,860017,368,298660,298660,224896,4.92479,2.166761,1.889942,0.000885,0.860017,0.000368
264,True,4924790,2166761,1889942,885,860017,368,298660,298660,224896,4.92479,2.166761,1.889942,0.000885,0.860017,0.000368
265,True,4924790,2166761,1889942,885,860017,368,298660,298660,224896,4.92479,2.166761,1.889942,0.000885,0.860017,0.000368
266,True,4924790,2166761,1889942,885,860017,368,298660,298660,224896,4.92479,2.166761,1.889942,0.000885,0.860017,0.000368
267,True,4924790,2166761,1889942,885,860017,368,298660,298660,224896,4.92479,2.166761,1.889942,0.000885,0.860017,0.000368
268,True,4924790,2166761,1889942,885,860017,368,298660,298660,224896,4.92479,2.166761,1.889942,0.000885,0.860017,0.000368
269,True,4924790,2166761,1889942,885,860017,368,298660,298660,224896,4.92479,2.166761,1.889942,0.000885,0.860017,0.000368
270,True,4924790,2166761,1889942,885,860017,368,298660,298660,224896,4.92479,2.166761,1.889942,0.000885,0.860017,0.000368
271,True,4924790,2166761,1889942,885,860017,368,298660,298660,224896,4.92479,2.166761,1.889942,0.000885,0.860017,0.000368
272,True,4924790,2166761,1889942,885,860017,368,298660,298660,224896,4.92479,2.166761,1.889942,0.000885,0.860017,0.000368
273,True,4924790,2166761,1889942,885,860017,368,298660,298660,224896,4.92479,2.166761,1.889942,0.000885,0.860017,0.000368
274,True,4924790,2166761,1889942,885,860017,368,298660,298660,224896,4.92479,2.166761,1.889942,0.000885,0.860017,0.000368
275,True,4924790,2166761,1889942,885,860017,368,298660,298660,224896,4.92479,2.166761,1.889942,0.000885,0.860017,0.000368
276,True,4924790,2166761,1889942,885,860017,368,298660,298660,224896,4.92479,2.166761,1.889942,0.000885,0.860017,0.000368
277,True,4924790,2166761,1889942,885,860017,368,298660,298660,224896,4.92479,2.166761,1.889942,0.000885,0.860017,0.000368
278,True,4924790,2166761,1889942,885,860017,368,298660,298660,224896,4.92479,2.166761,1.889942,0.000885,0.860017,0.000368
279,True,4924790,2166761,1889942,885,860017,368,298660,298660,224896,4.92479,2.166761,1.889942,0.000885,0.860017,0.000368
280,True,4924790,2166761,1889942,885,860017,368,298660,298660,224896,4.92479,2.166761,1.889942,0.000885,0.860017,0.000368
281,True,4924790,2166761,1889942,885,860017,368,298660,298660,224896,4.92479,2.166761,1.889942,0.000885,0.860017,0.000368
282,True,4924790,2166761,1889942,885,860017,368,298660,298660,224896,4.92479,2.166761,1.889942,0.000885,0.860017,0.000368
283,True,4924790,2166761,1889942,885,860017,368,298660,298660,224896,4.92479,2.166761,1.889942,0.000885,0.860017,0.000368
284,True,4924790,2166761,1889942,885,860017,368,298660,298660,224896,4.92479,2.166761,1.889942,0.000885,0.860017,0.000368
285,True,4924790,2166761,1889942,885,860017,368,298660,298660,224896,4.92479,2.166761,1.889942,0.000885,0.860017,0.000368
286,True,4924790,2166761,1889942,885,860017,368,298660,298660,224896,4.92479,2.166761,1.889942,0.000885,0.860017,0.000368
287,True,4924790,2166761,1889942,885,860017,368,298660,298660,224896,4.92479,2.166761,1.889942,0.000885,0.860017,0.000368
288,True,4924790,2166761,1889942,885,860017,368,298660,298660,224896,4.92479,2.166761,1.889942,0.000885,0.860017,0.000368
289,True,4924790,2166761,1889942,885,860017,368,298660,298660,224896,4.92479,2.166761,1.889942,0.000885,0.860017,0.000368
290,True,4924790,2166761,1889942,885,860017,368,298660,298660,224896,4.92479,2.166761,1.889942,0.000885,0.860017,0.000368
291,True,4924790,2166761,1889942,885,860017,368,298660,298660,224896,4.92479,2.166761,1.889942,0.000885,0.860017,0.000368
292,True,4924790,2166761,1889942,885,860017,368,298660,298660,224896,4.92479,2.166761,1.889942,0.000885,0.860017,0.000368
293,True,4924790,2166761,1889942,885,860017,368,298660,298660,224896,4.92479,2.166761,1.889942,0.000885,0.860017,0.000368
294,True,4924790,2166761,1889942,885,860017,368,298660,298660,224896,4.92479,2.166761,1.889942,0.000885,0.860017,0.000368
295,True,4924790,2166761,1889942,885,860017,368,298660,298660,224896,4.92479,2.166761,1.889942,0.000885,0.860017,0.000368
296,True,4924790,2166761,1889942,885,860017,368,298660,298660,224896,4.92479,2.166761,1.889942,0.000885,0.860017,0.000368
297,True,4924790,2166761,1889942,885,860017,368,298660,298660,224896,4.92479,2.166761,1.889942,0.000885,0.860017,0.000368
298,True,4924790,2166761,1889942,885,860017,368,298660,298660,224896,4.92479,2.166761,1.889942,0.000885,0.860017,0.000368
299,True,4924790,2166761,1889942,885,860017,368,298660,298660,224896,4.92479,2.166761,1.889942,0.000885,0.860017,0.000368
300,True,4924790,2166761,1889942,885,860017,368,298660,298660,224896,4.92479,2.166761,1.889942,0.000885,0.860017,0.000368
301,True,4924790,2166761,1889942,885,860017,368,298660,298660,224896,4.92479,2.166761,1.889942,0.000885,0.860017,0.000368
302,True,4924790,2166761,1889942,885,860017,368,298660,298660,224896,4.92479,2.166761,1.889942,0.000885,0.860017,0.000368
303,True,4924790,2166761,1889942,885,860017,368,298660,298660,224896,4.92479,2.166761,1.889942,0.000885,0.860017,0.000368
304,True,4924790,2166761,1889942,885,860017,368,298660,298660,224896,4.92479,2.166761,1.889942,0.000885,0.860017,0.000368
305,True,4924790,2166761,1889942,885,860017,368,298660,298660,224896,4.92479,2.166761,1.889942,0.000885,0.860017,0.000368
306,True,4924790,2166761,1889942,885,860017,368,298660,298660,224896,4.92479,2.166761,1.889942,0.000885,0.860017,0.000368
307,True,4924790,2166761,1889942,885,860017,368,298660,298660,224896,4.92479,2.166761,1.889942,0.000885,0.860017,0.000368
308,True,4924790,2166761,1889942,885,860017,368,298660,298660,224896,4.92479,2.166761,1.889942,0.000885,0.860017,0.000368
309,True,4924790,2166761,1889942,885,860017,368,298660,298660,224896,4.92479,2.166761,1.889942,0.000885,0.860017,0.000368
310,True,4924790,2166761,1889942,885,860017,368,298660,298660,224896,4.92479,2.166761,1.889942,0.000885,0.860017,0.000368
311,True,4924790,2166761,1889942,885,860017,368,298660,298660,224896,4.92479,2.166761,1.889942,0.000885,0.860017,0.000368
312,True,4924790,2166761,1889942,885,860017,368,298660,298660,224896,4.92479,2.166761,1.889942,0.000885,0.860017,0.000368
313,True,4924790,2166761,1889942,885,860017,368,298660,298660,224896,4.92479,2.166761,1.889942,0.000885,0.860017,0.000368
314,True,4924790,2166761,1889942,885,860017,368,298660,298660,224896,4.92479,2.166761,1.889942,0.000885,0.860017,0.000368
315,True,4924790,2166761,1889942,885,860017,368,298660,298660,224896,4.92479,2.166761,1.889942,0.000885,0.860017,0.000368
316,True,4924790,2166761,1889942,885,860017,368,298660,298660,224896,4.92479,2.166761,1.889942,0.000885,0.860017,0.000368
317,True,4924790,2166761,1889942,885,860017,368,298660,298660,224896,4.92479,2.166761,1.889942,0.000885,0.860017,0.000368
318,True,4924790,2166761,1889942,885,860017,368,298660,298660,224896,4.92479,2.166761,1.889942,0.000885,0.860017,0.000368
319,True,4924790,2166761,1889942,885,860017,368,298660,298660,224896,4.92479,2.166761,1.889942,0.000885,0.860017,0.000368
320,True,4924790,2166761,1889942,885,860017,368,298660,298660,224896,4.92479,2.166761,1.889942,0.000885,0.860017,0.000368
321,True,4924790,2166761,1889942,885,860017,368,298660,298660,224896,4.92479,2.166761,1.889942,0.000885,0.860017,0.000368
322,True,4924790,2166761,1889942,885,860017,368,298660,298660,224896,4.92479,2.166761,1.889942,0.000885,0.860017,0.000368
323,True,4924790,2166761,1889942,885,860017,368,298660,298660,224896,4.92479,2.166761,1.889942,0.000885,0.860017,0.000368
324,True,4924790,2166761,1889942,885,860017,368,298660,298660,224896,4.92479,2.166761,1.889942,0.000885,0.860017,0.000368
325,True,4924790,2166761,1889942,885,860017,368,298660,298660,224896,4.92479,2.166761,1.889942,0.000885,0.860017,0.000368
326,True,4924790,2166761,1889942,885,860017,368,298660,298660,224896,4.92479,2.166761,1.889942,0.000885,0.860017,0.000368
327,True,4924790,2166761,1889942,885,860017,368,298660,298660,224896,4.92479,2.166761,1.889942,0.000885,0.860017,0.000368
328,True,4924790,2166761,1889942,885,860017,368,298660,298660,224896,4.92479,2.166761,1.889942,0.000885,0.860017,0.000368
329,True,4924790,2166761,1889942,885,860017,368,298660,298660,224896,4.92479,2.166761,1.889942,0.000885,0.860017,0.000368
330,True,4924790,2166761,1889942,885,860017,368,298660,298660,224896,4.92479,2.166761,1.889942,0.000885,0.860017,0.000368
331,True,4924790,2166761,1889942,885,860017,368,298660,298660,224896,4.92479,2.166761,1.889942,0.000885,0.860017,0.000368
332,True,4924790,2166761,1889942,885,860017,368,298660,298660,224896,4.92479,2.166761,1.889942,0.000885,0.860017,0.000368
333,True,4924790,2166761,1889942,885,860017,368,298660,298660,224896,4.92479,2.166761,1.889942,0.000885,0.860017,0.000368
334,True,4924790,2166761,1889942,885,860017,368,298660,298660,224896,4.92479,2.166761,1.889942,0.000885,0.860017,0.000368
335,True,4924790,2166761,1889942,885,860017,368,298660,298660,224896,4.92479,2.166761,1.889942,0.000885,0.860017,0.000368
336,True,4924790,2166761,1889942,885,860017,368,298660,298660,224896,4.92479,2.166761,1.889942,0.000885,0.860017,0.000368
337,True,4924790,2166761,1889942,885,860017,368,298660,298660,224896,4.92479,2.166761,1.889942,0.000885,0.860017,0.000368
338,True,4924790,2166761,1889942,885,860017,368,298660,298660,224896,4.92479,2.166761,1.889942,0.000885,0.860017,0.000368
339,True,4924790,2166761,1889942,885,860017,368,298660,298660,224896,4.92479,2.166761,1.889942,0.000885,0.860017,0.000368
340,True,4924790,2166761,1889942,885,860017,368,298660,298660,224896,4.92479,2.166761,1.889942,0.000885,0.860017,0.000368
341,True,4924790,2166761,1889942,885,860017,368,298660,298660,224896,4.92479,2.166761,1.889942,0.000885,0.860017,0.000368
342,True,4924790,2166761,1889942,885,860017,368,298660,298660,224896,4.92479,2.166761,1.889942,0.000885,0.860017,0.000368
343,True,4924790,2166761,1889942,885,860017,368,298660,298660,224896,4.92479,2.166761,1.889942,0.000885,0.860017,0.000368
344,True,4924790,2166761,1889942,885,860017,368,298660,298660,224896,4.92479,2.166761,1.889942,0.000885,0.860017,0.000368
345,True,4924790,2166761,1889942,885,860017,368,298660,298660,224896,4.92479,2.166761,1.889942,0.000885,0.860017,0.000368
346,True,4924790,2166761,1889942,885,860017,368,298660,298660,224896,4.92479,2.166761,1.889942,0.000885,0.860017,0.000368
347,True,4924790,2166761,1889942,885,860017,368,298660,298660,224896,4.92479,2.166761,1.889942,0.000885,0.860017,0.000368
348,True,4924790,2166761,1889942,885,860017,368,298660,298660,224896,4.92479,2.166761,1.889942,0.000885,0.860017,0.000368
349,True,4924790,2166761,1889942,885,860017,368,298660,298660,224896,4.92479,2.166761,1.889942,0.000885,0.860017,0.000368
350,True,4924790,2166761,1889942,885,860017,368,298660,298660,224896,4.92479,2.166761,1.889942,0.000885,0.860017,0.000368
351,True,4924790,2166761,1889942,885,860017,368,298660,298660,224896,4.92479,2.166761,1.889942,0.000885,0.860017,0.000368
352,True,4924790,2166761,1889942,885,860017,368,298660,298660,224896,4.92479,2.166761,1.889942,0.000885,0.860017,0.000368
353,True,4924790,2166761,1889942,885,860017,368,298660,298660,224896,4.92479,2.166761,1.889942,0.000885,0.860017,0.000368
354,True,4924790,2166761,1889942,885,860017,368,298660,298660,224896,4.92479,2.166761,1.889942,0.000885,0.860017,0.000368
355,True,4924790,2166761,1889942,885,860017,368,298660,298660,224896,4.92479,2.166761,1.889942,0.000885,0.860017,0.000368
356,True,4924790,2166761,1889942,885,860017,368,298660,298660,224896,4.92479,2.166761,1.889942,0.000885,0.860017,0.000368
357,True,4924790,2166761,1889942,885,860017,368,298660,298660,224896,4.92479,2.166761,1.889942,0.000885,0.860017,0.000368
358,True,4924790,2166761,1889942,885,860017,368,298660,298660,224896,4.92479,2.166761,1.889942,0.000885,0.860017,0.000368
359,True,4924790,2166761,1889942,885,860017,368,298660,298660,224896,4.92479,2.166761,1.889942,0.000885,0.860017,0.000368
360,True,4924790,2166761,1889942,885,860017,368,298660,298660,224896,4.92479,2.166761,1.889942,0.000885,0.860017,0.000368
361,True,4924790,2166761,1889942,885,860017,368,298660,298660,224896,4.92479,2.166761,1.889942,0.000885,0.860017,0.000368
362,True,4924790,2166761,1889942,885,860017,368,298660,298660,224896,4.92479,2.166761,1.889942,0.000885,0.860017,0.000368
363,True,4924790,2166761,1889942,885,860017,368,298660,298660,224896,4.92479,2.166761,1.889942,0.000885,0.860017,0.000368
364,True,4924790,2166761,1889942,885,860017,368,298660,298660,224896,4.92479,2.166761,1.889942,0.000885,0.860017,0.000368
365,True,4924790,2166761,1889942,885,860017,368,298660,298660,224896,4.92479,2.166761,1.889942,0.000885,0.860017,0.000368
366,True,4924790,2166761,1889942,885,860017,368,298660,298660,224896,4.92479,2.166761,1.889942,0.000885,0.860017,0.000368
367,True,4924790,2166761,1889942,885,860017,368,298660,298660,224896,4.92479,2.166761,1.889942,0.000885,0.860017,0.000368
368,True,4924790,2166761,1889942,885,860017,368,298660,298660,224896,4.92479,2.166761,1.889942,0.000885,0.860017,0.000368
369,True,4924790,2166761,1889942,885,860017,368,298660,298660,224896,4.92479,2.166761,1.889942,0.000885,0.860017,0.000368
370,True,4924790,2166761,1889942,885,860017,368,298660,298660,224896,4.92479,2.166761,1.889942,0.000885,0.860017,0.000368
371,True,4924790,2166761,1889942,885,860017,368,298660,298660,224896,4.92479,2.166761,1.889942,0.000885,0.860017,0.000368
372,True,4924790,2166761,1889942,885,860017,368,298660,298660,224896,4.92479,2.166761,1.889942,0.000885,0.860017,0.000368
373,True,4924790,2166761,1889942,885,860017,368,298660,298660,224896,4.92479,2.166761,1.889942,0.000885,0.860017,0.000368
374,True,4924790,2166761,1889942,885,860017,368,298660,298660,224896,4.92479,2.166761,1.889942,0.000885,0.860017,0.000368
375,True,4924790,2166761,1889942,885,860017,368,298660,298660,224896,4.92479,2.166761,1.889942,0.000885,0.860017,0.000368
376,True,4924790,2166761,1889942,885,860017,368,298660,298660,224896,4.92479,2.166761,1.889942,0.000885,0.860017,0.000368
377,True,4924790,2166761,1889942,885,860017,368,298660,298660,224896,4.92479,2.166761,1.889942,0.000885,0.860017,0.000368
378,True,4924790,2166761,1889942,885,860017,368,298660,298660,224896,4.92479,2.166761,1.889942,0.000885,0.860017,0.000368
379,True,4924790,2166761,1889942,885,860017,368,298660,298660,224896,4.92479,2.166761,1.889942,0.000885,0.860017,0.000368
380,True,4924790,2166761,1889942,885,860017,368,298660,298660,224896,4.92479,2.166761,1.889942,0.000885,0.860017,0.000368
381,True,4924790,2166761,1889942,885,860017,368,298660,298660,224896,4.92479,2.166761,1.889942,0.000885,0.860017,0.000368
382,True,4924790,2166761,1889942,885,860017,368,298660,298660,224896,4.92479,2.166761,1.889942,0.000885,0.860017,0.000368
383,True,4924790,2166761,1889942,885,860017,368,298660,298660,224896,4.92479,2.166761,1.889942,0.000885,0.860017,0.000368
384,True,4924790,2166761,1889942,885,860017,368,298660,298660,224896,4.92479,2.166761,1.889942,0.000885,0.860017,0.000368
385,True,4924790,2166761,1889942,885,860017,368,298660,298660,224896,4.92479,2.166761,1.889942,0.000885,0.860017,0.000368
386,True,4924790,2166761,1889942,885,860017,368,298660,298660,224896,4.92479,2.166761,1.889942,0.000885,0.860017,0.000368
387,True,4924790,2166761,1889942,885,860017,368,298660,298660,224896,4.92479,2.166761,1.889942,0.000885,0.860017,0.000368
388,True,4924790,2166761,1889942,885,860017,368,298660,298660,224896,4.92479,2.166761,1.889942,0.000885,0.860017,0.000368
389,True,4924790,2166761,1889942,885,860017,368,298660,298660,224896,4.92479,2.166761,1.889942,0.000885,0.860017,0.000368
390,True,4924790,2166761,1889942,885,860017,368,298660,298660,224896,4.92479,2.166761,1.889942,0.000885,0.860017,0.000368
391,True,4924790,2166761,1889942,885,860017,368,298660,298660,224896,4.92479,2.166761,1.889942,0.000885,0.860017,0.000368
392,True,4924790,2166761,1889942,885,860017,368,298660,298660,224896,4.92479,2.166761,1.889942,0.000885,0.860017,0.000368
393,True,4924790,2166761,1889942,885,860017,368,298660,298660,224896,4.92479,2.166761,1.889942,0.000885,0.860017,0.000368
394,True,4924790,2166761,1889942,885,860017,368,298660,298660,224896,4.92479,2.166761,1.889942,0.000885,0.860017,0.000368
395,True,4924790,2166761,1889942,885,860017,368,298660,298660,224896,4.92479,2.166761,1.889942,0.000885,0.860017,0.000368
396,True,4924790,2166761,1889942,885,860017,368,298660,298660,224896,4.92479,2.166761,1.889942,0.000885,0.860017,0.000368
397,True,4924790,2166761,1889942,885,860017,368,298660,298660,224896,4.92479,2.166761,1.889942,0.000885,0.860017,0.000368
398,True,4924790,2166761,1889942,885,860017,368,298660,298660,224896,4.92479,2.166761,1.889942,0.000885,0.860017,0.000368
399,True,4924790,2166761,1889942,885,860017,368,298660,298660,224896,4.92479,2.166761,1.889942,0.000885,0.860017,0.000368
400,True,4924790,2166761,1889942,885,860017,368,298660,298660,224896,4.92479,2.166761,1.889942,0.000885,0.860017,0.000368
401,True,4924790,2166761,1889942,885,860017,368,298660,298660,224896,4.92479,2.166761,1.889942,0.000885,0.860017,0.000368
402,True,4924790,2166761,1889942,885,860017,368,298660,298660,224896,4.92479,2.166761,1.889942,0.000885,0.860017,0.000368
403,True,4924790,2166761,1889942,885,860017,368,298660,298660,224896,4.92479,2.166761,1.889942,0.000885,0.860017,0.000368
404,True,4924790,2166761,1889942,885,860017,368,298660,298660,224896,4.92479,2.166761,1.889942,0.000885,0.860017,0.000368
405,True,4924790,2166761,1889942,885,860017,368,298660,298660,224896,4.92479,2.166761,1.889942,0.000885,0.860017,0.000368
406,True,4924790,2166761,1889942,885,860017,368,298660,298660,224896,4.92479,2.166761,1.889942,0.000885,0.860017,0.000368
407,True,4924790,2166761,1889942,885,860017,368,298660,298660,224896,4.92479,2.166761,1.889942,0.000885,0.860017,0.000368
408,True,4924790,2166761,1889942,885,860017,368,298660,298660,224896,4.92479,2.166761,1.889942,0.000885,0.860017,0.000368
409,True,4924790,2166761,1889942,885,860017,368,298660,298660,224896,4.92479,2.166761,1.889942,0.000885,0.860017,0.000368
410,True,4924790,2166761,1889942,885,860017,368,298660,298660,224896,4.92479,2.166761,1.889942,0.000885,0.860017,0.000368
411,True,4924790,2166761,1889942,885,860017,368,298660,298660,224896,4.92479,2.166761,1.889942,0.000885,0.860017,0.000368
412,True,4924790,2166761,1889942,885,860017,368,298660,298660,224896,4.92479,2.166761,1.889942,0.000885,0.860017,0.000368
413,True,4924790,2166761,1889942,885,860017,368,298660,298660,224896,4.92479,2.166761,1.889942,0.000885,0.860017,0.000368
414,True,4924790,2166761,1889942,885,860017,368,298660,298660,224896,4.92479,2.166761,1.889942,0.000885,0.860017,0.000368
415,True,4924790,2166761,1889942,885,860017,368,298660,298660,224896,4.92479,2.166761,1.889942,0.000885,0.860017,0.000368
416,True,4924790,2166761,1889942,885,860017,368,298660,298660,224896,4.92479,2.166761,1.889942,0.000885,0.860017,0.000368
417,True,4924790,2166761,1889942,885,860017,368,298660,298660,224896,4.92479,2.166761,1.889942,0.000885,0.860017,0.000368
418,True,4924790,2166761,1889942,885,860017,368,298660,298660,224896,4.92479,2.166761,1.889942,0.000885,0.860017,0.000368
419,True,4924790,2166761,1889942,885,860017,368,298660,298660,224896,4.92479,2.166761,1.889942,0.000885,0.860017,0.000368
420,True,4924790,2166761,1889942,885,860017,368,298660,298660,224896,4.92479,2.166761,1.889942,0.000885,0.860017,0.000368
421,True,4924790,2166761,1889942,885,860017,368,298660,298660,224896,4.92479,2.166761,1.889942,0.000885,0.860017,0.000368
422,True,4924790,2166761,1889942,885,860017,368,298660,298660,224896,4.92479,2.166761,1.889942,0.000885,0.860017,0.000368
423,True,4924790,2166761,1889942,885,860017,368,298660,298660,224896,4.92479,2.166761,1.889942,0.000885,0.860017,0.000368
424,True,4924790,2166761,1889942,885,860017,368,298660,298660,224896,4.92479,2.166761,1.889942,0.000885,0.860017,0.000368
425,True,4924790,2166761,1889942,885,860017,368,298660,298660,224896,4.92479,2.166761,1.889942,0.000885,0.860017,0.000368
426,True,4924790,2166761,1889942,885,860017,368,298660,298660,224896,4.92479,2.166761,1.889942,0.000885,0.860017,0.000368
427,True,4924790,2166761,1889942,885,860017,368,298660,298660,224896,4.92479,2.166761,1.889942,0.000885,0.860017,0.000368
428,True,4924790,2166761,1889942,885,860017,368,298660,298660,224896,4.92479,2.166761,1.889942,0.000885,0.860017,0.000368
429,True,4924790,2166761,1889942,885,860017,368,298660,298660,224896,4.92479,2.166761,1.889942,0.000885,0.860017,0.000368
430,True,4924790,2166761,1889942,885,860017,368,298660,298660,224896,4.92479,2.166761,1.889942,0.000885,0.860017,0.000368
431,True,4924790,2166761,1889942,885,860017,368,298660,298660,224896,4.92479,2.166761,1.889942,0.000885,0.860017,0.000368
432,True,4924790,2166761,1889942,885,860017,368,298660,298660,224896,4.92479,2.166761,1.889942,0.000885,0.860017,0.000368
433,True,4924790,2166761,1889942,885,860017,368,298660,298660,224896,4.92479,2.166761,1.889942,0.000885,0.860017,0.000368
434,True,4924790,2166761,1889942,885,860017,368,298660,298660,224896,4.92479,2.166761,1.889942,0.000885,0.860017,0.000368
435,True,4924790,2166761,1889942,885,860017,368,298660,298660,224896,4.92479,2.166761,1.889942,0.000885,0.860017,0.000368
436,True,4924790,2166761,1889942,885,860017,368,298660,298660,224896,4.92479,2.166761,1.889942,0.000885,0.860017,0.000368
437,True,4924790,2166761,1889942,885,860017,368,298660,298660,224896,4.92479,2.166761,1.889942,0.000885,0.860017,0.000368
438,True,4924790,2166761,1889942,885,860017,368,298660,298660,224896,4.92479,2.166761,1.889942,0.000885,0.860017,0.000368
439,True,4924790,2166761,1889942,885,860017,368,298660,298660,224896,4.92479,2.166761,1.889942,0.000885,0.860017,0.000368
440,True,4924790,2166761,1889942,885,860017,368,298660,298660,224896,4.92479,2.166761,1.889942,0.000885,0.860017,0.000368
441,True,4924790,2166761,1889942,885,860017,368,298660,298660,224896,4.92479,2.166761,1.889942,0.000885,0.860017,0.000368
442,True,4924790,2166761,1889942,885,860017,368,298660,298660,224896,4.92479,2.166761,1.889942,0.000885,0.860017,0.000368
443,True,4924790,2166761,1889942,885,860017,368,298660,298660,224896,4.92479,2.166761,1.889942,0.000885,0.860017,0.000368
444,True,4924790,2166761,1889942,885,860017,368,298660,298660,224896,4.92479,2.166761,1.889942,0.000885,0.860017,0.000368
445,True,4924790,2166761,1889942,885,860017,368,298660,298660,224896,4.92479,2.166761,1.889942,0.000885,0.860017,0.000368
446,True,4924790,2166761,1889942,885,860017,368,298660,298660,224896,4.92479,2.166761,1.889942,0.000885,0.860017,0.000368
447,True,4924790,2166761,1889942,885,860017,368,298660,298660,224896,4.92479,2.166761,1.889942,0.000885,0.860017,0.000368
448,True,4924790,2166761,1889942,885,860017,368,298660,298660,224896,4.92479,2.166761,1.889942,0.000885,0.860017,0.000368
449,True,4924790,2166761,1889942,885,860017,368,298660,298660,224896,4.92479,2.166761,1.889942,0.000885,0.860017,0.000368
450,True,4924790,2166761,1889942,885,860017,368,298660,298660,224896,4.92479,2.166761,1.889942,0.000885,0.860017,0.000368
451,True,4924790,2166761,1889942,885,860017,368,298660,298660,224896,4.92479,2.166761,1.889942,0.000885,0.860017,0.000368
452,True,4924790,2166761,1889942,885,860017,368,298660,298660,224896,4.92479,2.166761,1.889942,0.000885,0.860017,0.000368
453,True,4924790,2166761,1889942,885,860017,368,298660,298660,224896,4.92479,2.166761,1.889942,0.000885,0.860017,0.000368
454,True,4924790,2166761,1889942,885,860017,368,298660,298660,224896,4.92479,2.166761,1.889942,0.000885,0.860017,0.000368
455,True,4924790,2166761,1889942,885,860017,368,298660,298660,224896,4.92479,2.166761,1.889942,0.000885,0.860017,0.000368
456,True,4924790,2166761,1889942,885,860017,368,298660,298660,224896,4.92479,2.166761,1.889942,0.000885,0.860017,0.000368
457,True,4924790,2166761,1889942,885,860017,368,298660,298660,224896,4.92479,2.166761,1.889942,0.000885,0.860017,0.000368
458,True,4924790,2166761,1889942,885,860017,368,298660,298660,224896,4.92479,2.166761,1.889942,0.000885,0.860017,0.000368
459,True,4924790,2166761,1889942,885,860017,368,298660,298660,224896,4.92479,2.166761,1.889942,0.000885,0.860017,0.000368
460,True,4924790,2166761,1889942,885,860017,368,298660,298660,224896,4.92479,2.166761,1.889942,0.000885,0.860017,0.000368
461,True,4924790,2166761,1889942,885,860017,368,298660,298660,224896,4.92479,2.166761,1.889942,0.000885,0.860017,0.000368
462,True,4924790,2166761,1889942,885,860017,368,298660,298660,224896,4.92479,2.166761,1.889942,0.000885,0.860017,0.000368
463,True,4924790,2166761,1889942,885,860017,368,298660,298660,224896,4.92479,2.166761,1.889942,0.000885,0.860017,0.000368
464,True,4924790,2166761,1889942,885,860017,368,298660,298660,224896,4.92479,2.166761,1.889942,0.000885,0.860017,0.000368
465,True,4924790,2166761,1889942,885,860017,368,298660,298660,224896,4.92479,2.166761,1.889942,0.000885,0.860017,0.000368
466,True,4924790,2166761,1889942,885,860017,368,298660,298660,224896,4.92479,2.166761,1.889942,0.000885,0.860017,0.000368
467,True,4924790,2166761,1889942,885,860017,368,298660,298660,224896,4.92479,2.166761,1.889942,0.000885,0.860017,0.000368
468,True,4924790,2166761,1889942,885,860017,368,298660,298660,224896,4.92479,2.166761,1.889942,0.000885,0.860017,0.000368
469,True,4924790,2166761,1889942,885,860017,368,298660,298660,224896,4.92479,2.166761,1.889942,0.000885,0.860017,0.000368
470,True,4924790,2166761,1889942,885,860017,368,298660,298660,224896,4.92479,2.166761,1.889942,0.000885,0.860017,0.000368
471,True,4924790,2166761,1889942,885,860017,368,298660,298660,224896,4.92479,2.166761,1.889942,0.000885,0.860017,0.000368
472,True,4924790,2166761,1889942,885,860017,368,298660,298660,224896,4.92479,2.166761,1.889942,0.000885,0.860017,0.000368
473,True,4924790,2166761,1889942,885,860017,368,298660,298660,224896,4.92479,2.166761,1.889942,0.000885,0.860017,0.000368
474,True,4924790,2166761,1889942,885,860017,368,298660,298660,224896,4.92479,2.166761,1.889942,0.000885,0.860017,0.000368
475,True,4924790,2166761,1889942,885,860017,368,298660,298660,224896,4.92479,2.166761,1.889942,0.000885,0.860017,0.000368
476,True,4924790,2166761,1889942,885,860017,368,298660,298660,224896,4.92479,2.166761,1.889942,0.000885,0.860017,0.000368
477,True,4924790,2166761,1889942,885,860017,368,298660,298660,224896,4.92479,2.166761,1.889942,0.000885,0.860017,0.000368
478,True,4924790,2166761,1889942,885,860017,368,298660,298660,224896,4.92479,2.166761,1.889942,0.000885,0.860017,0.000368
479,True,4924790,2166761,1889942,885,860017,368,298660,298660,224896,4.92479,2.166761,1.889942,0.000885,0.860017,0.000368
480,True,4924790,2166761,1889942,885,860017,368,298660,298660,224896,4.92479,2.166761,1.889942,0.000885,0.860017,0.000368
481,True,4924790,2166761,1889942,885,860017,368,298660,298660,224896,4.92479,2.166761,1.889942,0.000885,0.860017,0.000368
482,True,4924790,2166761,1889942,885,860017,368,298660,298660,224896,4.92479,2.166761,1.889942,0.000885,0.860017,0.000368
483,True,4924790,2166761,1889942,885,860017,368,298660,298660,224896,4.92479,2.166761,1.889942,0.000885,0.860017,0.000368
484,True,4924790,2166761,1889942,885,860017,368,298660,298660,224896,4.92479,2.166761,1.889942,0.000885,0.860017,0.000368
485,True,4924790,2166761,1889942,885,860017,368,298660,298660,224896,4.92479,2.166761,1.889942,0.000885,0.860017,0.000368
486,True,4924790,2166761,1889942,885,860017,368,298660,298660,224896,4.92479,2.166761,1.889942,0.000885,0.860017,0.000368
487,True,4924790,2166761,1889942,885,860017,368,298660,298660,224896,4.92479,2.166761,1.889942,0.000885,0.860017,0.000368
488,True,4924790,2166761,1889942,885,860017,368,298660,298660,224896,4.92479,2.166761,1.889942,0.000885,0.860017,0.000368
489,True,4924790,2166761,1889942,885,860017,368,298660,298660,224896,4.92479,2.166761,1.889942,0.000885,0.860017,0.000368
490,True,4924790,2166761,1889942,885,860017,368,298660,298660,224896,4.92479,2.166761,1.889942,0.000885,0.860017,0.000368
491,True,4924790,2166761,1889942,885,860017,368,298660,298660,224896,4.92479,2.166761,1.889942,0.000885,0.860017,0.000368
492,True,4924790,2166761,1889942,885,860017,368,298660,298660,224896,4.92479,2.166761,1.889942,0.000885,0.860017,0.000368
493,True,4924790,2166761,1889942,885,860017,368,298660,298660,224896,4.92479,2.166761,1.889942,0.000885,0.860017,0.000368
494,True,4924790,2166761,1889942,885,860017,368,298660,298660,224896,4.92479,2.166761,1.889942,0.000885,0.860017,0.000368
495,True,4924790,2166761,1889942,885,860017,368,298660,298660,224896,4.92479,2.166761,1.889942,0.000885,0.860017,0.000368
496,True,4924790,2166761,1889942,885,860017,368,298660,298660,224896,4.92479,2.166761,1.889942,0.000885,0.860017,0.000368
497,True,4924790,2166761,1889942,885,860017,368,298660,298660,224896,4.92479,2.166761,1.889942,0.000885,0.860017,0.000368
498,True,4924790,2166761,1889942,885,860017,368,298660,298660,224896,4.92479,2.166761,1.889942,0.000885,0.860017,0.000368
499,True,4924790,2166761,1889942,885,860017,368,298660,298660,224896,4.92479,2.166761,1.889942,0.000885,0.860017,0.000368
500,True,4924790,2166761,1889942,885,860017,368,298660,298660,224896,4.92479,2.166761,1.889942,0.000885,0.860017,0.000368
501,True,4924790,2166761,1889942,885,860017,368,298660,298660,224896,4.92479,2.166761,1.889942,0.000885,0.860017,0.000368
502,True,4924790,2166761,1889942,885,860017,368,298660,298660,224896,4.92479,2.166761,1.889942,0.000885,0.860017,0.000368
503,True,4924790,2166761,1889942,885,860017,368,298660,298660,224896,4.92479,2.166761,1.889942,0.000885,0.860017,0.000368
504,True,4924790,2166761,1889942,885,860017,368,298660,298660,224896,4.92479,2.166761,1.889942,0.000885,0.860017,0.000368
505,True,4924790,2166761,1889942,885,860017,368,298660,298660,224896,4.92479,2.166761,1.889942,0.000885,0.860017,0.000368
506,True,4924790,2166761,1889942,885,860017,368,298660,298660,224896,4.92479,2.166761,1.889942,0.000885,0.860017,0.000368
507,True,4924790,2166761,1889942,885,860017,368,298660,298660,224896,4.92479,2.166761,1.889942,0.000885,0.860017,0.000368
508,True,4924790,2166761,1889942,885,860017,368,298660,298660,224896,4.92479,2.166761,1.889942,0.000885,0.860017,0.000368
509,True,4924790,2166761,1889942,885,860017,368,298660,298660,224896,4.92479,2.166761,1.889942,0.000885,0.860017,0.000368
510,True,4924790,2166761,1889942,885,860017,368,298660,298660,224896,4.92479,2.166761,1.889942,0.000885,0.860017,0.000368
511,True,4924790,2166761,1889942,885,860017,368,298660,298660,224896,4.92479,2.166761,1.889942,0.000885,0.860017,0.000368
512,True,4924790,2166761,1889942,885,860017,368,298660,298660,224896,4.92479,2.166761,1.889942,0.000885,0.860017,0.000368
513,True,4924790,2166761,1889942,885,860017,368,298660,298660,224896,4.92479,2.166761,1.889942,0.000885,0.860017,0.000368
514,True,4924790,2166761,1889942,885,860017,368,298660,298660,224896,4.92479,2.166761,1.889942,0.000885,0.860017,0.000368
515,True,4924790,2166761,1889942,885,860017,368,298660,298660,224896,4.92479,2.166761,1.889942,0.000885,0.860017,0.000368
516,True,4924790,2166761,1889942,885,860017,368,298660,298660,224896,4.92479,2.166761,1.889942,0.000885,0.860017,0.000368
517,True,4924790,2166761,1889942,885,860017,368,298660,298660,224896,4.92479,2.166761,1.889942,0.000885,0.860017,0.000368
518,True,4924790,2166761,1889942,885,860017,368,298660,298660,224896,4.92479,2.166761,1.889942,0.000885,0.860017,0.000368
519,True,4924790,2166761,1889942,885,860017,368,298660,298660,224896,4.92479,2.166761,1.889942,0.000885,0.860017,0.000368
520,True,4924790,2166761,1889942,885,860017,368,298660,298660,224896,4.92479,2.166761,1.889942,0.000885,0.860017,0.000368
521,True,4924790,2166761,1889942,885,860017,368,298660,298660,224896,4.92479,2.166761,1.889942,0.000885,0.860017,0.000368
522,True,4924790,2166761,1889942,885,860017,368,298660,298660,224896,4.92479,2.166761,1.889942,0.000885,0.860017,0.000368
523,True,4924790,2166761,1889942,885,860017,368,298660,298660,224896,4.92479,2.166761,1.889942,0.000885,0.860017,0.000368
524,True,4924790,2166761,1889942,885,860017,368,298660,298660,224896,4.92479,2.166761,1.889942,0.000885,0.860017,0.000368
525,True,4924790,2166761,1889942,885,860017,368,298660,298660,224896,4.92479,2.166761,1.889942,0.000885,0.860017,0.000368
526,True,4924790,2166761,1889942,885,860017,368,298660,298660,224896,4.92479,2.166761,1.889942,0.000885,0.860017,0.000368
527,True,4924790,2166761,1889942,885,860017,368,298660,298660,224896,4.92479,2.166761,1.889942,0.000885,0.860017,0.000368
528,True,4924790,2166761,1889942,885,860017,368,298660,298660,224896,4.92479,2.166761,1.889942,0.000885,0.860017,0.000368
529,True,4924790,2166761,1889942,885,860017,368,298660,298660,224896,4.92479,2.166761,1.889942,0.000885,0.860017,0.000368
530,True,4924790,2166761,1889942,885,860017,368,298660,298660,224896,4.92479,2.166761,1.889942,0.000885,0.860017,0.000368
531,True,4924790,2166761,1889942,885,860017,368,298660,298660,224896,4.92479,2.166761,1.889942,0.000885,0.860017,0.000368
532,True,4924790,2166761,1889942,885,860017,368,298660,298660,224896,4.92479,2.166761,1.889942,0.000885,0.860017,0.000368
533,True,4924790,2166761,1889942,885,860017,368,298660,298660,224896,4.92479,2.166761,1.889942,0.000885,0.860017,0.000368
534,True,4924790,2166761,1889942,885,860017,368,298660,298660,224896,4.92479,2.166761,1.889942,0.000885,0.860017,0.000368
535,True,4924790,2166761,1889942,885,860017,368,298660,298660,224896,4.92479,2.166761,1.889942,0.000885,0.860017,0.000368
536,True,4924790,2166761,1889942,885,860017,368,298660,298660,224896,4.92479,2.166761,1.889942,0.000885,0.860017,0.000368
537,True,4924790,2166761,1889942,885,860017,368,298660,298660,224896,4.92479,2.166761,1.889942,0.000885,0.860017,0.000368
538,True,4924790,2166761,1889942,885,860017,368,298660,298660,224896,4.92479,2.166761,1.889942,0.000885,0.860017,0.000368
539,True,4924790,2166761,1889942,885,860017,368,298660,298660,224896,4.92479,2.166761,1.889942,0.000885,0.860017,0.000368
540,True,4924790,2166761,1889942,885,860017,368,298660,298660,224896,4.92479,2.166761,1.889942,0.000885,0.860017,0.000368
541,True,4924790,2166761,1889942,885,860017,368,298660,298660,224896,4.92479,2.166761,1.889942,0.000885,0.860017,0.000368
542,True,4924790,2166761,1889942,885,860017,368,298660,298660,224896,4.92479,2.166761,1.889942,0.000885,0.860017,0.000368
543,True,4924790,2166761,1889942,885,860017,368,298660,298660,224896,4.92479,2.166761,1.889942,0.000885,0.860017,0.000368
544,True,4924790,2166761,1889942,885,860017,368,298660,298660,224896,4.92479,2.166761,1.889942,0.000885,0.860017,0.000368
545,True,4924790,2166761,1889942,885,860017,368,298660,298660,224896,4.92479,2.166761,1.889942,0.000885,0.860017,0.000368
546,True,4924790,2166761,1889942,885,860017,368,298660,298660,224896,4.92479,2.166761,1.889942,0.000885,0.860017,0.000368
547,True,4924790,2166761,1889942,885,860017,368,298660,298660,224896,4.92479,2.166761,1.889942,0.000885,0.860017,0.000368
548,True,4924790,2166761,1889942,885,860017,368,298660,298660,224896,4.92479,2.166761,1.889942,0.000885,0.860017,0.000368
549,True,4924790,2166761,1889942,885,860017,368,298660,298660,224896,4.92479,2.166761,1.889942,0.000885,0.860017,0.000368
550,True,4924790,2166761,1889942,885,860017,368,298660,298660,224896,4.92479,2.166761,1.889942,0.000885,0.860017,0.000368
551,True,4924790,2166761,1889942,885,860017,368,298660,298660,224896,4.92479,2.166761,1.889942,0.000885,0.860017,0.000368
552,True,4924790,2166761,1889942,885,860017,368,298660,298660,224896,4.92479,2.166761,1.889942,0.000885,0.860017,0.000368
553,True,4924790,2166761,1889942,885,860017,368,298660,298660,224896,4.92479,2.166761,1.889942,0.000885,0.860017,0.000368
554,True,4924790,2166761,1889942,885,860017,368,298660,298660,224896,4.92479,2.166761,1.889942,0.000885,0.860017,0.000368
555,True,4924790,2166761,1889942,885,860017,368,298660,298660,224896,4.92479,2.166761,1.889942,0.000885,0.860017,0.000368
556,True,4924790,2166761,1889942,885,860017,368,298660,298660,224896,4.92479,2.166761,1.889942,0.000885,0.860017,0.000368
557,True,4924790,2166761,1889942,885,860017,368,298660,298660,224896,4.92479,2.166761,1.889942,0.000885,0.860017,0.000368
558,True,4924790,2166761,1889942,885,860017,368,298660,298660,224896,4.92479,2.166761,1.889942,0.000885,0.860017,0.000368
559,True,4924790,2166761,1889942,885,860017,368,298660,298660,224896,4.92479,2.166761,1.889942,0.000885,0.860017,0.000368
560,True,4924790,2166761,1889942,885,860017,368,298660,298660,224896,4.92479,2.166761,1.889942,0.000885,0.860017,0.000368
561,True,4924790,2166761,1889942,885,860017,368,298660,298660,224896,4.92479,2.166761,1.889942,0.000885,0.860017,0.000368
562,True,4924790,2166761,1889942,885,860017,368,298660,298660,224896,4.92479,2.166761,1.889942,0.000885,0.860017,0.000368
563,True,4924790,2166761,1889942,885,860017,368,298660,298660,224896,4.92479,2.166761,1.889942,0.000885,0.860017,0.000368
564,True,4924790,2166761,1889942,885,860017,368,298660,298660,224896,4.92479,2.166761,1.889942,0.000885,0.860017,0.000368
565,True,4924790,2166761,1889942,885,860017,368,298660,298660,224896,4.92479,2.166761,1.889942,0.000885,0.860017,0.000368
566,True,4924790,2166761,1889942,885,860017,368,298660,298660,224896,4.92479,2.166761,1.889942,0.000885,0.860017,0.000368
567,True,4924790,2166761,1889942,885,860017,368,298660,298660,224896,4.92479,2.166761,1.889942,0.000885,0.860017,0.000368
568,True,4924790,2166761,1889942,885,860017,368,298660,298660,224896,4.92479,2.166761,1.889942,0.000885,0.860017,0.000368
569,True,4924790,2166761,1889942,885,860017,368,298660,298660,224896,4.92479,2.166761,1.889942,0.000885,0.860017,0.000368
570,True,4924790,2166761,1889942,885,860017,368,298660,298660,224896,4.92479,2.166761,1.889942,0.000885,0.860017,0.000368
571,True,4924790,2166761,1889942,885,860017,368,298660,298660,224896,4.92479,2.166761,1.889942,0.000885,0.860017,0.000368
572,True,4924790,2166761,1889942,885,860017,368,298660,298660,224896,4.92479,2.166761,1.889942,0.000885,0.860017,0.000368
573,True,4924790,2166761,1889942,885,860017,368,298660,298660,224896,4.92479,2.166761,1.889942,0.000885,0.860017,0.000368
574,True,4924790,2166761,1889942,885,860017,368,298660,298660,224896,4.92479,2.166761,1.889942,0.000885,0.860017,0.000368
575,True,4924790,2166761,1889942,885,860017,368,298660,298660,224896,4.92479,2.166761,1.889942,0.000885,0.860017,0.000368
576,True,4924790,2166761,1889942,885,860017,368,298660,298660,224896,4.92479,2.166761,1.889942,0.000885,0.860017,0.000368
577,True,4924790,2166761,1889942,885,860017,368,298660,298660,224896,4.92479,2.166761,1.889942,0.000885,0.860017,0.000368
578,True,4924790,2166761,1889942,885,860017,368,298660,298660,224896,4.92479,2.166761,1.889942,0.000885,0.860017,0.000368
579,True,4924790,2166761,1889942,885,860017,368,298660,298660,224896,4.92479,2.166761,1.889942,0.000885,0.860017,0.000368
580,True,4924790,2166761,1889942,885,860017,368,298660,298660,224896,4.92479,2.166761,1.889942,0.000885,0.860017,0.000368
581,True,4924790,2166761,1889942,885,860017,368,298660,298660,224896,4.92479,2.166761,1.889942,0.000885,0.860017,0.000368
582,True,4924790,2166761,1889942,885,860017,368,298660,298660,224896,4.92479,2.166761,1.889942,0.000885,0.860017,0.000368
583,True,4924790,2166761,1889942,885,860017,368,298660,298660,224896,4.92479,2.166761,1.889942,0.000885,0.860017,0.000368
584,True,4924790,2166761,1889942,885,860017,368,298660,298660,224896,4.92479,2.166761,1.889942,0.000885,0.860017,0.000368
585,True,4924790,2166761,1889942,885,860017,368,298660,298660,224896,4.92479,2.166761,1.889942,0.000885,0.860017,0.000368
586,True,4924790,2166761,1889942,885,860017,368,298660,298660,224896,4.92479,2.166761,1.889942,0.000885,0.860017,0.000368
587,True,4924790,2166761,1889942,885,860017,368,298660,298660,224896,4.92479,2.166761,1.889942,0.000885,0.860017,0.000368
588,True,4924790,2166761,1889942,885,860017,368,298660,298660,224896,4.92479,2.166761,1.889942,0.000885,0.860017,0.000368
589,True,4924790,2166761,1889942,885,860017,368,298660,298660,224896,4.92479,2.166761,1.889942,0.000885,0.860017,0.000368
590,True,4924790,2166761,1889942,885,860017,368,298660,298660,224896,4.92479,2.166761,1.889942,0.000885,0.860017,0.000368
591,True,4924790,2166761,1889942,885,860017,368,298660,298660,224896,4.92479,2.166761,1.889942,0.000885,0.860017,0.000368
592,True,4924790,2166761,1889942,885,860017,368,298660,298660,224896,4.92479,2.166761,1.889942,0.000885,0.860017,0.000368
593,True,4924790,2166761,1889942,885,860017,368,298660,298660,224896,4.92479,2.166761,1.889942,0.000885,0.860017,0.000368
594,True,4924790,2166761,1889942,885,860017,368,298660,298660,224896,4.92479,2.166761,1.889942,0.000885,0.860017,0.000368
595,True,4924790,2166761,1889942,885,860017,368,298660,298660,224896,4.92479,2.166761,1.889942,0.000885,0.860017,0.000368
596,True,4924790,2166761,1889942,885,860017,368,298660,298660,224896,4.92479,2.166761,1.889942,0.000885,0.860017,0.000368
597,True,4924790,2166761,1889942,885,860017,368,298660,298660,224896,4.92479,2.166761,1.889942,0.000885,0.860017,0.000368
598,True,4924790,2166761,1889942,885,860017,368,298660,298660,224896,4.92479,2.166761,1.889942,0.000885,0.860017,0.000368
599,True,4924790,2166761,1889942,885,860017,368,298660,298660,224896,4.92479,2.166761,1.889942,0.000885,0.860017,0.000368
600,True,4924790,2166761,1889942,885,860017,368,298660,298660,224896,4.92479,2.166761,1.889942,0.000885,0.860017,0.000368
601,True,4924790,2166761,1889942,885,860017,368,298660,298660,224896,4.92479,2.166761,1.889942,0.000885,0.860017,0.000368
602,True,4924790,2166761,1889942,885,860017,368,298660,298660,224896,4.92479,2.166761,1.889942,0.000885,0.860017,0.000368
603,True,4924790,2166761,1889942,885,860017,368,298660,298660,224896,4.92479,2.166761,1.889942,0.000885,0.860017,0.000368
604,True,4924790,2166761,1889942,885,860017,368,298660,298660,224896,4.92479,2.166761,1.889942,0.000885,0.860017,0.000368
605,True,4924790,2166761,1889942,885,860017,368,298660,298660,224896,4.92479,2.166761,1.889942,0.000885,0.860017,0.000368
606,True,4924790,2166761,1889942,885,860017,368,298660,298660,224896,4.92479,2.166761,1.889942,0.000885,0.860017,0.000368
607,True,4924790,2166761,1889942,885,860017,368,298660,298660,224896,4.92479,2.166761,1.889942,0.000885,0.860017,0.000368
608,True,4924790,2166761,1889942,885,860017,368,298660,298660,224896,4.92479,2.166761,1.889942,0.000885,0.860017,0.000368
609,True,4924790,2166761,1889942,885,860017,368,298660,298660,224896,4.92479,2.166761,1.889942,0.000885,0.860017,0.000368
610,True,4924790,2166761,1889942,885,860017,368,298660,298660,224896,4.92479,2.166761,1.889942,0.000885,0.860017,0.000368
611,True,4924790,2166761,1889942,885,860017,368,298660,298660,224896,4.92479,2.166761,1.889942,0.000885,0.860017,0.000368
612,True,4924790,2166761,1889942,885,860017,368,298660,298660,224896,4.92479,2.166761,1.889942,0.000885,0.860017,0.000368
613,True,4924790,2166761,1889942,885,860017,368,298660,298660,224896,4.92479,2.166761,1.889942,0.000885,0.860017,0.000368
614,True,4924790,2166761,1889942,885,860017,368,298660,298660,224896,4.92479,2.166761,1.889942,0.000885,0.860017,0.000368
615,True,4924790,2166761,1889942,885,860017,368,298660,298660,224896,4.92479,2.166761,1.889942,0.000885,0.860017,0.000368
616,True,4924790,2166761,1889942,885,860017,368,298660,298660,224896,4.92479,2.166761,1.889942,0.000885,0.860017,0.000368
617,True,4924790,2166761,1889942,885,860017,368,298660,298660,224896,4.92479,2.166761,1.889942,0.000885,0.860017,0.000368
618,True,4924790,2166761,1889942,885,860017,368,298660,298660,224896,4.92479,2.166761,1.889942,0.000885,0.860017,0.000368
619,True,4924790,2166761,1889942,885,860017,368,298660,298660,224896,4.92479,2.166761,1.889942,0.000885,0.860017,0.000368
620,True,4924790,2166761,1889942,885,860017,368,298660,298660,224896,4.92479,2.166761,1.889942,0.000885,0.860017,0.000368
621,True,4924790,2166761,1889942,885,860017,368,298660,298660,224896,4.92479,2.166761,1.889942,0.000885,0.860017,0.000368
622,True,4924790,2166761,1889942,885,860017,368,298660,298660,224896,4.92479,2.166761,1.889942,0.000885,0.860017,0.000368
623,True,4924790,2166761,1889942,885,860017,368,298660,298660,224896,4.92479,2.166761,1.889942,0.000885,0.860017,0.000368
624,True,4924790,2166761,1889942,885,860017,368,298660,298660,224896,4.92479,2.166761,1.889942,0.000885,0.860017,0.000368
625,True,4924790,2166761,1889942,885,860017,368,298660,298660,224896,4.92479,2.166761,1.889942,0.000885,0.860017,0.000368
626,True,4924790,2166761,1889942,885,860017,368,298660,298660,224896,4.92479,2.166761,1.889942,0.000885,0.860017,0.000368
627,True,4924790,2166761,1889942,885,860017,368,298660,298660,224896,4.92479,2.166761,1.889942,0.000885,0.860017,0.000368
628,True,4924790,2166761,1889942,885,860017,368,298660,298660,224896,4.92479,2.166761,1.889942,0.000885,0.860017,0.000368
629,True,4924790,2166761,1889942,885,860017,368,298660,298660,224896,4.92479,2.166761,1.889942,0.000885,0.860017,0.000368
630,True,4924790,2166761,1889942,885,860017,368,298660,298660,224896,4.92479,2.166761,1.889942,0.000885,0.860017,0.000368
631,True,4924790,2166761,1889942,885,860017,368,298660,298660,224896,4.92479,2.166761,1.889942,0.000885,0.860017,0.000368
632,True,4924790,2166761,1889942,885,860017,368,298660,298660,224896,4.92479,2.166761,1.889942,0.000885,0.860017,0.000368
633,True,4924790,2166761,1889942,885,860017,368,298660,298660,224896,4.92479,2.166761,1.889942,0.000885,0.860017,0.000368
634,True,4924790,2166761,1889942,885,860017,368,298660,298660,224896,4.92479,2.166761,1.889942,0.000885,0.860017,0.000368
635,True,4924790,2166761,1889942,885,860017,368,298660,298660,224896,4.92479,2.166761,1.889942,0.000885,0.860017,0.000368
636,True,4924790,2166761,1889942,885,860017,368,298660,298660,224896,4.92479,2.166761,1.889942,0.000885,0.860017,0.000368
637,True,4924790,2166761,1889942,885,860017,368,298660,298660,224896,4.92479,2.166761,1.889942,0.000885,0.860017,0.000368
638,True,4924790,2166761,1889942,885,860017,368,298660,298660,224896,4.92479,2.166761,1.889942,0.000885,0.860017,0.000368
639,True,4924790,2166761,1889942,885,860017,368,298660,298660,224896,4.92479,2.166761,1.889942,0.000885,0.860017,0.000368
640,True,4924790,2166761,1889942,885,860017,368,298660,298660,224896,4.92479,2.166761,1.889942,0.000885,0.860017,0.000368
641,True,4924790,2166761,1889942,885,860017,368,298660,298660,224896,4.92479,2.166761,1.889942,0.000885,0.860017,0.000368
642,True,4924790,2166761,1889942,885,860017,368,298660,298660,224896,4.92479,2.166761,1.889942,0.000885,0.860017,0.000368
643,True,4924790,2166761,1889942,885,860017,368,298660,298660,224896,4.92479,2.166761,1.889942,0.000885,0.860017,0.000368
644,True,4924790,2166761,1889942,885,860017,368,298660,298660,224896,4.92479,2.166761,1.889942,0.000885,0.860017,0.000368
645,True,4924790,2166761,1889942,885,860017,368,298660,298660,224896,4.92479,2.166761,1.889942,0.000885,0.860017,0.000368
646,True,4924790,2166761,1889942,885,860017,368,298660,298660,224896,4.92479,2.166761,1.889942,0.000885,0.860017,0.000368
647,True,4924790,2166761,1889942,885,860017,368,298660,298660,224896,4.92479,2.166761,1.889942,0.000885,0.860017,0.000368
648,True,4924790,2166761,1889942,885,860017,368,298660,298660,224896,4.92479,2.166761,1.889942,0.000885,0.860017,0.000368
649,True,4924790,2166761,1889942,885,860017,368,298660,298660,224896,4.92479,2.166761,1.889942,0.000885,0.860017,0.000368
650,True,4924790,2166761,1889942,885,860017,368,298660,298660,224896,4.92479,2.166761,1.889942,0.000885,0.860017,0.000368
651,True,4924790,2166761,1889942,885,860017,368,298660,298660,224896,4.92479,2.166761,1.889942,0.000885,0.860017,0.000368
652,True,4924790,2166761,1889942,885,860017,368,298660,298660,224896,4.92479,2.166761,1.889942,0.000885,0.860017,0.000368
653,True,4924790,2166761,1889942,885,860017,368,298660,298660,224896,4.92479,2.166761,1.889942,0.000885,0.860017,0.000368
654,True,4924790,2166761,1889942,885,860017,368,298660,298660,224896,4.92479,2.166761,1.889942,0.000885,0.860017,0.000368
655,True,4924790,2166761,1889942,885,860017,368,298660,298660,224896,4.92479,2.166761,1.889942,0.000885,0.860017,0.000368
656,True,4924790,2166761,1889942,885,860017,368,298660,298660,224896,4.92479,2.166761,1.889942,0.000885,0.860017,0.000368
657,True,4924790,2166761,1889942,885,860017,368,298660,298660,224896,4.92479,2.166761,1.889942,0.000885,0.860017,0.000368
658,True,4924790,2166761,1889942,885,860017,368,298660,298660,224896,4.92479,2.166761,1.889942,0.000885,0.860017,0.000368
659,True,4924790,2166761,1889942,885,860017,368,298660,298660,224896,4.92479,2.166761,1.889942,0.000885,0.860017,0.000368
660,True,4924790,2166761,1889942,885,860017,368,298660,298660,224896,4.92479,2.166761,1.889942,0.000885,0.860017,0.000368
661,True,4924790,2166761,1889942,885,860017,368,298660,298660,224896,4.92479,2.166761,1.889942,0.000885,0.860017,0.000368
662,True,4924790,2166761,1889942,885,860017,368,298660,298660,224896,4.92479,2.166761,1.889942,0.000885,0.860017,0.000368
663,True,4924790,2166761,1889942,885,860017,368,298660,298660,224896,4.92479,2.166761,1.889942,0.000885,0.860017,0.000368
664,True,4924790,2166761,1889942,885,860017,368,298660,298660,224896,4.92479,2.166761,1.889942,0.000885,0.860017,0.000368
665,True,4924790,2166761,1889942,885,860017,368,298660,298660,224896,4.92479,2.166761,1.889942,0.000885,0.860017,0.000368
666,True,4924790,2166761,1889942,885,860017,368,298660,298660,224896,4.92479,2.166761,1.889942,0.000885,0.860017,0.000368
667,True,4924790,2166761,1889942,885,860017,368,298660,298660,224896,4.92479,2.166761,1.889942,0.000885,0.860017,0.000368
668,True,4924790,2166761,1889942,885,860017,368,298660,298660,224896,4.92479,2.166761,1.889942,0.000885,0.860017,0.000368
669,True,4924790,2166761,1889942,885,860017,368,298660,298660,224896,4.92479,2.166761,1.889942,0.000885,0.860017,0.000368
670,True,4924790,2166761,1889942,885,860017,368,298660,298660,224896,4.92479,2.166761,1.889942,0.000885,0.860017,0.000368
671,True,4924790,2166761,1889942,885,860017,368,298660,298660,224896,4.92479,2.166761,1.889942,0.000885,0.860017,0.000368
672,True,4924790,2166761,1889942,885,860017,368,298660,298660,224896,4.92479,2.166761,1.889942,0.000885,0.860017,0.000368
673,True,4924790,2166761,1889942,885,860017,368,298660,298660,224896,4.92479,2.166761,1.889942,0.000885,0.860017,0.000368
674,True,4924790,2166761,1889942,885,860017,368,298660,298660,224896,4.92479,2.166761,1.889942,0.000885,0.860017,0.000368
675,True,4924790,2166761,1889942,885,860017,368,298660,298660,224896,4.92479,2.166761,1.889942,0.000885,0.860017,0.000368
676,True,4924790,2166761,1889942,885,860017,368,298660,298660,224896,4.92479,2.166761,1.889942,0.000885,0.860017,0.000368
677,True,4924790,2166761,1889942,885,860017,368,298660,298660,224896,4.92479,2.166761,1.889942,0.000885,0.860017,0.000368
678,True,4924790,2166761,1889942,885,860017,368,298660,298660,224896,4.92479,2.166761,1.889942,0.000885,0.860017,0.000368
679,True,4924790,2166761,1889942,885,860017,368,298660,298660,224896,4.92479,2.166761,1.889942,0.000885,0.860017,0.000368
680,True,4924790,2166761,1889942,885,860017,368,298660,298660,224896,4.92479,2.166761,1.889942,0.000885,0.860017,0.000368
681,True,4924790,2166761,1889942,885,860017,368,298660,298660,224896,4.92479,2.166761,1.889942,0.000885,0.860017,0.000368
682,True,4924790,2166761,1889942,885,860017,368,298660,298660,224896,4.92479,2.166761,1.889942,0.000885,0.860017,0.000368
683,True,4924790,2166761,1889942,885,860017,368,298660,298660,224896,4.92479,2.166761,1.889942,0.000885,0.860017,0.000368
684,True,4924790,2166761,1889942,885,860017,368,298660,298660,224896,4.92479,2.166761,1.889942,0.000885,0.860017,0.000368
685,True,4924790,2166761,1889942,885,860017,368,298660,298660,224896,4.92479,2.166761,1.889942,0.000885,0.860017,0.000368
686,True,4924790,2166761,1889942,885,860017,368,298660,298660,224896,4.92479,2.166761,1.889942,0.000885,0.860017,0.000368
687,True,4924790,2166761,1889942,885,860017,368,298660,298660,224896,4.92479,2.166761,1.889942,0.000885,0.860017,0.000368
688,True,4924790,2166761,1889942,885,860017,368,298660,298660,224896,4.92479,2.166761,1.889942,0.000885,0.860017,0.000368
689,True,4924790,2166761,1889942,885,860017,368,298660,298660,224896,4.92479,2.166761,1.889942,0.000885,0.860017,0.000368
690,True,4924790,2166761,1889942,885,860017,368,298660,298660,224896,4.92479,2.166761,1.889942,0.000885,0.860017,0.000368
691,True,4924790,2166761,1889942,885,860017,368,298660,298660,224896,4.92479,2.166761,1.889942,0.000885,0.860017,0.000368
692,True,4924790,2166761,1889942,885,860017,368,298660,298660,224896,4.92479,2.166761,1.889942,0.000885,0.860017,0.000368
693,True,4924790,2166761,1889942,885,860017,368,298660,298660,224896,4.92479,2.166761,1.889942,0.000885,0.860017,0.000368
694,True,4924790,2166761,1889942,885,860017,368,298660,298660,224896,4.92479,2.166761,1.889942,0.000885,0.860017,0.000368
695,True,4924790,2166761,1889942,885,860017,368,298660,298660,224896,4.92479,2.166761,1.889942,0.000885,0.860017,0.000368
696,True,4924790,2166761,1889942,885,860017,368,298660,298660,224896,4.92479,2.166761,1.889942,0.000885,0.860017,0.000368
697,True,4924790,2166761,1889942,885,860017,368,298660,298660,224896,4.92479,2.166761,1.889942,0.000885,0.860017,0.000368
698,True,4924790,2166761,1889942,885,860017,368,298660,298660,224896,4.92479,2.166761,1.889942,0.000885,0.860017,0.000368
699,True,4924790,2166761,1889942,885,860017,368,298660,298660,224896,4.92479,2.166761,1.889942,0.000885,0.860017,0.000368
700,True,4924790,2166761,1889942,885,860017,368,298660,298660,224896,4.92479,2.166761,1.889942,0.000885,0.860017,0.000368
701,True,4924790,2166761,1889942,885,860017,368,298660,298660,224896,4.92479,2.166761,1.889942,0.000885,0.860017,0.000368
702,True,4924790,2166761,1889942,885,860017,368,298660,298660,224896,4.92479,2.166761,1.889942,0.000885,0.860017,0.000368
703,True,4924790,2166761,1889942,885,860017,368,298660,298660,224896,4.92479,2.166761,1.889942,0.000885,0.860017,0.000368
704,True,4924790,2166761,1889942,885,860017,368,298660,298660,224896,4.92479,2.166761,1.889942,0.000885,0.860017,0.000368
705,True,4924790,2166761,1889942,885,860017,368,298660,298660,224896,4.92479,2.166761,1.889942,0.000885,0.860017,0.000368
706,True,4924790,2166761,1889942,885,860017,368,298660,298660,224896,4.92479,2.166761,1.889942,0.000885,0.860017,0.000368
707,True,4924790,2166761,1889942,885,860017,368,298660,298660,224896,4.92479,2.166761,1.889942,0.000885,0.860017,0.000368
708,True,4924790,2166761,1889942,885,860017,368,298660,298660,224896,4.92479,2.166761,1.889942,0.000885,0.860017,0.000368
709,True,4924790,2166761,1889942,885,860017,368,298660,298660,224896,4.92479,2.166761,1.889942,0.000885,0.860017,0.000368
710,True,4924790,2166761,1889942,885,860017,368,298660,298660,224896,4.92479,2.166761,1.889942,0.000885,0.860017,0.000368
711,True,4924790,2166761,1889942,885,860017,368,298660,298660,224896,4.92479,2.166761,1.889942,0.000885,0.860017,0.000368
712,True,4924790,2166761,1889942,885,860017,368,298660,298660,224896,4.92479,2.166761,1.889942,0.000885,0.860017,0.000368
713,True,4924790,2166761,1889942,885,860017,368,298660,298660,224896,4.92479,2.166761,1.889942,0.000885,0.860017,0.000368
714,True,4924790,2166761,1889942,885,860017,368,298660,298660,224896,4.92479,2.166761,1.889942,0.000885,0.860017,0.000368
715,True,4924790,2166761,1889942,885,860017,368,298660,298660,224896,4.92479,2.166761,1.889942,0.000885,0.860017,0.000368
716,True,4924790,2166761,1889942,885,860017,368,298660,298660,224896,4.92479,2.166761,1.889942,0.000885,0.860017,0.000368
717,True,4924790,2166761,1889942,885,860017,368,298660,298660,224896,4.92479,2.166761,1.889942,0.000885,0.860017,0.000368
718,True,4924790,2166761,1889942,885,860017,368,298660,298660,224896,4.92479,2.166761,1.889942,0.000885,0.860017,0.000368
719,True,4924790,2166761,1889942,885,860017,368,298660,298660,224896,4.92479,2.166761,1.889942,0.000885,0.860017,0.000368
720,True,4924790,2166761,1889942,885,860017,368,298660,298660,224896,4.92479,2.166761,1.889942,0.000885,0.860017,0.000368
721,True,4924790,2166761,1889942,885,860017,368,298660,298660,224896,4.92479,2.166761,1.889942,0.000885,0.860017,0.000368
722,True,4924790,2166761,1889942,885,860017,368,298660,298660,224896,4.92479,2.166761,1.889942,0.000885,0.860017,0.000368
723,True,4924790,2166761,1889942,885,860017,368,298660,298660,224896,4.92479,2.166761,1.889942,0.000885,0.860017,0.000368
724,True,4924790,2166761,1889942,885,860017,368,298660,298660,224896,4.92479,2.166761,1.889942,0.000885,0.860017,0.000368
725,True,4924790,2166761,1889942,885,860017,368,298660,298660,224896,4.92479,2.166761,1.889942,0.000885,0.860017,0.000368
726,True,4924790,2166761,1889942,885,860017,368,298660,298660,224896,4.92479,2.166761,1.889942,0.000885,0.860017,0.000368
727,True,4924790,2166761,1889942,885,860017,368,298660,298660,224896,4.92479,2.166761,1.889942,0.000885,0.860017,0.000368
728,True,4924790,2166761,1889942,885,860017,368,298660,298660,224896,4.92479,2.166761,1.889942,0.000885,0.860017,0.000368
729,True,4924790,2166761,1889942,885,860017,368,298660,298660,224896,4.92479,2.166761,1.889942,0.000885,0.860017,0.000368
730,True,4924790,2166761,1889942,885,860017,368,298660,298660,224896,4.92479,2.166761,1.889942,0.000885,0.860017,0.000368
731,True,4924790,2166761,1889942,885,860017,368,298660,298660,224896,4.92479,2.166761,1.889942,0.000885,0.860017,0.000368
732,True,4924790,2166761,1889942,885,860017,368,298660,298660,224896,4.92479,2.166761,1.889942,0.000885,0.860017,0.000368
733,True,4924790,2166761,1889942,885,860017,368,298660,298660,224896,4.92479,2.166761,1.889942,0.000885,0.860017,0.000368
734,True,4924790,2166761,1889942,885,860017,368,298660,298660,224896,4.92479,2.166761,1.889942,0.000885,0.860017,0.000368
735,True,4924790,2166761,1889942,885,860017,368,298660,298660,224896,4.92479,2.166761,1.889942,0.000885,0.860017,0.000368
736,True,4924790,2166761,1889942,885,860017,368,298660,298660,224896,4.92479,2.166761,1.889942,0.000885,0.860017,0.000368
737,True,4924790,2166761,1889942,885,860017,368,298660,298660,224896,4.92479,2.166761,1.889942,0.000885,0.860017,0.000368
738,True,4924790,2166761,1889942,885,860017,368,298660,298660,224896,4.92479,2.166761,1.889942,0.000885,0.860017,0.000368
739,True,4924790,2166761,1889942,885,860017,368,298660,298660,224896,4.92479,2.166761,1.889942,0.000885,0.860017,0.000368
740,True,4924790,2166761,1889942,885,860017,368,298660,298660,224896,4.92479,2.166761,1.889942,0.000885,0.860017,0.000368
741,True,4924790,2166761,1889942,885,860017,368,298660,298660,224896,4.92479,2.166761,1.889942,0.000885,0.860017,0.000368
742,True,4924790,2166761,1889942,885,860017,368,298660,298660,224896,4.92479,2.166761,1.889942,0.000885,0.860017,0.000368
743,True,4924790,2166761,1889942,885,860017,368,298660,298660,224896,4.92479,2.166761,1.889942,0.000885,0.860017,0.000368
744,True,4924790,2166761,1889942,885,860017,368,298660,298660,224896,4.92479,2.166761,1.889942,0.000885,0.860017,0.000368
745,True,4924790,2166761,1889942,885,860017,368,298660,298660,224896,4.92479,2.166761,1.889942,0.000885,0.860017,0.000368
746,True,4924790,2166761,1889942,885,860017,368,298660,298660,224896,4.92479,2.166761,1.889942,0.000885,0.860017,0.000368
747,True,4924790,2166761,1889942,885,860017,368,298660,298660,224896,4.92479,2.166761,1.889942,0.000885,0.860017,0.000368
748,True,4924790,2166761,1889942,885,860017,368,298660,298660,224896,4.92479,2.166761,1.889942,0.000885,0.860017,0.000368
749,True,4924790,2166761,1889942,885,860017,368,298660,298660,224896,4.92479,2.166761,1.889942,0.000885,0.860017,0.000368
750,True,4924790,2166761,1889942,885,860017,368,298660,298660,224896,4.92479,2.166761,1.889942,0.000885,0.860017,0.000368
751,True,4924790,2166761,1889942,885,860017,368,298660,298660,224896,4.92479,2.166761,1.889942,0.000885,0.860017,0.000368
752,True,4924790,2166761,1889942,885,860017,368,298660,298660,224896,4.92479,2.166761,1.889942,0.000885,0.860017,0.000368
753,True,4924790,2166761,1889942,885,860017,368,298660,298660,224896,4.92479,2.166761,1.889942,0.000885,0.860017,0.000368
754,True,4924790,2166761,1889942,885,860017,368,298660,298660,224896,4.92479,2.166761,1.889942,0.000885,0.860017,0.000368
755,True,4924790,2166761,1889942,885,860017,368,298660,298660,224896,4.92479,2.166761,1.889942,0.000885,0.860017,0.000368
756,True,4924790,2166761,1889942,885,860017,368,298660,298660,224896,4.92479,2.166761,1.889942,0.000885,0.860017,0.000368
757,True,4924790,2166761,1889942,885,860017,368,298660,298660,224896,4.92479,2.166761,1.889942,0.000885,0.860017,0.000368
758,True,4924790,2166761,1889942,885,860017,368,298660,298660,224896,4.92479,2.166761,1.889942,0.000885,0.860017,0.000368
759,True,4924790,2166761,1889942,885,860017,368,298660,298660,224896,4.92479,2.166761,1.889942,0.000885,0.860017,0.000368
760,True,4924790,2166761,1889942,885,860017,368,298660,298660,224896,4.92479,2.166761,1.889942,0.000885,0.860017,0.000368
761,True,4924790,2166761,1889942,885,860017,368,298660,298660,224896,4.92479,2.166761,1.889942,0.000885,0.860017,0.000368
762,True,4924790,2166761,1889942,885,860017,368,298660,298660,224896,4.92479,2.166761,1.889942,0.000885,0.860017,0.000368
763,True,4924790,2166761,1889942,885,860017,368,298660,298660,224896,4.92479,2.166761,1.889942,0.000885,0.860017,0.000368
764,True,4924790,2166761,1889942,885,860017,368,298660,298660,224896,4.92479,2.166761,1.889942,0.000885,0.860017,0.000368
765,True,4924790,2166761,1889942,885,860017,368,298660,298660,224896,4.92479,2.166761,1.889942,0.000885,0.860017,0.000368
766,True,4924790,2166761,1889942,885,860017,368,298660,298660,224896,4.92479,2.166761,1.889942,0.000885,0.860017,0.000368
767,True,4924790,2166761,1889942,885,860017,368,298660,298660,224896,4.92479,2.166761,1.889942,0.000885,0.860017,0.000368
768,True,4924790,2166761,1889942,885,860017,368,298660,298660,224896,4.92479,2.166761,1.889942,0.000885,0.860017,0.000368
769,True,4924790,2166761,1889942,885,860017,368,298660,298660,224896,4.92479,2.166761,1.889942,0.000885,0.860017,0.000368
770,True,4924790,2166761,1889942,885,860017,368,298660,298660,224896,4.92479,2.166761,1.889942,0.000885,0.860017,0.000368
771,True,4924790,2166761,1889942,885,860017,368,298660,298660,224896,4.92479,2.166761,1.889942,0.000885,0.860017,0.000368
772,True,4924790,2166761,1889942,885,860017,368,298660,298660,224896,4.92479,2.166761,1.889942,0.000885,0.860017,0.000368
773,True,4924790,2166761,1889942,885,860017,368,298660,298660,224896,4.92479,2.166761,1.889942,0.000885,0.860017,0.000368
774,True,4924790,2166761,1889942,885,860017,368,298660,298660,224896,4.92479,2.166761,1.889942,0.000885,0.860017,0.000368
775,True,4924790,2166761,1889942,885,860017,368,298660,298660,224896,4.92479,2.166761,1.889942,0.000885,0.860017,0.000368
776,True,4924790,2166761,1889942,885,860017,368,298660,298660,224896,4.92479,2.166761,1.889942,0.000885,0.860017,0.000368
777,True,4924790,2166761,1889942,885,860017,368,298660,298660,224896,4.92479,2.166761,1.889942,0.000885,0.860017,0.000368
778,True,4924790,2166761,1889942,885,860017,368,298660,298660,224896,4.92479,2.166761,1.889942,0.000885,0.860017,0.000368
779,True,4924790,2166761,1889942,885,860017,368,298660,298660,224896,4.92479,2.166761,1.889942,0.000885,0.860017,0.000368
780,True,4924790,2166761,1889942,885,860017,368,298660,298660,224896,4.92479,2.166761,1.889942,0.000885,0.860017,0.000368
781,True,4924790,2166761,1889942,885,860017,368,298660,298660,224896,4.92479,2.166761,1.889942,0.000885,0.860017,0.000368
782,True,4924790,2166761,1889942,885,860017,368,298660,298660,224896,4.92479,2.166761,1.889942,0.000885,0.860017,0.000368
783,True,4924790,2166761,1889942,885,860017,368,298660,298660,224896,4.92479,2.166761,1.889942,0.000885,0.860017,0.000368
784,True,4924790,2166761,1889942,885,860017,368,298660,298660,224896,4.92479,2.166761,1.889942,0.000885,0.860017,0.000368
785,True,4924790,2166761,1889942,885,860017,368,298660,298660,224896,4.92479,2.166761,1.889942,0.000885,0.860017,0.000368
786,True,4924790,2166761,1889942,885,860017,368,298660,298660,224896,4.92479,2.166761,1.889942,0.000885,0.860017,0.000368
787,True,4924790,2166761,1889942,885,860017,368,298660,298660,224896,4.92479,2.166761,1.889942,0.000885,0.860017,0.000368
788,True,4924790,2166761,1889942,885,860017,368,298660,298660,224896,4.92479,2.166761,1.889942,0.000885,0.860017,0.000368
789,True,4924790,2166761,1889942,885,860017,368,298660,298660,224896,4.92479,2.166761,1.889942,0.000885,0.860017,0.000368
790,True,4924790,2166761,1889942,885,860017,368,298660,298660,224896,4.92479,2.166761,1.889942,0.000885,0.860017,0.000368
791,True,4924790,2166761,1889942,885,860017,368,298660,298660,224896,4.92479,2.166761,1.889942,0.000885,0.860017,0.000368
792,True,4924790,2166761,1889942,885,860017,368,298660,298660,224896,4.92479,2.166761,1.889942,0.000885,0.860017,0.000368
793,True,4924790,2166761,1889942,885,860017,368,298660,298660,224896,4.92479,2.166761,1.889942,0.000885,0.860017,0.000368
794,True,4924790,2166761,1889942,885,860017,368,298660,298660,224896,4.92479,2.166761,1.889942,0.000885,0.860017,0.000368
795,True,4924790,2166761,1889942,885,860017,368,298660,298660,224896,4.92479,2.166761,1.889942,0.000885,0.860017,0.000368
796,True,4924790,2166761,1889942,885,860017,368,298660,298660,224896,4.92479,2.166761,1.889942,0.000885,0.860017,0.000368
797,True,4924790,2166761,1889942,885,860017,368,298660,298660,224896,4.92479,2.166761,1.889942,0.000885,0.860017,0.000368
798,True,4924790,2166761,1889942,885,860017,368,298660,298660,224896,4.92479,2.166761,1.889942,0.000885,0.860017,0.000368
799,True,4924790,2166761,1889942,885,860017,368,298660,298660,224896,4.92479,2.166761,1.889942,0.000885,0.860017,0.000368
800,True,4924790,2166761,1889942,885,860017,368,298660,298660,224896,4.92479,2.166761,1.889942,0.000885,0.860017,0.000368
801,True,4924790,2166761,1889942,885,860017,368,298660,298660,224896,4.92479,2.166761,1.889942,0.000885,0.860017,0.000368
802,True,4924790,2166761,1889942,885,860017,368,298660,298660,224896,4.92479,2.166761,1.889942,0.000885,0.860017,0.000368
803,True,4924790,2166761,1889942,885,860017,368,298660,298660,224896,4.92479,2.166761,1.889942,0.000885,0.860017,0.000368
804,True,4924790,2166761,1889942,885,860017,368,298660,298660,224896,4.92479,2.166761,1.889942,0.000885,0.860017,0.000368
805,True,4924790,2166761,1889942,885,860017,368,298660,298660,224896,4.92479,2.166761,1.889942,0.000885,0.860017,0.000368
806,True,4924790,2166761,1889942,885,860017,368,298660,298660,224896,4.92479,2.166761,1.889942,0.000885,0.860017,0.000368
807,True,4924790,2166761,1889942,885,860017,368,298660,298660,224896,4.92479,2.166761,1.889942,0.000885,0.860017,0.000368
808,True,4924790,2166761,1889942,885,860017,368,298660,298660,224896,4.92479,2.166761,1.889942,0.000885,0.860017,0.000368
809,True,4924790,2166761,1889942,885,860017,368,298660,298660,224896,4.92479,2.166761,1.889942,0.000885,0.860017,0.000368
810,True,4924790,2166761,1889942,885,860017,368,298660,298660,224896,4.92479,2.166761,1.889942,0.000885,0.860017,0.000368
811,True,4924790,2166761,1889942,885,860017,368,298660,298660,224896,4.92479,2.166761,1.889942,0.000885,0.860017,0.000368
812,True,4924790,2166761,1889942,885,860017,368,298660,298660,224896,4.92479,2.166761,1.889942,0.000885,0.860017,0.000368
813,True,4924790,2166761,1889942,885,860017,368,298660,298660,224896,4.92479,2.166761,1.889942,0.000885,0.860017,0.000368
814,True,4924790,2166761,1889942,885,860017,368,298660,298660,224896,4.92479,2.166761,1.889942,0.000885,0.860017,0.000368
815,True,4924790,2166761,1889942,885,860017,368,298660,298660,224896,4.92479,2.166761,1.889942,0.000885,0.860017,0.000368
816,True,4924790,2166761,1889942,885,860017,368,298660,298660,224896,4.92479,2.166761,1.889942,0.000885,0.860017,0.000368
817,True,4924790,2166761,1889942,885,860017,368,298660,298660,224896,4.92479,2.166761,1.889942,0.000885,0.860017,0.000368
818,True,4924790,2166761,1889942,885,860017,368,298660,298660,224896,4.92479,2.166761,1.889942,0.000885,0.860017,0.000368
819,True,4924790,2166761,1889942,885,860017,368,298660,298660,224896,4.92479,2.166761,1.889942,0.000885,0.860017,0.000368
820,True,4924790,2166761,1889942,885,860017,368,298660,298660,224896,4.92479,2.166761,1.889942,0.000885,0.860017,0.000368
821,True,4924790,2166761,1889942,885,860017,368,298660,298660,224896,4.92479,2.166761,1.889942,0.000885,0.860017,0.000368
822,True,4924790,2166761,1889942,885,860017,368,298660,298660,224896,4.92479,2.166761,1.889942,0.000885,0.860017,0.000368
823,True,4924790,2166761,1889942,885,860017,368,298660,298660,224896,4.92479,2.166761,1.889942,0.000885,0.860017,0.000368
824,True,4924790,2166761,1889942,885,860017,368,298660,298660,224896,4.92479,2.166761,1.889942,0.000885,0.860017,0.000368
825,True,4924790,2166761,1889942,885,860017,368,298660,298660,224896,4.92479,2.166761,1.889942,0.000885,0.860017,0.000368
826,True,4924790,2166761,1889942,885,860017,368,298660,298660,224896,4.92479,2.166761,1.889942,0.000885,0.860017,0.000368
827,True,4924790,2166761,1889942,885,860017,368,298660,298660,224896,4.92479,2.166761,1.889942,0.000885,0.860017,0.000368
828,True,4924790,2166761,1889942,885,860017,368,298660,298660,224896,4.92479,2.166761,1.889942,0.000885,0.860017,0.000368
829,True,4924790,2166761,1889942,885,860017,368,298660,298660,224896,4.92479,2.166761,1.889942,0.000885,0.860017,0.000368
830,True,4924790,2166761,1889942,885,860017,368,298660,298660,224896,4.92479,2.166761,1.889942,0.000885,0.860017,0.000368
831,True,4924790,2166761,1889942,885,860017,368,298660,298660,224896,4.92479,2.166761,1.889942,0.000885,0.860017,0.000368
832,True,4924790,2166761,1889942,885,860017,368,298660,298660,224896,4.92479,2.166761,1.889942,0.000885,0.860017,0.000368
833,True,4924790,2166761,1889942,885,860017,368,298660,298660,224896,4.92479,2.166761,1.889942,0.000885,0.860017,0.000368
834,True,4924790,2166761,1889942,885,860017,368,298660,298660,224896,4.92479,2.166761,1.889942,0.000885,0.860017,0.000368
835,True,4924790,2166761,1889942,885,860017,368,298660,298660,224896,4.92479,2.166761,1.889942,0.000885,0.860017,0.000368
836,True,4924790,2166761,1889942,885,860017,368,298660,298660,224896,4.92479,2.166761,1.889942,0.000885,0.860017,0.000368
837,True,4924790,2166761,1889942,885,860017,368,298660,298660,224896,4.92479,2.166761,1.889942,0.000885,0.860017,0.000368
838,True,4924790,2166761,1889942,885,860017,368,298660,298660,224896,4.92479,2.166761,1.889942,0.000885,0.860017,0.000368
839,True,4924790,2166761,1889942,885,860017,368,298660,298660,224896,4.92479,2.166761,1.889942,0.000885,0.860017,0.000368
840,True,4924790,2166761,1889942,885,860017,368,298660,298660,224896,4.92479,2.166761,1.889942,0.000885,0.860017,0.000368
841,True,4924790,2166761,1889942,885,860017,368,298660,298660,224896,4.92479,2.166761,1.889942,0.000885,0.860017,0.000368
842,True,4924790,2166761,1889942,885,860017,368,298660,298660,224896,4.92479,2.166761,1.889942,0.000885,0.860017,0.000368
843,True,4924790,2166761,1889942,885,860017,368,298660,298660,224896,4.92479,2.166761,1.889942,0.000885,0.860017,0.000368
844,True,4924790,2166761,1889942,885,860017,368,298660,298660,224896,4.92479,2.166761,1.889942,0.000885,0.860017,0.000368
845,True,4924790,2166761,1889942,885,860017,368,298660,298660,224896,4.92479,2.166761,1.889942,0.000885,0.860017,0.000368
846,True,4924790,2166761,1889942,885,860017,368,298660,298660,224896,4.92479,2.166761,1.889942,0.000885,0.860017,0.000368
847,True,4924790,2166761,1889942,885,860017,368,298660,298660,224896,4.92479,2.166761,1.889942,0.000885,0.860017,0.000368
848,True,4924790,2166761,1889942,885,860017,368,298660,298660,224896,4.92479,2.166761,1.889942,0.000885,0.860017,0.000368
849,True,4924790,2166761,1889942,885,860017,368,298660,298660,224896,4.92479,2.166761,1.889942,0.000885,0.860017,0.000368
850,True,4924790,2166761,1889942,885,860017,368,298660,298660,224896,4.92479,2.166761,1.889942,0.000885,0.860017,0.000368
851,True,4924790,2166761,1889942,885,860017,368,298660,298660,224896,4.92479,2.166761,1.889942,0.000885,0.860017,0.000368
852,True,4924790,2166761,1889942,885,860017,368,298660,298660,224896,4.92479,2.166761,1.889942,0.000885,0.860017,0.000368
853,True,4924790,2166761,1889942,885,860017,368,298660,298660,224896,4.92479,2.166761,1.889942,0.000885,0.860017,0.000368
854,True,4924790,2166761,1889942,885,860017,368,298660,298660,224896,4.92479,2.166761,1.889942,0.000885,0.860017,0.000368
855,True,4924790,2166761,1889942,885,860017,368,298660,298660,224896,4.92479,2.166761,1.889942,0.000885,0.860017,0.000368
856,True,4924790,2166761,1889942,885,860017,368,298660,298660,224896,4.92479,2.166761,1.889942,0.000885,0.860017,0.000368
857,True,4924790,2166761,1889942,885,860017,368,298660,298660,224896,4.92479,2.166761,1.889942,0.000885,0.860017,0.000368
858,True,4924790,2166761,1889942,885,860017,368,298660,298660,224896,4.92479,2.166761,1.889942,0.000885,0.860017,0.000368
859,True,4924790,2166761,1889942,885,860017,368,298660,298660,224896,4.92479,2.166761,1.889942,0.000885,0.860017,0.000368
860,True,4924790,2166761,1889942,885,860017,368,298660,298660,224896,4.92479,2.166761,1.889942,0.000885,0.860017,0.000368
861,True,4924790,2166761,1889942,885,860017,368,298660,298660,224896,4.92479,2.166761,1.889942,0.000885,0.860017,0.000368
862,True,4924790,2166761,1889942,885,860017,368,298660,298660,224896,4.92479,2.166761,1.889942,0.000885,0.860017,0.000368
863,True,4924790,2166761,1889942,885,860017,368,298660,298660,224896,4.92479,2.166761,1.889942,0.000885,0.860017,0.000368
864,True,4924790,2166761,1889942,885,860017,368,298660,298660,224896,4.92479,2.166761,1.889942,0.000885,0.860017,0.000368
865,True,4924790,2166761,1889942,885,860017,368,298660,298660,224896,4.92479,2.166761,1.889942,0.000885,0.860017,0.000368
866,True,4924790,2166761,1889942,885,860017,368,298660,298660,224896,4.92479,2.166761,1.889942,0.000885,0.860017,0.000368
867,True,4924790,2166761,1889942,885,860017,368,298660,298660,224896,4.92479,2.166761,1.889942,0.000885,0.860017,0.000368
868,True,4924790,2166761,1889942,885,860017,368,298660,298660,224896,4.92479,2.166761,1.889942,0.000885,0.860017,0.000368
869,True,4924790,2166761,1889942,885,860017,368,298660,298660,224896,4.92479,2.166761,1.889942,0.000885,0.860017,0.000368
870,True,4924790,2166761,1889942,885,860017,368,298660,298660,224896,4.92479,2.166761,1.889942,0.000885,0.860017,0.000368
871,True,4924790,2166761,1889942,885,860017,368,298660,298660,224896,4.92479,2.166761,1.889942,0.000885,0.860017,0.000368
872,True,4924790,2166761,1889942,885,860017,368,298660,298660,224896,4.92479,2.166761,1.889942,0.000885,0.860017,0.000368
873,True,4924790,2166761,1889942,885,860017,368,298660,298660,224896,4.92479,2.166761,1.889942,0.000885,0.860017,0.000368
874,True,4924790,2166761,1889942,885,860017,368,298660,298660,224896,4.92479,2.166761,1.889942,0.000885,0.860017,0.000368
875,True,4924790,2166761,1889942,885,860017,368,298660,298660,224896,4.92479,2.166761,1.889942,0.000885,0.860017,0.000368
876,True,4924790,2166761,1889942,885,860017,368,298660,298660,224896,4.92479,2.166761,1.889942,0.000885,0.860017,0.000368
877,True,4924790,2166761,1889942,885,860017,368,298660,298660,224896,4.92479,2.166761,1.889942,0.000885,0.860017,0.000368
878,True,4924790,2166761,1889942,885,860017,368,298660,298660,224896,4.92479,2.166761,1.889942,0.000885,0.860017,0.000368
879,True,4924790,2166761,1889942,885,860017,368,298660,298660,224896,4.92479,2.166761,1.889942,0.000885,0.860017,0.000368
880,True,4924790,2166761,1889942,885,860017,368,298660,298660,224896,4.92479,2.166761,1.889942,0.000885,0.860017,0.000368
881,True,4924790,2166761,1889942,885,860017,368,298660,298660,224896,4.92479,2.166761,1.889942,0.000885,0.860017,0.000368
882,True,4924790,2166761,1889942,885,860017,368,298660,298660,224896,4.92479,2.166761,1.889942,0.000885,0.860017,0.000368
883,True,4924790,2166761,1889942,885,860017,368,298660,298660,224896,4.92479,2.166761,1.889942,0.000885,0.860017,0.000368
884,True,4924790,2166761,1889942,885,860017,368,298660,298660,224896,4.92479,2.166761,1.889942,0.000885,0.860017,0.000368
885,True,4924790,2166761,1889942,885,860017,368,298660,298660,224896,4.92479,2.166761,1.889942,0.000885,0.860017,0.000368
886,True,4924790,2166761,1889942,885,860017,368,298660,298660,224896,4.92479,2.166761,1.889942,0.000885,0.860017,0.000368
887,True,4924790,2166761,1889942,885,860017,368,298660,298660,224896,4.92479,2.166761,1.889942,0.000885,0.860017,0.000368
888,True,4924790,2166761,1889942,885,860017,368,298660,298660,224896,4.92479,2.166761,1.889942,0.000885,0.860017,0.000368
889,True,4924790,2166761,1889942,885,860017,368,298660,298660,224896,4.92479,2.166761,1.889942,0.000885,0.860017,0.000368
890,True,4924790,2166761,1889942,885,860017,368,298660,298660,224896,4.92479,2.166761,1.889942,0.000885,0.860017,0.000368
891,True,4924790,2166761,1889942,885,860017,368,298660,298660,224896,4.92479,2.166761,1.889942,0.000885,0.860017,0.000368
892,True,4924790,2166761,1889942,885,860017,368,298660,298660,224896,4.92479,2.166761,1.889942,0.000885,0.860017,0.000368
893,True,4924790,2166761,1889942,885,860017,368,298660,298660,224896,4.92479,2.166761,1.889942,0.000885,0.860017,0.000368
894,True,4924790,2166761,1889942,885,860017,368,298660,298660,224896,4.92479,2.166761,1.889942,0.000885,0.860017,0.000368
895,True,4924790,2166761,1889942,885,860017,368,298660,298660,224896,4.92479,2.166761,1.889942,0.000885,0.860017,0.000368
896,True,4924790,2166761,1889942,885,860017,368,298660,298660,224896,4.92479,2.166761,1.889942,0.000885,0.860017,0.000368
897,True,4924790,2166761,1889942,885,860017,368,298660,298660,224896,4.92479,2.166761,1.889942,0.000885,0.860017,0.000368
898,True,4924790,2166761,1889942,885,860017,368,298660,298660,224896,4.92479,2.166761,1.889942,0.000885,0.860017,0.000368
899,True,4924790,2166761,1889942,885,860017,368,298660,298660,224896,4.92479,2.166761,1.889942,0.000885,0.860017,0.000368
900,True,4924790,2166761,1889942,885,860017,368,298660,298660,224896,4.92479,2.166761,1.889942,0.000885,0.860017,0.000368
901,True,4924790,2166761,1889942,885,860017,368,298660,298660,224896,4.92479,2.166761,1.889942,0.000885,0.860017,0.000368
902,True,4924790,2166761,1889942,885,860017,368,298660,298660,224896,4.92479,2.166761,1.889942,0.000885,0.860017,0.000368
903,True,4924790,2166761,1889942,885,860017,368,298660,298660,224896,4.92479,2.166761,1.889942,0.000885,0.860017,0.000368
904,True,4924790,2166761,1889942,885,860017,368,298660,298660,224896,4.92479,2.166761,1.889942,0.000885,0.860017,0.000368
905,True,4924790,2166761,1889942,885,860017,368,298660,298660,224896,4.92479,2.166761,1.889942,0.000885,0.860017,0.000368
906,True,4924790,2166761,1889942,885,860017,368,298660,298660,224896,4.92479,2.166761,1.889942,0.000885,0.860017,0.000368
907,True,4924790,2166761,1889942,885,860017,368,298660,298660,224896,4.92479,2.166761,1.889942,0.000885,0.860017,0.000368
908,True,4924790,2166761,1889942,885,860017,368,298660,298660,224896,4.92479,2.166761,1.889942,0.000885,0.860017,0.000368
909,True,4924790,2166761,1889942,885,860017,368,298660,298660,224896,4.92479,2.166761,1.889942,0.000885,0.860017,0.000368
910,True,4924790,2166761,1889942,885,860017,368,298660,298660,224896,4.92479,2.166761,1.889942,0.000885,0.860017,0.000368
911,True,4924790,2166761,1889942,885,860017,368,298660,298660,224896,4.92479,2.166761,1.889942,0.000885,0.860017,0.000368
912,True,4924790,2166761,1889942,885,860017,368,298660,298660,224896,4.92479,2.166761,1.889942,0.000885,0.860017,0.000368
913,True,4924790,2166761,1889942,885,860017,368,298660,298660,224896,4.92479,2.166761,1.889942,0.000885,0.860017,0.000368
914,True,4924790,2166761,1889942,885,860017,368,298660,298660,224896,4.92479,2.166761,1.889942,0.000885,0.860017,0.000368
915,True,4924790,2166761,1889942,885,860017,368,298660,298660,224896,4.92479,2.166761,1.889942,0.000885,0.860017,0.000368
916,True,4924790,2166761,1889942,885,860017,368,298660,298660,224896,4.92479,2.166761,1.889942,0.000885,0.860017,0.000368
917,True,4924790,2166761,1889942,885,860017,368,298660,298660,224896,4.92479,2.166761,1.889942,0.000885,0.860017,0.000368
918,True,4924790,2166761,1889942,885,860017,368,298660,298660,224896,4.92479,2.166761,1.889942,0.000885,0.860017,0.000368
919,True,4924790,2166761,1889942,885,860017,368,298660,298660,224896,4.92479,2.166761,1.889942,0.000885,0.860017,0.000368
920,True,4924790,2166761,1889942,885,860017,368,298660,298660,224896,4.92479,2.166761,1.889942,0.000885,0.860017,0.000368
921,True,4924790,2166761,1889942,885,860017,368,298660,298660,224896,4.92479,2.166761,1.889942,0.000885,0.860017,0.000368
922,True,4924790,2166761,1889942,885,860017,368,298660,298660,224896,4.92479,2.166761,1.889942,0.000885,0.860017,0.000368
923,True,4924790,2166761,1889942,885,860017,368,298660,298660,224896,4.92479,2.166761,1.889942,0.000885,0.860017,0.000368
924,True,4924790,2166761,1889942,885,860017,368,298660,298660,224896,4.92479,2.166761,1.889942,0.000885,0.860017,0.000368
925,True,4924790,2166761,1889942,885,860017,368,298660,298660,224896,4.92479,2.166761,1.889942,0.000885,0.860017,0.000368
926,True,4924790,2166761,1889942,885,860017,368,298660,298660,224896,4.92479,2.166761,1.889942,0.000885,0.860017,0.000368
927,True,4924790,2166761,1889942,885,860017,368,298660,298660,224896,4.92479,2.166761,1.889942,0.000885,0.860017,0.000368
928,True,4924790,2166761,1889942,885,860017,368,298660,298660,224896,4.92479,2.166761,1.889942,0.000885,0.860017,0.000368
929,True,4924790,2166761,1889942,885,860017,368,298660,298660,224896,4.92479,2.166761,1.889942,0.000885,0.860017,0.000368
930,True,4924790,2166761,1889942,885,860017,368,298660,298660,224896,4.92479,2.166761,1.889942,0.000885,0.860017,0.000368
931,True,4924790,2166761,1889942,885,860017,368,298660,298660,224896,4.92479,2.166761,1.889942,0.000885,0.860017,0.000368
932,True,4924790,2166761,1889942,885,860017,368,298660,298660,224896,4.92479,2.166761,1.889942,0.000885,0.860017,0.000368
933,True,4924790,2166761,1889942,885,860017,368,298660,298660,224896,4.92479,2.166761,1.889942,0.000885,0.860017,0.000368
934,True,4924790,2166761,1889942,885,860017,368,298660,298660,224896,4.92479,2.166761,1.889942,0.000885,0.860017,0.000368
935,True,4924790,2166761,1889942,885,860017,368,298660,298660,224896,4.92479,2.166761,1.889942,0.000885,0.860017,0.000368
936,True,4924790,2166761,1889942,885,860017,368,298660,298660,224896,4.92479,2.166761,1.889942,0.000885,0.860017,0.000368
937,True,4924790,2166761,1889942,885,860017,368,298660,298660,224896,4.92479,2.166761,1.889942,0.000885,0.860017,0.000368
938,True,4924790,2166761,1889942,885,860017,368,298660,298660,224896,4.92479,2.166761,1.889942,0.000885,0.860017,0.000368
939,True,4924790,2166761,1889942,885,860017,368,298660,298660,224896,4.92479,2.166761,1.889942,0.000885,0.860017,0.000368
940,True,4924790,2166761,1889942,885,860017,368,298660,298660,224896,4.92479,2.166761,1.889942,0.000885,0.860017,0.000368
941,True,4924790,2166761,1889942,885,860017,368,298660,298660,224896,4.92479,2.166761,1.889942,0.000885,0.860017,0.000368
942,True,4924790,2166761,1889942,885,860017,368,298660,298660,224896,4.92479,2.166761,1.889942,0.000885,0.860017,0.000368
943,True,4924790,2166761,1889942,885,860017,368,298660,298660,224896,4.92479,2.166761,1.889942,0.000885,0.860017,0.000368
944,True,4924790,2166761,1889942,885,860017,368,298660,298660,224896,4.92479,2.166761,1.889942,0.000885,0.860017,0.000368
945,True,4924790,2166761,1889942,885,860017,368,298660,298660,224896,4.92479,2.166761,1.889942,0.000885,0.860017,0.000368
946,True,4924790,2166761,1889942,885,860017,368,298660,298660,224896,4.92479,2.166761,1.889942,0.000885,0.860017,0.000368
947,True,4924790,2166761,1889942,885,860017,368,298660,298660,224896,4.92479,2.166761,1.889942,0.000885,0.860017,0.000368
948,True,4924790,2166761,1889942,885,860017,368,298660,298660,224896,4.92479,2.166761,1.889942,0.000885,0.860017,0.000368
949,True,4924790,2166761,1889942,885,860017,368,298660,298660,224896,4.92479,2.166761,1.889942,0.000885,0.860017,0.000368
950,True,4924790,2166761,1889942,885,860017,368,298660,298660,224896,4.92479,2.166761,1.889942,0.000885,0.860017,0.000368
951,True,4924790,2166761,1889942,885,860017,368,298660,298660,224896,4.92479,2.166761,1.889942,0.000885,0.860017,0.000368
952,True,4924790,2166761,1889942,885,860017,368,298660,298660,224896,4.92479,2.166761,1.889942,0.000885,0.860017,0.000368
953,True,4924790,2166761,1889942,885,860017,368,298660,298660,224896,4.92479,2.166761,1.889942,0.000885,0.860017,0.000368
954,True,4924790,2166761,1889942,885,860017,368,298660,298660,224896,4.92479,2.166761,1.889942,0.000885,0.860017,0.000368
955,True,4924790,2166761,1889942,885,860017,368,298660,298660,224896,4.92479,2.166761,1.889942,0.000885,0.860017,0.000368
956,True,4924790,2166761,1889942,885,860017,368,298660,298660,224896,4.92479,2.166761,1.889942,0.000885,0.860017,0.000368
957,True,4924790,2166761,1889942,885,860017,368,298660,298660,224896,4.92479,2.166761,1.889942,0.000885,0.860017,0.000368
958,True,4924790,2166761,1889942,885,860017,368,298660,298660,224896,4.92479,2.166761,1.889942,0.000885,0.860017,0.000368
959,True,4924790,2166761,1889942,885,860017,368,298660,298660,224896,4.92479,2.166761,1.889942,0.000885,0.860017,0.000368
960,True,4924790,2166761,1889942,885,860017,368,298660,298660,224896,4.92479,2.166761,1.889942,0.000885,0.860017,0.000368
961,True,4924790,2166761,1889942,885,860017,368,298660,298660,224896,4.92479,2.166761,1.889942,0.000885,0.860017,0.000368
962,True,4924790,2166761,1889942,885,860017,368,298660,298660,224896,4.92479,2.166761,1.889942,0.000885,0.860017,0.000368
963,True,4924790,2166761,1889942,885,860017,368,298660,298660,224896,4.92479,2.166761,1.889942,0.000885,0.860017,0.000368
964,True,4924790,2166761,1889942,885,860017,368,298660,298660,224896,4.92479,2.166761,1.889942,0.000885,0.860017,0.000368
965,True,4924790,2166761,1889942,885,860017,368,298660,298660,224896,4.92479,2.166761,1.889942,0.000885,0.860017,0.000368
966,True,4924790,2166761,1889942,885,860017,368,298660,298660,224896,4.92479,2.166761,1.889942,0.000885,0.860017,0.000368
967,True,4924790,2166761,1889942,885,860017,368,298660,298660,224896,4.92479,2.166761,1.889942,0.000885,0.860017,0.000368
968,True,4924790,2166761,1889942,885,860017,368,298660,298660,224896,4.92479,2.166761,1.889942,0.000885,0.860017,0.000368
969,True,4924790,2166761,1889942,885,860017,368,298660,298660,224896,4.92479,2.166761,1.889942,0.000885,0.860017,0.000368
970,True,4924790,2166761,1889942,885,860017,368,298660,298660,224896,4.92479,2.166761,1.889942,0.000885,0.860017,0.000368
971,True,4924790,2166761,1889942,885,860017,368,298660,298660,224896,4.92479,2.166761,1.889942,0.000885,0.860017,0.000368
972,True,4924790,2166761,1889942,885,860017,368,298660,298660,224896,4.92479,2.166761,1.889942,0.000885,0.860017,0.000368
973,True,4924790,2166761,1889942,885,860017,368,298660,298660,224896,4.92479,2.166761,1.889942,0.000885,0.860017,0.000368
974,True,4924790,2166761,1889942,885,860017,368,298660,298660,224896,4.92479,2.166761,1.889942,0.000885,0.860017,0.000368
975,True,4924790,2166761,1889942,885,860017,368,298660,298660,224896,4.92479,2.166761,1.889942,0.000885,0.860017,0.000368
976,True,4924790,2166761,1889942,885,860017,368,298660,298660,224896,4.92479,2.166761,1.889942,0.000885,0.860017,0.000368
977,True,4924790,2166761,1889942,885,860017,368,298660,298660,224896,4.92479,2.166761,1.889942,0.000885,0.860017,0.000368
978,True,4924790,2166761,1889942,885,860017,368,298660,298660,224896,4.92479,2.166761,1.889942,0.000885,0.860017,0.000368
979,True,4924790,2166761,1889942,885,860017,368,298660,298660,224896,4.92479,2.166761,1.889942,0.000885,0.860017,0.000368
980,True,4924790,2166761,1889942,885,860017,368,298660,298660,224896,4.92479,2.166761,1.889942,0.000885,0.860017,0.000368
981,True,4924790,2166761,1889942,885,860017,368,298660,298660,224896,4.92479,2.166761,1.889942,0.000885,0.860017,0.000368
982,True,4924790,2166761,1889942,885,860017,368,298660,298660,224896,4.92479,2.166761,1.889942,0.000885,0.860017,0.000368
983,True,4924790,2166761,1889942,885,860017,368,298660,298660,224896,4.92479,2.166761,1.889942,0.000885,0.860017,0.000368
984,True,4924790,2166761,1889942,885,860017,368,298660,298660,224896,4.92479,2.166761,1.889942,0.000885,0.860017,0.000368
985,True,4924790,2166761,1889942,885,860017,368,298660,298660,224896,4.92479,2.166761,1.889942,0.000885,0.860017,0.000368
986,True,4924790,2166761,1889942,885,860017,368,298660,298660,224896,4.92479,2.166761,1.889942,0.000885,0.860017,0.000368
987,True,4924790,2166761,1889942,885,860017,368,298660,298660,224896,4.92479,2.166761,1.889942,0.000885,0.860017,0.000368
988,True,4924790,2166761,1889942,885,860017,368,298660,298660,224896,4.92479,2.166761,1.889942,0.000885,0.860017,0.000368
989,True,4924790,2166761,1889942,885,860017,368,298660,298660,224896,4.92479,2.166761,1.889942,0.000885,0.860017,0.000368
990,True,4924790,2166761,1889942,885,860017,368,298660,298660,224896,4.92479,2.166761,1.889942,0.000885,0.860017,0.000368
991,True,4924790,2166761,1889942,885,860017,368,298660,298660,224896,4.92479,2.166761,1.889942,0.000885,0.860017,0.000368
992,True,4924790,2166761,1889942,885,860017,368,298660,298660,224896,4.92479,2.166761,1.889942,0.000885,0.860017,0.000368
993,True,4924790,2166761,1889942,885,860017,368,298660,298660,224896,4.92479,2.166761,1.889942,0.000885,0.860017,0.000368
994,True,4924790,2166761,1889942,885,860017,368,298660,298660,224896,4.92479,2.166761,1.889942,0.000885,0.860017,0.000368
995,True,4924790,2166761,1889942,885,860017,368,298660,298660,224896,4.92479,2.166761,1.889942,0.000885,0.860017,0.000368
996,True,4924790,2166761,1889942,885,860017,368,298660,298660,224896,4.92479,2.166761,1.889942,0.000885,0.860017,0.000368
997,True,4924790,2166761,1889942,885,860017,368,298660,298660,224896,4.92479,2.166761,1.889942,0.000885,0.860017,0.000368
998,True,4924790,2166761,1889942,885,860017,368,298660,298660,224896,4.92479,2.166761,1.889942,0.000885,0.860017,0.000368
999,True,4924790,2166761,1889942,885,860017,368,298660,298660,224896,4.92479,2.166761,1.889942,0.000885,0.860017,0.000368
1000,True,4924790,2166761,1889942,885,860017,368,298660,298660,224896,4.92479,2.166761,1.889942,0.000885,0.860017,0.000368
