execution,success,alice_matrix_setup_time_s,alice_tb_processing_time_s,alice_rb_processing_time_s,alice_total_time_s,session_wall_time_s,selected_oB_configuration,cpu_temperature_c,cpu_frequency_mhz,error
1,True,1.1932992890001515,0.05695177799998419,7.593800000904594e-05,1.2503270050001447,2.486156379000022,1,61.224,1400.0,
2,True,1.0304556050000429,0.06979295500013905,9.442600003239932e-05,1.1003429860002143,2.1934412460000203,1,62.3,1400.0,
3,True,1.2382498890001443,0.07231690899971,7.11970001248119e-05,1.3106379949999791,2.585048135999841,1,62.3,1400.0,
4,True,1.261161047999849,0.05706016500016631,7.302100038941717e-05,1.3182942340004047,2.648129069999868,1,62.3,1400.0,
5,True,1.2362073399999645,0.06376124700000219,7.812500007275958e-05,1.3000467120000394,2.6120523079998748,1,62.3,1400.0,
6,True,1.1605439769996337,0.05884844299998804,7.156300034694141e-05,1.2194639829999687,2.4425490520002313,1,62.3,1400.0,
7,True,1.200013805999788,0.058777140000074724,8.213599994633114e-05,1.258873081999809,2.521756781000022,1,62.3,1400.0,
8,True,1.1160430099998848,0.06966967400012436,7.156299989219406e-05,1.1857842469999014,2.3252249760002996,1,62.838,1400.0,
9,True,1.118488735000028,0.06241421699996863,6.432200007111533e-05,1.1809672740000678,2.3264759109997613,1,63.376,1400.0,
10,True,1.1805344099998365,0.06914805999986129,8.390599987251335e-05,1.2497663759995703,2.461406098000225,1,62.3,1400.0,
11,True,1.2832060589998946,0.06377666300022611,7.015600021986756e-05,1.3470528780003406,2.6643339309998737,1,62.3,1400.0,
12,True,1.2012017699998978,0.05920286799982932,0.00010218799980066251,1.2605068259995278,2.5029364950000854,1,62.838,1400.0,
13,True,1.1787919630000943,0.05765932899976178,8.145799984049518e-05,1.2365327499996965,2.442170451000038,1,62.838,1400.0,
14,True,1.2011991650001619,0.06423936999999569,7.04170001881721e-05,1.2655089520003457,2.504234355000335,1,62.838,1400.0,
15,True,1.281285487000332,0.07097540099994148,6.39059999230085e-05,1.3523247940001966,2.6786660379998466,1,62.3,1400.0,
16,True,1.1210183619996315,0.06937946600010036,6.39059999230085e-05,1.1904617339996548,2.3431056150002405,1,62.838,1400.0,
17,True,1.2791780409997955,0.061882291000074474,6.859399991299142e-05,1.341128925999783,2.6518887369998083,1,62.3,1400.0,
18,True,1.2188421020000533,0.06163479199994981,7.249999998748535e-05,1.2805493939999906,2.5281213930002195,1,62.838,1400.0,
19,True,1.2005203610001445,0.0685779039999943,7.515600009355694e-05,1.2691734210002323,2.505233305999809,1,63.376,1400.0,
20,True,1.248877101999824,0.06482634899975892,8.036400004129973e-05,1.3137838149996242,2.5894934749999265,1,62.838,1400.0,
21,True,1.1890665260002606,0.06052812699999777,6.541599987031077e-05,1.2496600690001287,2.4681825859997844,1,62.838,1400.0,
22,True,1.2646548340003392,0.060096565000094415,6.807199997638236e-05,1.32481947100041,2.611153591999937,1,62.3,1400.0,
23,True,1.0961418910001157,0.0684974359996886,6.286400002863957e-05,1.164702190999833,2.289051637999819,1,62.838,1400.0,
24,True,1.3077136669999163,0.06521249400020679,6.343699988065055e-05,1.3729895980000038,2.71284914700027,1,62.3,1400.0,
25,True,1.2866342750003241,0.06181119800021406,8.020800032682018e-05,1.348525681000865,2.667948441000135,1,62.3,1400.0,
26,True,1.3849824399999306,0.056973287999880995,6.333400006042211e-05,1.442019061999872,2.8636938360000386,1,63.376,1400.0,
27,True,1.239296749999994,0.06336926800031506,6.307200010269298e-05,1.3027290900004118,2.582853322000119,1,62.3,1400.0,
28,True,1.1786372169999595,0.06011567900031878,7.109299986041151e-05,1.2388239890001387,2.4575670750000427,1,62.3,1400.0,
29,True,1.2211751650002043,0.06478087999994386,6.265599995458615e-05,1.2860187010001027,2.542833752000206,1,62.3,1400.0,
30,True,1.201524886000243,0.06135687500000131,6.177099976412137e-05,1.2629435320000084,2.506165740999677,1,62.3,1400.0,
31,True,1.3016441939998913,0.06945404799989774,6.3281000166171e-05,1.3711615229999552,2.7199606369999856,1,62.838,1400.0,
32,True,1.177625653999712,0.06279265299963299,6.296900028246455e-05,1.2404812759996275,2.4539072329998817,1,62.838,1400.0,
33,True,1.1600583399999778,0.05539386400005242,6.255199969018577e-05,1.2155147559997204,2.422745515000315,1,62.3,1400.0,
34,True,1.2179902719999518,0.06333442400000422,6.640599985985318e-05,1.2813911019998159,2.5301849669999683,1,63.376,1400.0,
35,True,1.2612543640002514,0.0687002479999137,6.58330000078422e-05,1.330020445000173,2.635112234999724,1,62.838,1400.0,
36,True,1.240585075999661,0.06295489200010707,6.229199971130583e-05,1.3036022599994794,2.5781883200002085,1,62.3,1400.0,
37,True,1.2185473530003037,0.05624068499992063,7.125000001906301e-05,1.2748592880002434,2.5327500109997345,1,62.3,1400.0,
38,True,1.1668283250000968,0.0671858229998179,6.447899977501947e-05,1.2340786269996897,2.435587885000132,1,62.3,1400.0,
39,True,1.2869987460003358,0.060841147000246565,6.703100007143803e-05,1.3479069240006538,2.6597767200000817,1,62.838,1400.0,
40,True,1.2267526499999803,0.0641232759999184,6.421899979613954e-05,1.290940144999695,2.545858006999879,1,62.3,1400.0,
41,True,1.1362625430001572,0.05542433299979166,6.671900018773158e-05,1.1917535950001366,2.365924823000114,1,62.838,1400.0,
42,True,1.2416238739997425,0.06917040300004373,6.31249999969441e-05,1.3108574019997832,2.595666044999689,1,62.838,1400.0,
43,True,1.1199529350001285,0.05871614999978192,6.442699987019296e-05,1.1787335119997806,2.3269935849998546,1,62.838,1400.0,
44,True,1.3073292809999657,0.05909604499993293,7.01039998602937e-05,1.366495429999759,2.700825291000001,1,63.376,1400.0,
45,True,1.1398337339996942,0.06785264400014057,6.343799987007515e-05,1.2077498159997049,2.37922120300027,1,62.838,1400.0,
46,True,1.2212070309997216,0.061464999000236276,6.901000006109825e-05,1.282741040000019,2.534999998999865,1,62.838,1400.0,
47,True,1.2193706799998836,0.059007139000186726,6.921799968040432e-05,1.2784470369997507,2.529069382999751,1,62.3,1400.0,
48,True,1.2797586490000867,0.054027615999984846,6.50520000817778e-05,1.3338513170001534,2.645623715000056,1,62.838,1400.0,
49,True,1.1995162339999297,0.0583162020002419,6.50520000817778e-05,1.2578974880002534,2.4857182569999168,1,62.838,1400.0,
50,True,1.2874843129998226,0.05963927300035721,6.609399997614673e-05,1.347189680000156,2.6664651870000853,1,62.838,1400.0,
51,True,1.2168694839997443,0.05637266499979887,7.973900028446224e-05,1.2733218879998276,2.531003386000066,1,62.838,1400.0,
52,True,1.202436956999918,0.054733553000005486,6.67710000925581e-05,1.257237281000016,2.489002520000213,1,63.376,1400.0,
53,True,1.2208499460002713,0.05328121100001226,7.020800012469408e-05,1.2742013650004083,2.536125250999703,1,62.3,1400.0,
54,True,1.3669213100001798,0.05467209400012507,6.724000013491604e-05,1.4216606440004398,2.818531539000105,1,62.3,1400.0,
55,True,1.2606457619999674,0.07053758799975185,7.401099992421223e-05,1.3312573609996434,2.632354356000178,1,63.376,1400.0,
56,True,1.2181561470001725,0.0706390459999966,7.020800012469408e-05,1.2888654010002938,2.5463381990002745,1,63.376,1400.0,
57,True,1.2470863570001711,0.07115128499981438,7.161399980759597e-05,1.318309255999793,2.617669534000015,1,62.838,1400.0,
58,True,1.1644306130001496,0.057224276999932044,6.546799977513729e-05,1.2217203579998568,2.431432403999679,1,62.838,1400.0,
59,True,1.22810149299994,0.07136248200004047,7.781300018905313e-05,1.2995417880001696,2.575394813999992,1,62.838,1400.0,
60,True,1.227878628000326,0.07011451600010332,8.161400000972208e-05,1.298074758000439,2.574846948999948,1,63.376,1400.0,
61,True,1.1042858709997745,0.06952061099991624,7.1040999955585e-05,1.1738775229996463,2.331777364000118,1,62.838,1400.0,
62,True,1.3269912710002245,0.07096164899985524,6.661500037807855e-05,1.3980195350004578,2.782652632999998,1,62.838,1400.0,
63,True,1.2855311330004042,0.06123176999972202,6.28119996690657e-05,1.3468257149997953,2.725176324000131,1,62.838,1400.0,
64,True,1.3253215330000785,0.06174015500027963,7.119800011423649e-05,1.3871328860004724,2.7826896110000234,1,62.838,1400.0,
65,True,1.3827217990001373,0.05360683499975494,6.614499989154865e-05,1.4363947789997837,2.8458337199999733,1,62.838,1400.0,
66,True,1.14588173500033,0.055528238000079,6.229199971130583e-05,1.2014722650001204,2.3836747190002825,1,63.376,1400.0,
67,True,1.1839904710000155,0.06280952799988881,6.822900013503386e-05,1.2468682280000394,2.461414012000205,1,62.838,1400.0,
68,True,1.264244969000174,0.07065644099975543,6.0833000134152826e-05,1.3349622430000636,2.636318764000407,1,62.3,1400.0,
69,True,1.2665614749998895,0.05446115699987786,6.796900015615392e-05,1.3210906009999235,2.6235721180000837,1,62.838,1400.0,
70,True,1.2044713730001604,0.06609572000024855,6.833399993411149e-05,1.270635427000343,2.510551790000136,1,62.838,1400.0,
71,True,1.2263143039999704,0.06782821700016939,7.650999987163232e-05,1.2942190310000115,2.5614190460000827,1,62.838,1400.0,
72,True,1.2666733490000297,0.06108458300013808,6.416699989131303e-05,1.327822099000059,2.622675346000051,1,63.376,1400.0,
73,True,1.1853771860000961,0.054655739000281756,6.713500033583841e-05,1.2401000600007137,2.450224860000162,1,63.376,1400.0,
74,True,1.2506310320000011,0.06389577500021915,6.234299962670775e-05,1.314589149999847,2.5905705549998856,1,62.838,1400.0,
75,True,1.2419995870000093,0.06088150999994468,6.463499994424637e-05,1.3029457319998983,2.566395909000221,1,63.376,1400.0,
76,True,1.1564046820003568,0.05653771500010407,6.588499991266872e-05,1.2130082820003736,2.4002882770000724,1,63.376,1400.0,
77,True,1.219179157000326,0.057680004999838275,6.270800031416002e-05,1.2769218700004785,2.5208052049997605,1,62.838,1400.0,
78,True,1.3205107540002246,0.07024649400000271,6.197899983817479e-05,1.3908192270000654,2.7316730699999425,1,62.838,1400.0,
79,True,1.2852847200001634,0.06065666599988617,6.796799971198197e-05,1.3460093539997615,2.6484337330002745,1,63.376,1400.0,
80,True,1.2403239119998943,0.06484785800012105,6.713499988109106e-05,1.3052389049998965,2.581485045000136,1,62.838,1400.0,
81,True,1.17553157500015,0.055629279000186216,6.354200013447553e-05,1.2312243960004707,2.4311029589998725,1,63.376,1400.0,
82,True,1.2198990500000946,0.06594676099985008,8.328100011567585e-05,1.2859290920000603,2.5468973949996325,1,62.838,1400.0,
83,True,1.260027209999862,0.06429103499976918,6.8385999838938e-05,1.32438663099947,2.6273723600002086,1,63.376,1400.0,
84,True,1.1168600589999187,0.06346030800023073,6.291599993346608e-05,1.1803832830000829,2.327019021000069,1,62.838,1400.0,
85,True,1.1171222980001403,0.06306171400001404,6.255200014493312e-05,1.1802465640002993,2.3293081309998342,1,62.838,1400.0,
86,True,1.1960728399999425,0.06920519300001615,6.369800030370243e-05,1.2653417310002624,2.4979606530000638,1,62.838,1400.0,
87,True,1.1136780329998146,0.061860986999818124,6.515599989143084e-05,1.1756041759995242,2.3318325519999235,1,63.376,1400.0,
88,True,1.2820122220000485,0.07136763800008339,6.385400001818198e-05,1.35344371400015,2.67630836599983,1,63.376,1400.0,
89,True,1.2578651280000486,0.056883599999764556,6.15620001553907e-05,1.3148102899999685,2.6035988029998407,1,63.376,1400.0,
90,True,1.1367900760001248,0.0651102010001523,6.31249999969441e-05,1.201963402000274,2.377834919000179,1,62.838,1400.0,
91,True,1.2189672250001422,0.05859755499977837,6.21869999122282e-05,1.2776269669998328,2.5244998220000525,1,63.376,1400.0,
92,True,1.2401714589996118,0.07143836700015527,6.692699980703765e-05,1.311676752999574,2.5894541889997527,1,62.3,1400.0,
93,True,1.0787964770001963,0.06319343299992397,8.61459998304781e-05,1.1420760559999508,2.248244983999939,1,62.838,1400.0,
94,True,1.2632629290001205,0.05391438700007711,8.177100016837358e-05,1.317259087000366,2.616898307000156,1,63.376,1400.0,
95,True,1.1598698779998813,0.07103508599993802,8.208400004150462e-05,1.2309870479998608,2.4213286439999138,1,63.376,1400.0,
96,True,1.1176715649999096,0.053646522000235564,6.7394999859971e-05,1.1713854820000051,2.3326927009998144,1,62.838,1400.0,
97,True,1.1753998509998382,0.05968854299999293,7.458300024154596e-05,1.2351629770000727,2.439020173999779,1,63.376,1400.0,
98,True,1.285551951999878,0.05779286899996805,6.39069999124331e-05,1.3434087279997584,2.6675297269998737,1,62.838,1400.0,
99,True,1.2405813519999356,0.06971222299989677,6.234299962670775e-05,1.310355917999459,2.583967838999797,1,63.376,1400.0,
100,True,1.2588393930000166,0.06108296699994753,6.385400001818198e-05,1.3199862139999823,2.612598831000014,1,62.3,1400.0,
101,True,1.1359513749998769,0.07031446200016944,6.630200005020015e-05,1.2063321390000965,2.370195550000062,1,62.838,1400.0,
102,True,1.2186200349997307,0.05974349100006293,6.40620000922354e-05,1.2784275879998859,2.537387344000308,1,63.376,1400.0,
103,True,1.1989272550003989,0.05507006100015133,8.66150003275834e-05,1.2540839310008778,2.4920633599999746,1,63.376,1400.0,
104,True,1.1756345869998768,0.054522615000223595,6.197899983817479e-05,1.2302191809999385,2.4397076679997554,1,62.838,1400.0,
105,True,1.1192229129997031,0.055236154999875,6.291699992289068e-05,1.174521984999501,2.3290783259999444,1,62.838,1400.0,
106,True,1.2586038180002106,0.07119164799996724,7.114500021998538e-05,1.3298666110003978,2.631314940000266,1,63.376,1400.0,
107,True,1.198868713000138,0.062111820000154694,6.39059999230085e-05,1.2610444390002158,2.4997880830001122,1,63.376,1400.0,
108,True,1.1979037149999385,0.06842675699999745,6.72399996801687e-05,1.2663977119996161,2.496578869000132,1,62.838,1400.0,
109,True,1.2589353270000174,0.06539045999988957,6.557299957421492e-05,1.3243913599994812,2.616274808000071,1,62.3,1400.0,
110,True,1.154069674999846,0.05661438100014493,6.734299995514448e-05,1.210751398999946,2.396715342999869,1,63.376,1400.0,
111,True,1.2445397790002062,0.059673854999800824,6.963499981793575e-05,1.304283268999825,2.5683967109998775,1,63.376,1400.0,
112,True,1.1823511360003067,0.05830687899970144,7.796899990353268e-05,1.2407359839999117,2.458652212999823,1,63.376,1400.0,
113,True,1.300937908999913,0.05408980199990765,6.479099965872592e-05,1.3550925019994793,2.695791178000036,1,63.376,1400.0,
114,True,1.197798036000222,0.06866727800024819,6.364600039887591e-05,1.2665289600008691,2.492618714999935,1,62.838,1400.0,
115,True,1.20077381100009,0.05744615099956718,6.302000019786647e-05,1.258282981999855,2.4846264890002203,1,62.3,1400.0,
116,True,1.1605780469999445,0.060052083999835304,7.270800051628612e-05,1.220702839000296,2.4110952609999003,1,63.376,1400.0,
117,True,1.1736771910000243,0.06627030199979345,6.609400043089408e-05,1.2400135870002487,2.449868267000056,1,62.838,1400.0,
118,True,1.2587668870000925,0.06973425499927544,8.192699988285312e-05,1.3285830689992508,2.628384780000488,1,63.376,1400.0,
119,True,1.2398644199993214,0.0611657279996507,6.333399960567476e-05,1.3010934819985778,2.582648296000116,1,63.376,1400.0,
120,True,1.323740447000091,0.06924403900029574,6.97919995218399e-05,1.3930542779999087,2.762801171999854,1,62.838,1400.0,
121,True,1.1765138579994527,0.06750314799955959,7.31250001990702e-05,1.2440901309992114,2.45459847300026,1,62.838,1400.0,
122,True,1.2777737169999455,0.05725719099973503,6.395800028258236e-05,1.335094865999963,2.6521590140000626,1,63.376,1400.0,
123,True,1.2391662809995978,0.05479051800011803,6.604200007132022e-05,1.2940228409997871,2.5721013200000016,1,62.838,1400.0,
124,True,1.0940460439996968,0.056246353999995335,6.484400000772439e-05,1.1503572419997,2.275360730999637,1,62.838,1400.0,
125,True,1.1572469780003303,0.07164435000049707,9.203100034937961e-05,1.2289833590011767,2.4116343329997108,1,62.838,1400.0,
126,True,1.0942088239999066,0.06160011200063309,6.322999979602173e-05,1.1558721660003357,2.289524022000478,1,62.838,1400.0,
127,True,1.198261341000034,0.06410501099981047,6.546800068463199e-05,1.2624318200005291,2.4935171180004545,1,63.376,1400.0,
128,True,1.2829371509997145,0.05457254499924602,6.942800064280163e-05,1.3375791239996033,2.659443208999619,1,63.376,1400.0,
129,True,1.114298184999825,0.06283766300020943,8.473900015815161e-05,1.1772205870001926,2.3301169059996027,1,62.838,1400.0,
130,True,1.2199891370000842,0.062070943000435364,6.697899971186416e-05,1.2821270590002314,2.5561408619996655,1,62.838,1400.0,
131,True,1.2594679359999645,0.05704551600047125,6.208400009199977e-05,1.3165755360005278,2.62583604899919,1,63.376,1400.0,
132,True,1.2039017769993734,0.06201974199939286,7.260399979713839e-05,1.2659941229985634,2.521023117000368,1,63.376,1400.0,
133,True,1.2245798160001868,0.05424451999988378,6.500000017695129e-05,1.2788893360002476,2.556151525000132,1,63.376,1400.0,
134,True,1.2015831949993299,0.0633423990002484,6.239599952095887e-05,1.2649879899990992,2.5146515709993764,1,63.376,1400.0,
135,True,1.1984450469999501,0.05478686300011759,8.04170003902982e-05,1.253312327000458,2.510927672999969,1,62.838,1400.0,
136,True,1.1636162209997565,0.06649219399969297,6.525999924633652e-05,1.2301736749986958,2.48521686300046,1,63.376,1400.0,
137,True,1.2032786660001875,0.06403354299982311,7.848900077078724e-05,1.2673906980007814,2.498737891000019,1,62.3,1400.0,
138,True,1.3250112420000733,0.0642953659998966,6.458299958467251e-05,1.3893711909995545,2.7422469499997533,1,62.3,1400.0,
139,True,1.2828097989995513,0.06699588999981643,6.275999930949183e-05,1.3498684489986772,2.667185117000372,1,63.376,1400.0,
140,True,1.1238511370002016,0.06694078500004252,6.286499956331681e-05,1.1908547869998074,2.3469064370001433,1,62.838,1400.0,
141,True,1.1228280470004393,0.06619854300060979,6.833299994468689e-05,1.1890949230009937,2.3412283229999957,1,62.838,1400.0,
142,True,1.2618696580002506,0.05417581399979099,6.322900026134448e-05,1.316108701000303,2.6143012219999946,1,63.376,1400.0,
143,True,1.1633614639995358,0.06348442200032878,6.093699994380586e-05,1.2269068229998084,2.413521129000401,1,63.376,1400.0,
144,True,1.2014951529999962,0.06860625199988135,6.25000002401066e-05,1.2701639050001177,2.5109340589997373,1,63.376,1400.0,
145,True,1.1837706299993442,0.06578327799979888,6.572900019818917e-05,1.2496196369993413,2.4628766579999137,1,62.838,1400.0,
146,True,1.181514932999562,0.060501863000354206,6.161500004964182e-05,1.2420784109999659,2.4555056219996914,1,63.376,1400.0,
147,True,1.151796330000252,0.05448961300044175,6.739600030414294e-05,1.206353339000998,2.382905896000011,1,63.376,1400.0,
148,True,1.237715974000821,0.05291632899934484,7.244799962791149e-05,1.2907047509997938,2.559720553999796,1,63.376,1400.0,
149,True,1.2154187360001742,0.05539789500016923,6.932299947948195e-05,1.270885953999823,2.5088754950002112,1,62.3,1400.0,
150,True,1.2164442929997676,0.06074024500048836,6.463600038841832e-05,1.2772491740006444,2.5119732759994804,1,63.376,1400.0,
151,True,1.1590229430003092,0.06826244300009421,6.182299966894789e-05,1.2273472090000723,2.4052945980001823,1,62.838,1400.0,
152,True,1.3621351469992078,0.0592590440001004,6.302100064203842e-05,1.4214572119999502,2.7987911200007147,1,63.376,1400.0,
153,True,1.3586829859996215,0.06260383900007582,7.052099954307778e-05,1.4213573459992404,2.793433465999442,1,62.838,1400.0,
154,True,1.11380647399983,0.06849728400084132,6.546799977513729e-05,1.1823692260004464,2.3311066290007147,1,63.376,1400.0,
155,True,1.1979096499999287,0.05722523599979468,7.078199996612966e-05,1.2552056679996895,2.4879057739999553,1,63.376,1400.0,
156,True,1.299552536000192,0.06756868600041344,6.578099964826833e-05,1.3671870030002538,2.6915158149995477,1,63.376,1400.0,
157,True,1.2175453730005756,0.06035883299955458,6.348899933072971e-05,1.277967694999461,2.5308651909999753,1,63.376,1400.0,
158,True,1.1548671979999199,0.056743617999927665,6.656199911958538e-05,1.2116773779989671,2.4101443170002312,1,62.838,1400.0,
159,True,1.1982606269993994,0.05650372099989909,6.354200013447553e-05,1.254827889999433,2.4868280860000596,1,62.838,1400.0,
160,True,1.2152138109995576,0.059717319000810676,6.23440000708797e-05,1.2749934740004392,2.5290885790000175,1,63.376,1400.0,
161,True,1.3367811420002909,0.05816559699997015,6.23440000708797e-05,1.3950090830003319,2.76418473800004,1,62.838,1400.0,
162,True,1.0958719549998932,0.056917364999208075,8.203099969250616e-05,1.1528713509987938,2.285408972999903,1,62.838,1400.0,
163,True,1.0717161290003787,0.059795545999804744,6.296899937296985e-05,1.1315746439995564,2.2443821220003883,1,62.3,1400.0,
164,True,1.2777617969995845,0.0713990489994103,7.276100041053724e-05,1.3492336069994053,2.658320540999739,1,63.376,1400.0,
165,True,1.1971105829998123,0.06007033600053546,0.00011156300024595112,1.2572924820005937,2.48835195600077,1,63.376,1400.0,
166,True,1.2632924749996164,0.05915601199922094,6.296899937296985e-05,1.3225114559982103,2.609681867999825,1,62.838,1400.0,
167,True,1.2224301670003115,0.06546685099965543,6.411499998648651e-05,1.2879611329999534,2.534426999999596,1,63.376,1400.0,
168,True,1.137956454000232,0.06999862700013182,6.64589997541043e-05,1.208021540000118,2.3745667200000753,1,63.376,1400.0,
169,True,1.157869381000637,0.05839527900025132,6.401099926733878e-05,1.2163286710001557,2.411172673000692,1,63.376,1400.0,
170,True,1.305614023999624,0.06342481499996211,6.510399998660432e-05,1.3691039429995726,2.719983586000126,1,62.838,1400.0,
171,True,1.0351562359992386,0.06501976399977138,7.265600015671225e-05,1.1002486559991667,2.1771420729992315,1,63.376,1400.0,
172,True,1.1941809429999921,0.056680587000300875,6.296900028246455e-05,1.2509244990005755,2.493671274999542,1,63.376,1400.0,
173,True,1.1769368979994397,0.06340647999968496,6.682299954263726e-05,1.2404102009986673,2.458098076999704,1,63.376,1400.0,
174,True,1.3392275919995882,0.053707873999883304,7.29690000298433e-05,1.3930084349995013,2.770536479999464,1,62.838,1400.0,
175,True,1.2016612710003756,0.06255168499956199,7.213600019895239e-05,1.2642850920001365,2.49821889299983,1,63.376,1400.0,
176,True,1.2392528099999254,0.058951993000846414,7.109400030458346e-05,1.2982758970010764,2.5800514550001026,1,63.376,1400.0,
177,True,1.276609763000124,0.05692089700005454,6.302100064203842e-05,1.3335936810008207,2.652265460000308,1,63.376,1400.0,
178,True,1.115356964000057,0.06384486199931416,6.260400004975963e-05,1.1792644299994208,2.3285546540000723,1,63.376,1400.0,
179,True,1.3221391560000484,0.061585848000504484,6.421899979613954e-05,1.383789223000349,2.7430303910005023,1,62.838,1400.0,
180,True,1.2788900300001842,0.06638033200033533,6.781199954275507e-05,1.3453381740000623,2.6692385569995167,1,63.376,1400.0,
181,True,1.277615116000561,0.07031809499949304,6.531200051540509e-05,1.3479985230005695,2.6682361780003703,1,63.376,1400.0,
182,True,1.114851022000039,0.06544012100039254,6.463499994424637e-05,1.1803557780003757,2.3323410009998042,1,62.838,1400.0,
183,True,1.1788598789999014,0.07138398000006418,7.791699954395881e-05,1.2503217759995096,2.4715494530000797,1,63.376,1400.0,
184,True,1.2826773150000008,0.05454901400025847,6.281300011323765e-05,1.3372891420003725,2.653364817999318,1,63.376,1400.0,
185,True,1.2463988780000363,0.06935038300071028,6.520800070575206e-05,1.3158144690014524,2.5863279989998773,1,63.376,1400.0,
186,True,1.2618435129998034,0.06592340000042896,6.364599994412856e-05,1.3278305590001764,2.6152761220000684,1,62.838,1400.0,
187,True,1.2177517359996273,0.07137824699930206,6.229200062080054e-05,1.2891922749995501,2.5439241439999023,1,62.838,1400.0,
188,True,1.3183880179994958,0.06390001099953224,6.968700017750962e-05,1.3823577159992055,2.7464459790007822,1,62.838,1400.0,
189,True,1.1766496860000188,0.07110074599950167,6.406299962691264e-05,1.2478144949991474,2.464264838999952,1,62.838,1400.0,
190,True,1.279472533000444,0.05945328600046196,8.713599982002052e-05,1.339012955000726,2.652837802999784,1,62.838,1400.0,
191,True,1.235901277999801,0.065869176999513,8.833299943944439e-05,1.3018587879987535,2.5821205699994607,1,63.376,1400.0,
192,True,1.2380198589999054,0.054494478000378876,6.468799983849749e-05,1.2925790250001228,2.5785531930005163,1,63.376,1400.0,
193,True,1.2790939970000181,0.07094126299944037,6.515599943668349e-05,1.3501004159988952,2.671604342000137,1,62.838,1400.0,
194,True,1.22008002199982,0.05875588700018852,6.640599985985318e-05,1.2789023149998684,2.535664602999532,1,63.376,1400.0,
195,True,1.0710869059994366,0.07021948999954475,8.651099960843567e-05,1.1413929069985898,2.255068281999229,1,63.376,1400.0,
196,True,1.2356264680001914,0.06169265800053836,7.213599928945769e-05,1.2973912620000192,2.565472909000164,1,62.838,1400.0,
197,True,1.1966124089994992,0.05761994700060313,7.249999998748535e-05,1.2543048560000898,2.4805891080004585,1,62.838,1400.0,
198,True,1.2767950699999346,0.06617875499978254,6.307300009211758e-05,1.3430368979998093,2.6484884960000272,1,63.376,1400.0,
199,True,1.3179543619999095,0.060912500000085856,6.416599990188843e-05,1.3789310279998972,2.737558490000083,1,63.376,1400.0,
200,True,1.3392199889995027,0.055746609000379976,8.578199958719779e-05,1.3950523799994698,2.778733908000504,1,63.376,1400.0,
201,True,1.19826412600014,0.06316729199988913,6.343699988065055e-05,1.2614948549999099,2.492933794000237,1,63.376,1400.0,
202,True,1.259092029000385,0.06120781000026909,8.349000017915387e-05,1.3203833290008333,2.6200918929998807,1,62.838,1400.0,
203,True,1.3237720150000314,0.0633928110000852,8.197900024242699e-05,1.387246805000359,2.7553817130001335,1,63.376,1400.0,
204,True,1.2446410499997,0.05656233700028679,6.208300055732252e-05,1.3012654700005442,2.5947913959998914,1,62.838,1400.0,
205,True,1.2668193879999308,0.059894682000049215,6.656200002908008e-05,1.326780632000009,2.6327157730002,1,62.3,1400.0,
206,True,1.083362563999799,0.06082145300024422,6.307300009211758e-05,1.1442470900001354,2.2755149989998245,1,63.376,1400.0,
207,True,1.2437241349998658,0.0678899470003671,7.411400019918801e-05,1.311688196000432,2.6107111699993766,1,62.838,1400.0,
208,True,1.185727723999662,0.06768557200030045,6.213500000740169e-05,1.2534754309999698,2.504851427000176,1,62.3,1400.0,
209,True,1.1638675379999768,0.05600587500066467,8.911399982025614e-05,1.2199625270004617,2.464139183000043,1,63.376,1400.0,
210,True,1.2836605829998007,0.057290719000775425,6.244799988053273e-05,1.3410137500004566,2.7067137100002583,1,62.838,1400.0,
211,True,1.2045080640000378,0.06942577900008473,8.01050000518444e-05,1.2740139480001744,2.519260992999989,1,63.376,1400.0,
212,True,1.1027736039995943,0.05939988599948265,6.197900074766949e-05,1.1622354689998247,2.2894178360002115,1,62.838,1400.0,
213,True,1.264662927000245,0.06828640200001246,8.166699990397319e-05,1.3330309960001614,2.627472893999766,1,62.838,1400.0,
214,True,1.1660443550008495,0.056791080000039074,6.244800079002744e-05,1.2228978830016786,2.427660489000118,1,63.376,1400.0,
215,True,1.2861393220000537,0.06855541099957918,7.432300026266603e-05,1.3547690559998955,2.6740108929998314,1,63.376,1400.0,
216,True,1.2442109459998392,0.06176550999953179,6.447899977501947e-05,1.306040934999146,2.579452000000856,1,62.838,1400.0,
217,True,1.247040570999161,0.05347779599924252,6.546900021930924e-05,1.3005838359986228,2.5721438419996048,1,62.838,1400.0,
218,True,1.2290774729999612,0.05648597399977007,6.39059999230085e-05,1.2856273529996542,2.5379536909995295,1,63.914,1400.0,
219,True,1.1653303370003414,0.06323108200012939,7.28129998606164e-05,1.2286342320003314,2.4324661489999926,1,63.376,1400.0,
220,True,1.134657492999395,0.06124363299932156,6.401100017683348e-05,1.1959651369988933,2.3608693109999876,1,62.3,1400.0,
221,True,1.2389286939996964,0.06661665499996161,6.177099930937402e-05,1.3056071199989674,2.5646297789999153,1,62.838,1400.0,
222,True,1.301356845000555,0.060906026999873575,6.88540003466187e-05,1.3623317260007752,2.67865195900049,1,62.838,1400.0,
223,True,1.215459176000877,0.0699373329998707,6.671899973298423e-05,1.2854632280004807,2.5303566330003378,1,63.376,1400.0,
224,True,1.055348130999846,0.07119811500069773,6.35939995845547e-05,1.1266098400001283,2.1953977650000525,1,62.838,1400.0,
225,True,1.2585669390000476,0.060577690999707556,6.750000011379598e-05,1.319212129999869,2.6128894479998053,1,63.376,1400.0,
226,True,1.1157495000006747,0.053136541000640136,6.505200053652516e-05,1.1689510930018514,2.3169558159997905,1,63.376,1400.0,
227,True,1.217435382000076,0.054564458000641025,8.744800015847431e-05,1.2720872880008756,2.5166292410003734,1,63.376,1400.0,
228,True,1.2563299220000772,0.06266060699999798,6.9635999352613e-05,1.3190601649994278,2.602986140000212,1,63.376,1400.0,
229,True,1.3222772380004244,0.05383706100019481,6.572900019818917e-05,1.3761800280008174,2.7255708160000722,1,63.376,1400.0,
230,True,1.2596520349998173,0.07114342299973941,6.291600038821343e-05,1.3308583739999449,2.6348782919994846,1,62.838,1400.0,
231,True,1.1986944899999799,0.060751021999749355,6.505199962703045e-05,1.2595105639993562,2.489605378000306,1,63.914,1400.0,
232,True,1.2363168430001679,0.07079764099944441,6.598999971174635e-05,1.307180473999324,2.5902980629998638,1,63.376,1400.0,
233,True,1.0738888839996434,0.06864175400005479,7.734399969194783e-05,1.1426079819993902,2.2562230260000433,1,62.838,1400.0,
234,True,1.2578083939997668,0.06496164700001827,6.812500032538082e-05,1.3228381660001105,2.6099146930000643,1,63.376,1400.0,
235,True,1.1974584039999172,0.06635133399959159,8.255199918494327e-05,1.2638922899986937,2.496807634999641,1,63.376,1400.0,
236,True,1.2591848300007769,0.07077321100041445,6.192799992277287e-05,1.330019969001114,2.6318022069999643,1,63.376,1400.0,
237,True,1.0963715629995932,0.05332700399958412,6.656200002908008e-05,1.1497651289992064,2.2781616519996533,1,62.838,1400.0,
238,True,1.3218690559997412,0.06782461399961903,7.973999981913948e-05,1.3897734099991794,2.739773721000347,1,63.376,1400.0,
239,True,1.2859657440003502,0.0657117480004672,6.192699947860092e-05,1.351739419000296,2.659997251999812,1,63.376,1400.0,
240,True,1.1217256069994619,0.06102242199995089,6.369799939420773e-05,1.182811726998807,2.3337302070003716,1,63.376,1400.0,
241,True,1.2375938779996432,0.0582349210008033,6.333300007099751e-05,1.2958921320005174,2.5682934670003306,1,63.376,1400.0,
242,True,1.2023254650002855,0.0686551340004371,6.140699952084105e-05,1.2710420060002434,2.503662842999802,1,62.838,1400.0,
243,True,1.1988874329999817,0.054382366000027105,6.427100015571341e-05,1.2533340700001645,2.4941416199999367,1,62.3,1400.0,
244,True,1.1803050190001159,0.05369122000047355,6.953199954295997e-05,1.2340657710001324,2.4559398629999123,1,62.838,1400.0,
245,True,1.2598501980000947,0.0689383609997094,6.489600036729826e-05,1.3288534550001714,2.624314181000045,1,63.376,1400.0,
246,True,1.178813694999917,0.06731914100055292,6.26560004093335e-05,1.2461954920008793,2.467714772000363,1,63.376,1400.0,
247,True,1.2980168039994169,0.06137726300039503,6.400999973266153e-05,1.3594580769995446,2.7079369789998964,1,63.376,1400.0,
248,True,1.1380259500001557,0.06395268000051146,6.34380003248225e-05,1.202042068000992,2.376600319999852,1,62.838,1400.0,
249,True,1.1970753909999985,0.07004637899990485,7.078099952195771e-05,1.2671925509994253,2.4955616979996194,1,63.376,1400.0,
250,True,1.2203479400004653,0.06315950200041698,6.218700036697555e-05,1.2835696290012493,2.5297530429998005,1,63.376,1400.0,
251,True,1.2192155339998862,0.06982663800044975,6.224000026122667e-05,1.2891044120005972,2.5333893260003606,1,63.376,1400.0,
252,True,1.1756369149998136,0.06489856400003191,6.348999977490166e-05,1.2405989689996204,2.462206414999855,1,63.376,1400.0,
253,True,1.2602127670006666,0.067779084999529,6.499999926745659e-05,1.328056851999463,2.62547014699976,1,63.914,1400.0,
254,True,1.2602811930000826,0.053266579999217356,6.781200045224978e-05,1.3136155849997522,2.6165052249998553,1,62.838,1400.0,
255,True,1.2193364300001122,0.062310435999279434,7.067699971230468e-05,1.281717542999104,2.528262466000342,1,63.376,1400.0,
256,True,1.279874667000513,0.0572475700000723,6.380200011335546e-05,1.3371860390006987,2.650366544999997,1,63.376,1400.0,
257,True,1.0810533459998624,0.058151006999651145,6.286499956331681e-05,1.1392672179990768,2.248021403000166,1,63.376,1400.0,
258,True,1.161967788999391,0.05421694300002855,6.161400051496457e-05,1.2162463459999344,2.399831429999722,1,63.376,1400.0,
259,True,1.2229349850003928,0.05609605700010434,6.531199960591039e-05,1.279096354000103,2.5346613460005756,1,62.838,1400.0,
260,True,1.2588389959992128,0.07111319699924934,8.546900062356144e-05,1.3300376619990857,2.6263828080000167,1,63.376,1400.0,
261,True,1.2603520070006198,0.07045241400010127,6.640600076934788e-05,1.3308708270014904,2.624658515000192,1,62.838,1400.0,
262,True,1.3027181010002096,0.059211889999460254,6.322900026134448e-05,1.3619932199999312,2.7134616399998777,1,62.838,1400.0,
263,True,1.2851561580000634,0.06960173599964037,8.619800064479932e-05,1.3548440920003486,2.6736728570003834,1,62.838,1400.0,
264,True,1.097047403999568,0.06515861000025325,6.906199996592477e-05,1.162275075999787,2.305025870999998,1,63.376,1400.0,
265,True,1.2183696629999758,0.06409532700035925,6.85420000081649e-05,1.2825335320003433,2.534256584999639,1,63.376,1400.0,
266,True,1.2582181009993292,0.06275990900030592,6.39059999230085e-05,1.3210419159995581,2.619492053000613,1,63.376,1400.0,
267,True,1.2380683459996362,0.06511589999990974,6.224000026122667e-05,1.3032464859998072,2.573370354999497,1,63.376,1400.0,
268,True,1.2794346989994665,0.06036303299970314,6.427100015571341e-05,1.3398620029993253,2.6495747760000086,1,63.376,1400.0,
269,True,1.2773984899995412,0.06723766999948566,7.015600021986756e-05,1.3447063159992467,2.6554666319998432,1,63.376,1400.0,
270,True,1.1956785169995783,0.058579438000379014,6.437499996536644e-05,1.2543223299999227,2.489855327999976,1,62.838,1400.0,
271,True,1.3185228009997445,0.06890454399945156,6.296900028246455e-05,1.3874903139994785,2.7510766590003186,1,63.376,1400.0,
272,True,1.258467779000057,0.060120322999864584,7.682300019951072e-05,1.318664925000121,2.61109234200012,1,62.838,1400.0,
273,True,1.1469330629997785,0.06439990599938028,6.500000017695129e-05,1.2113979689993357,2.3986437949997708,1,63.376,1400.0,
274,True,1.164524514999357,0.0709358969997993,8.291700032714289e-05,1.2355433289994835,2.44738305699957,1,63.376,1400.0,
275,True,1.0407211550000284,0.06147282199981419,8.046899984037736e-05,1.102274445999683,2.197704041999714,1,63.376,1400.0,
276,True,1.0810796429996117,0.07055907300036779,6.671899973298423e-05,1.1517054349997125,2.2727356539999164,1,63.376,1400.0,
277,True,1.1826124109993543,0.060059800000090036,6.28120005785604e-05,1.242735023000023,2.475872488999812,1,62.838,1400.0,
278,True,1.1825476110007003,0.0696841230001155,6.23440000708797e-05,1.2522940780008867,2.484955388999879,1,62.838,1400.0,
279,True,1.1789429139998902,0.06721917499999108,7.541699960711412e-05,1.2462375059994883,2.524032876000092,1,62.838,1400.0,
280,True,1.1614695700000084,0.06097162200057937,7.317699964914937e-05,1.222514369000237,2.4664229030004208,1,63.376,1400.0,
281,True,1.202452013999391,0.06575703800081101,6.333300007099751e-05,1.268272385000273,2.5111938280006143,1,63.376,1400.0,
282,True,1.144365853000636,0.05605427699993015,8.182300007320009e-05,1.2005019530006393,2.381947597999897,1,63.376,1400.0,
283,True,1.163066211000114,0.05984490199989523,6.23440000708797e-05,1.22297345700008,2.419877429000735,1,62.838,1400.0,
284,True,1.0609182259995578,0.05418188000021473,7.000000005064066e-05,1.1151701059998231,2.216104840999833,1,63.376,1400.0,
285,True,1.2244453170005727,0.06949370399979671,7.275999996636529e-05,1.2940117810003358,2.5598298039994916,1,63.376,1400.0,
286,True,1.3053242200003297,0.0532534410003791,6.50530000712024e-05,1.35864271400078,2.7005072439997093,1,63.914,1400.0,
287,True,1.2227796729994225,0.06716245299958246,6.171899985929485e-05,1.2900038449988642,2.5514678380004625,1,63.376,1400.0,
288,True,1.1082873129998916,0.057194690999494924,8.083300053840503e-05,1.165562836999925,2.3049123370001325,1,62.838,1400.0,
289,True,1.1499201730002824,0.05825187800019194,6.364599994412856e-05,1.2082356970004184,2.3710328459992525,1,62.838,1400.0,
290,True,1.0921916199995394,0.0628267739994044,6.380199920386076e-05,1.1550821959981477,2.281846367000071,1,62.838,1400.0,
291,True,1.3182975620002253,0.06575536699983786,6.776100053684786e-05,1.3841206900006,2.7196527769992827,1,62.838,1400.0,
292,True,1.175412442000379,0.054903804000787204,7.838599958631676e-05,1.2303946320007526,2.4254132159994697,1,63.376,1400.0,
293,True,1.1740553500003443,0.06807073100026173,6.385400047292933e-05,1.242189935001079,2.4297464819992456,1,63.376,1400.0,
294,True,1.2966919599994071,0.06701744900055928,7.192700013547437e-05,1.3637813360001019,2.6859546470004716,1,62.838,1400.0,
295,True,1.074479655999312,0.06441557400012243,8.208300005208002e-05,1.1389773129994865,2.2416577470003176,1,63.376,1400.0,
296,True,1.1950564729995676,0.05566151099992567,6.724000013491604e-05,1.2507852239996282,2.4791149740003675,1,62.3,1400.0,
297,True,1.1524749029995291,0.06499598900063575,6.963499981793575e-05,1.2175405269999828,2.4106532400001015,1,62.838,1400.0,
298,True,1.2745483839998997,0.06041452999943431,7.036499937385088e-05,1.3350332789987078,2.649161815000298,1,62.838,1400.0,
299,True,1.193650303999675,0.053848489000301925,6.281300011323765e-05,1.2475616060000903,2.4796974239998235,1,62.838,1400.0,
300,True,1.2146228470001006,0.053718279999884544,6.776000009267591e-05,1.2684088870000778,2.517399125999873,1,62.838,1400.0,
301,True,1.2347013810003773,0.05369536299986066,6.197899983817479e-05,1.2884587230000761,2.569145149999713,1,62.3,1400.0,
302,True,1.235876162999375,0.06311557099979836,6.281300011323765e-05,1.2990545469992867,2.577324299000793,1,63.376,1400.0,
303,True,1.1910363130000405,0.0576387999999497,6.520799979625735e-05,1.2487403209997865,2.473596161000387,1,63.376,1400.0,
304,True,1.1529121409994332,0.06497556999966037,6.239599952095887e-05,1.2179501069986145,2.4042177100000117,1,63.376,1400.0,
305,True,1.2353178060002392,0.05401885100036452,6.296900028246455e-05,1.2893996260008862,2.5571576349993848,1,63.376,1400.0,
306,True,1.1832724890000463,0.06563390299925231,7.505200028390391e-05,1.2489814439995826,2.466306842999984,1,63.376,1400.0,
307,True,1.2823409120001088,0.057252913000411354,6.489599945780355e-05,1.339658720999978,2.6427102009993177,1,63.376,1400.0,
308,True,1.1731590879999203,0.05851786099992751,7.609399926877813e-05,1.2317530429991166,2.4482404569998835,1,62.838,1400.0,
309,True,1.1524482489994625,0.06176134900033503,6.260400004975963e-05,1.2142722019998473,2.3974457069998607,1,63.376,1400.0,
310,True,1.235831934000089,0.06100598400007584,7.401000038953498e-05,1.2969119280005543,2.578612864000206,1,63.376,1400.0,
311,True,1.1932950539994636,0.06726509800046188,7.593699956487399e-05,1.2606360889994903,2.4893527519998315,1,62.838,1400.0,
312,True,1.2366137929993783,0.06819999300023483,6.932299947948195e-05,1.3048831089990927,2.578829238000253,1,63.376,1400.0,
313,True,1.1954381629993804,0.07047056600003998,6.390699945768574e-05,1.265972635998878,2.5038840719998916,1,63.376,1400.0,
314,True,1.2351695059996928,0.05613390000053187,6.583399954251945e-05,1.2913692399997672,2.575112278999768,1,63.376,1400.0,
315,True,1.2148866360003012,0.06488400299986097,6.244799988053273e-05,1.2798330870000427,2.5388202869999077,1,63.376,1400.0,
316,True,1.1574421559998882,0.06814764799946715,6.781199954275507e-05,1.225657615998898,2.4295081489999575,1,63.376,1400.0,
317,True,1.2973107769994385,0.0665104079998855,7.729099979769671e-05,1.3638984759991217,2.705041328000334,1,62.3,1400.0,
318,True,1.2764334280000185,0.06391129300027387,6.479199964815052e-05,1.3404095129999405,2.662031317000583,1,63.376,1400.0,
319,True,1.23339644600037,0.06118905400035146,6.489599945780355e-05,1.2946503960001792,2.571528135000335,1,63.376,1400.0,
320,True,1.0329620930006058,0.06232592800006387,6.213599954207893e-05,1.0953501570002118,2.156325992999882,1,62.838,1400.0,
321,True,1.182697482000549,0.07170842699997593,6.359300004987745e-05,1.2544695020005747,2.463123017999351,1,63.376,1400.0,
322,True,1.29806813399955,0.06252337499972782,6.192700038809562e-05,1.3606534359996658,2.6825568759995804,1,63.376,1400.0,
323,True,1.259134226000242,0.05364801199993963,6.317699990177061e-05,1.3128454150000834,2.6162751499996375,1,62.838,1400.0,
324,True,1.177653919000477,0.07213290399977268,6.958300036785658e-05,1.2498564060006174,2.4549768810002206,1,62.838,1400.0,
325,True,1.237081766999836,0.05533176100016135,6.67710000925581e-05,1.2924802990000899,2.564073149000251,1,63.376,1400.0,
326,True,1.258669464000377,0.062347333000616345,6.260400004975963e-05,1.3210794010010432,2.6155965620000643,1,62.3,1400.0,
327,True,1.3255795999994007,0.05931722799959971,6.531199960591039e-05,1.3849621399986063,2.7441476679996413,1,63.376,1400.0,
328,True,1.2956518370001504,0.05358915600027103,7.72399998822948e-05,1.3493182330003037,2.6801073510005153,1,62.838,1400.0,
329,True,1.175477998000133,0.06449253900063923,6.380200011335546e-05,1.2400343390008857,2.447201703000246,1,63.376,1400.0,
330,True,1.263194327999372,0.05819769699974131,6.989600024098763e-05,1.3214619209993543,2.6475455549998514,1,63.376,1400.0,
331,True,1.319478944000366,0.05871941500026878,6.0260000282141846e-05,1.378258619000917,2.7401540090004346,1,62.3,1400.0,
332,True,1.2701833740002257,0.06646686000021873,0.00011338500007695984,1.3367636190005214,2.647500418999698,1,64.452,1400.0,
333,True,1.3322766340006638,0.0636616519996096,8.479200005240273e-05,1.3960230780003258,2.709818878999613,1,65.528,1400.0,
334,True,1.3017642369995883,0.06196618300054979,9.010499979922315e-05,1.3638205249999373,2.7402045310000176,1,66.604,1400.0,
335,True,1.1596070750001672,0.05575899700033915,7.145800009311642e-05,1.2154375300005995,2.4074286559998654,1,65.528,1400.0,
336,True,1.1789869589993032,0.07163394100007281,7.505200028390391e-05,1.2506959519996599,2.4583152980003433,1,64.452,1400.0,
337,True,1.1933465849997447,0.07185289900007774,7.494800047425088e-05,1.2652744320002967,2.5071587100001125,1,64.99,1400.0,
338,True,1.20250470100018,0.07195378400047048,6.765600028302288e-05,1.2745261410009334,2.4996037500004604,1,64.452,1400.0,
339,True,1.2059911530004683,0.07227362699995865,6.609299998672213e-05,1.2783308730004137,2.5242003450002812,1,64.452,1400.0,
340,True,1.1450225149992548,0.06437133700001141,6.062500051484676e-05,1.209454476999781,2.4056667169998036,1,64.452,1400.0,
341,True,1.264487841999653,0.06304961800015008,6.239600043045357e-05,1.3275998560002336,2.6375762769994253,1,63.914,1400.0,
342,True,1.2418251320004856,0.0573848280000675,6.333300007099751e-05,1.299273293000624,2.6065897080006835,1,63.914,1400.0,
343,True,1.1637179600002128,0.07037227199998597,6.489600036729826e-05,1.234155128000566,2.4944877449997875,1,63.376,1400.0,
344,True,1.1987393499994141,0.060680712000248604,7.18749997759005e-05,1.2594919369994386,2.5371203759996206,1,63.914,1400.0,
345,True,1.20383548800055,0.055143942000540846,6.187500002852175e-05,1.2590413050011193,2.503188444999978,1,63.376,1400.0,
346,True,1.2285118290001265,0.06061076399964804,6.416700034606038e-05,1.2891867600001206,2.55164180400061,1,63.376,1400.0,
347,True,1.2468000980006764,0.05704737900032342,6.28120005785604e-05,1.3039102890015783,2.5819502179992924,1,63.376,1400.0,
348,True,1.1247217430000092,0.06619065700033389,6.17180003246176e-05,1.1909741180006677,2.350695013999939,1,63.376,1400.0,
349,True,1.2674711720001142,0.062011074000110966,6.354200013447553e-05,1.3295457880003596,2.625201792000553,1,64.452,1400.0,
350,True,1.2653150720007034,0.058592688999851816,6.484299956355244e-05,1.3239726040001187,2.6148136049996538,1,63.914,1400.0,
351,True,1.0440090429992779,0.06012966799971764,8.838499979901826e-05,1.1042270959987945,2.185145655999804,1,64.452,1400.0,
352,True,1.2497572520005633,0.06125466699995741,6.713499988109106e-05,1.3110790540004018,2.598145928000122,1,63.376,1400.0,
353,True,1.2399926140005846,0.05464753399974143,6.442700032494031e-05,1.294704575000651,2.55987051000011,1,63.914,1400.0,
354,True,1.1947633520003365,0.06269122899993818,6.572900019818917e-05,1.2575203100004728,2.465121831000033,1,63.914,1400.0,
355,True,1.2390521329998592,0.06729950799945073,6.984399988141377e-05,1.3064214849991913,2.5616173589996833,1,63.376,1400.0,
356,True,1.2179965089999314,0.06943414299985307,6.39059999230085e-05,1.2874945579997075,2.521569391000412,1,63.376,1400.0,
357,True,1.2709658069998113,0.06368081100026757,6.838500030426076e-05,1.3347150030003831,2.6064789830006703,1,63.376,1400.0,
358,True,1.1806701549994614,0.07347523399948841,0.00010062500041385647,1.2542460139993636,2.4802461509998466,1,63.914,1400.0,
359,True,1.2635206400000243,0.059087061999889556,7.968699992488837e-05,1.3226873889998387,2.589838910999788,1,64.452,1400.0,
360,True,1.3456816450006954,0.06536075700023503,8.69269997565425e-05,1.411129329000687,2.761380449000171,1,65.528,1400.0,
361,True,1.3528226769994944,0.07122778599932644,6.82299996697111e-05,1.4241186929984906,2.8000611489997027,1,65.528,1400.0,
362,True,1.2205286569997043,0.06835804700040171,7.260400070663309e-05,1.2889593080008126,2.5650159630004055,1,64.99,1400.0,
363,True,1.2583436889999575,0.05746768699918903,6.718799977534218e-05,1.315878563998922,2.611173119000341,1,64.452,1400.0,
364,True,1.2583629010005097,0.05821331100014504,7.31250001990702e-05,1.3166493370008538,2.6061570150004627,1,64.452,1400.0,
365,True,1.0962916039998163,0.05777060199943662,6.989600024098763e-05,1.154132101999494,2.291195666999556,1,64.452,1400.0,
366,True,1.3821462259993496,0.06373690200052806,7.385400022030808e-05,1.445956982000098,2.8574014209998495,1,64.452,1400.0,
367,True,1.1969629069999428,0.0631777870003134,6.786399990232894e-05,1.2602085580001585,2.4986810300006255,1,64.452,1400.0,
368,True,1.0806127399991965,0.056681070999729855,6.35940004940494e-05,1.1373574049994204,2.2548247109998556,1,63.914,1400.0,
369,True,1.284760725000524,0.0632379939997918,7.43749997127452e-05,1.3480730940000285,2.6632343249993937,1,63.914,1400.0,
370,True,1.1752035770005023,0.054690861999915796,7.666700003028382e-05,1.2299711060004483,2.436846333000176,1,63.914,1400.0,
371,True,1.1962981450005827,0.06968314799996733,6.317699990177061e-05,1.2660444700004518,2.5056184280001617,1,63.914,1400.0,
372,True,1.2374811959998624,0.05388872699950298,8.088599952316144e-05,1.2914508089988885,2.555000478999318,1,64.452,1400.0,
373,True,1.2173589590001939,0.056278256999576115,6.312499954219675e-05,1.2737003409993122,2.5337718299997505,1,63.376,1400.0,
374,True,1.2988776680003866,0.06046799399973679,6.369800030370243e-05,1.3594093600004271,2.6946283630004473,1,63.914,1400.0,
375,True,1.276498661000005,0.06632757500028674,6.479199964815052e-05,1.34289102799994,2.6540597220000564,1,63.376,1400.0,
376,True,1.3453140929996152,0.05805612000040128,6.619800024054712e-05,1.403436411000257,2.785677253999893,1,63.914,1400.0,
377,True,1.3375460689994725,0.06457132600007753,6.468799983849749e-05,1.4021820829993885,2.78243526299957,1,63.376,1400.0,
378,True,1.175707749999674,0.06509663700035162,6.557300002896227e-05,1.2408699600000546,2.4552625850001277,1,64.452,1400.0,
379,True,1.2161020490002556,0.0616755959999864,6.505199962703045e-05,1.277842696999869,2.532516966000003,1,63.376,1400.0,
380,True,1.2558405150002727,0.05522908900002221,6.473900066339411e-05,1.3111343430009583,2.5966698419997556,1,63.376,1400.0,
381,True,1.2374553090003246,0.058845492999353155,6.24999993306119e-05,1.2963633019990084,2.5684349989996917,1,63.376,1400.0,
382,True,1.3404343170004722,0.06057059599970671,8.281299960799515e-05,1.401087725999787,2.771156818000236,1,64.452,1400.0,
383,True,1.2990705289994366,0.05334690200015757,6.28120005785604e-05,1.3524802430001728,2.693747311000152,1,63.376,1400.0,
384,True,1.3123584329996447,0.05711669199990865,6.755199956387514e-05,1.3695426769991172,2.707828540999799,1,63.376,1400.0,
385,True,1.1815614589995675,0.0682738209998206,6.546900021930924e-05,1.2499007489996075,2.4635716689999754,1,63.914,1400.0,
386,True,1.1406819429994357,0.05622226400009822,6.421899979613954e-05,1.19696842599933,2.3715968600008637,1,63.376,1400.0,
387,True,1.1166699189998326,0.06343241600006877,6.817699977545999e-05,1.1801705119996768,2.334010567000405,1,63.376,1400.0,
388,True,1.2378793850002694,0.053445911000380875,6.338499952107668e-05,1.2913886810001713,2.5569853419992796,1,63.376,1400.0,
389,True,1.0522694729997966,0.06676902900017012,6.500000017695129e-05,1.1191035020001436,2.2082232140000997,1,63.914,1400.0,
390,True,1.140844267999455,0.06939272500039806,6.400999973266153e-05,1.2103010029995858,2.383557856999687,1,63.376,1400.0,
391,True,1.277087527000731,0.06238038499941467,7.348999952228041e-05,1.3395414019996679,2.6629462460005016,1,63.376,1400.0,
392,True,1.299794436999946,0.06735381999988022,6.21879999016528e-05,1.3672104449997278,2.701511527000548,1,63.914,1400.0,
393,True,1.0974572450004416,0.05988689600053476,6.135399962658994e-05,1.157405495000603,2.2980600579994643,1,63.376,1400.0,
394,True,1.2831454769993798,0.06810699600009684,6.859399945824407e-05,1.3513210669989348,2.6625772019997385,1,63.376,1400.0,
395,True,1.2993625459994291,0.05973038499996619,6.494799981737742e-05,1.3591578789992127,2.6941216530003658,1,63.376,1400.0,
396,True,1.19435723100014,0.064409653000439,6.400999973266153e-05,1.2588308940003117,2.497604922999926,1,63.376,1400.0,
397,True,1.1774936410001828,0.0647499130000142,6.23440000708797e-05,1.242305898000268,2.461686338000618,1,63.376,1400.0,
398,True,1.0940910250001252,0.06591355799992016,6.838500030426076e-05,1.1600729680003496,2.2919302219997917,1,63.376,1400.0,
399,True,1.2565304119998473,0.060047259000384656,7.088500024110544e-05,1.316648556000473,2.604747387000316,1,63.376,1400.0,
400,True,1.1961474190002264,0.05320642900005623,7.130199992388953e-05,1.2494251500002065,2.4861236390006525,1,63.376,1400.0,
401,True,1.0865614849999474,0.06282538199957344,8.348899973498192e-05,1.1494703559992558,2.2790105140002197,1,63.376,1400.0,
402,True,1.1850418960002571,0.07145287699950131,6.802100051572779e-05,1.2565627940002742,2.4861841410001944,1,63.376,1400.0,
403,True,1.3056390109995846,0.06305710000015097,6.953200045245467e-05,1.368765643000188,2.7176866059999156,1,63.914,1400.0,
404,True,1.22454998899957,0.062021683000239136,6.239600043045357e-05,1.2866340680002395,2.556048039000416,1,63.376,1400.0,
405,True,1.1484034639997844,0.05875147700044181,7.494799956475617e-05,1.207229888999791,2.4057171249996827,1,63.376,1400.0,
406,True,1.0823287580005854,0.054904343000089284,6.046899943612516e-05,1.1372935700001108,2.2867200479995518,1,63.376,1400.0,
407,True,1.1651591749996442,0.07188574000065273,7.984399962879252e-05,1.2371247589999257,2.4780160239997713,1,63.376,1400.0,
408,True,1.163741776000279,0.06087381799989089,6.270900030358462e-05,1.2246783030004735,2.4124948550006593,1,63.376,1400.0,
409,True,1.1850898840002628,0.07010344800073653,6.088500049372669e-05,1.255254217001493,2.4721899149999444,1,63.376,1400.0,
410,True,1.2444067720007297,0.0596475169995756,6.213600045157364e-05,1.3041164250007569,2.5736653139992995,1,63.914,1400.0,
411,True,1.2043666340005075,0.06531464900035644,7.885400009399746e-05,1.269760137000958,2.5146208609994574,1,63.376,1400.0,
412,True,1.2886439759995483,0.06335329600005934,6.932300038897665e-05,1.3520665949999966,2.676898566000091,1,63.376,1400.0,
413,True,1.2047806870004933,0.06135850499958906,7.880200064391829e-05,1.2662179940007263,2.5120549040002516,1,62.838,1400.0,
414,True,1.2240991090002353,0.06989698899997165,6.35940004940494e-05,1.294059692000701,2.5555179940001835,1,62.838,1400.0,
415,True,1.1456184740000026,0.06214095199993608,8.890600020095007e-05,1.2078483320001396,2.385246212000311,1,63.376,1400.0,
416,True,1.2567625170004249,0.06400152399965009,6.635499994445127e-05,1.3208303960000194,2.606114662999971,1,63.376,1400.0,
417,True,1.178003393999461,0.05715928800054826,8.187499952327926e-05,1.2352445569995325,2.4283171059996675,1,63.376,1400.0,
418,True,1.319711687000563,0.05972277599994413,6.348900024022441e-05,1.3794979520007473,2.7267377460002535,1,63.376,1400.0,
419,True,1.1988447269995959,0.05587658000058582,6.484400000772439e-05,1.2547861510001894,2.4761359110007106,1,63.376,1400.0,
420,True,1.1591719340003692,0.054630226999506704,6.229100017662859e-05,1.2138644520000526,2.3957911610004885,1,63.376,1400.0,
421,True,1.1373537140007102,0.05833694299963099,6.150999979581684e-05,1.195752167000137,2.348878786999194,1,63.376,1400.0,
422,True,1.3186446380004782,0.065535063000425,6.37499997537816e-05,1.384243451000657,2.7165784939998048,1,63.914,1400.0,
423,True,1.1966774180000357,0.060150950999741326,8.458299998892471e-05,1.256912951999766,2.476523375999932,1,63.376,1400.0,
424,True,1.2201119299998027,0.06878047700047318,6.70830004310119e-05,1.2889594900007069,2.535612807999314,1,63.376,1400.0,
425,True,1.257670756999687,0.05454345399994054,7.473999994545011e-05,1.312288950999573,2.5963005719995635,1,63.376,1400.0,
426,True,1.197402613000122,0.07103287000063574,6.562500038853614e-05,1.2685011080011463,2.503947497999434,1,63.376,1400.0,
427,True,1.1173440680004205,0.05911642000046413,6.765600028302288e-05,1.1765281440011677,2.3239559909998206,1,62.838,1400.0,
428,True,1.1814373030001661,0.06844703899969318,6.578099964826833e-05,1.2499501229995076,2.475394062000305,1,63.376,1400.0,
429,True,1.2151799330003996,0.061772928000209504,6.536399996548425e-05,1.2770182250005746,2.521068815000035,1,63.376,1400.0,
430,True,1.1987228560001313,0.06756802899963077,6.59889992675744e-05,1.2663568739990296,2.49711606100027,1,63.376,1400.0,
431,True,1.1156630109999242,0.06689604999974108,6.901100005052285e-05,1.1826280719997158,2.3432065200004217,1,63.376,1400.0,
432,True,1.2643956169995363,0.05347262099985528,6.588599990209332e-05,1.3179341239992937,2.608010084999478,1,63.376,1400.0,
433,True,1.2280205850001948,0.06791203699958714,7.067700062179938e-05,1.2960032990004038,2.5505831869995745,1,63.376,1400.0,
434,True,1.223323655999593,0.0552223069998945,6.338499952107668e-05,1.2786093479990086,2.5326851179997902,1,63.376,1400.0,
435,True,1.2372410899997703,0.06503860100019665,6.343699988065055e-05,1.3023431279998476,2.575611172999743,1,62.838,1400.0,
436,True,1.1195857499997146,0.06299303000014334,6.671899973298423e-05,1.182645498999591,2.3360327340005824,1,63.376,1400.0,
437,True,1.2595176300001185,0.05967558399970585,6.859399945824407e-05,1.3192618079992826,2.6054597809998086,1,63.376,1400.0,
438,True,1.2803253189995303,0.05721829400044953,6.921900057932362e-05,1.3376128320005591,2.6571616640003413,1,62.3,1400.0,
439,True,1.3405547530001058,0.05945100100052514,6.203100019774865e-05,1.4000677850008287,2.7746110529997168,1,63.376,1400.0,
440,True,1.09869179099951,0.06342052899981354,6.40620000922354e-05,1.1621763819994158,2.2960870009992504,1,63.376,1400.0,
441,True,1.35986306399991,0.054010795999602124,6.604099962714827e-05,1.4139399009991394,2.8153122029998485,1,63.376,1400.0,
442,True,1.1598991359996944,0.07133203299963498,7.005200041021453e-05,1.2313012209997396,2.428457152000192,1,63.376,1400.0,
443,True,1.0750276820008366,0.06613729699984106,8.098999933281448e-05,1.1412459690000105,2.263202416999775,1,62.838,1400.0,
444,True,1.1970911859998523,0.06880922200070927,7.093799922586186e-05,1.2659713459997874,2.5095526009999958,1,63.376,1400.0,
445,True,1.2162249709999742,0.05941084300047805,6.348900024022441e-05,1.2756993030006925,2.5244199259996094,1,63.376,1400.0,
446,True,1.2195680369995898,0.06755229499958659,6.703100007143803e-05,1.2871873629992479,2.5487808899997617,1,63.376,1400.0,
447,True,1.343403777000276,0.07024026199997024,6.34379994153278e-05,1.4137074769996616,2.7867466480001895,1,62.838,1400.0,
448,True,1.286181836000651,0.06493094299912627,8.052100019995123e-05,1.3511932999999772,2.661490583000159,1,62.838,1400.0,
449,True,1.2424203520004085,0.05570141800035344,6.97919995218399e-05,1.2981915620002837,2.5701956920001976,1,63.376,1400.0,
450,True,1.2204144260003886,0.06764380399999936,6.500000017695129e-05,1.288123230000565,2.5475466899997627,1,63.376,1400.0,
451,True,1.3265792930005773,0.060309017999315984,6.338599996524863e-05,1.3869516969998585,2.7526376259993413,1,63.376,1400.0,
452,True,1.2587670459997753,0.0710300519995144,6.708399996568915e-05,1.3298641819992554,2.6195251090002785,1,63.376,1400.0,
453,True,1.2187944679999418,0.06537599300008878,6.765600028302288e-05,1.2842381170003137,2.5490666630003034,1,62.838,1400.0,
454,True,1.2872840480004015,0.0542859489996772,6.531200051540509e-05,1.3416353090005941,2.6631195399995704,1,63.914,1400.0,
455,True,1.199990983999669,0.05981849700037856,6.192699947860092e-05,1.2598714079995261,2.5084291250004753,1,63.376,1400.0,
456,True,1.301748091999798,0.057074280999586335,6.307199964794563e-05,1.3588854449990322,2.7011467860002085,1,63.376,1400.0,
457,True,1.1987667060002423,0.06355995200010511,6.463499994424637e-05,1.2623912930002916,2.510305150000022,1,63.376,1400.0,
458,True,1.202137376999417,0.05553344700001617,6.223999935173197e-05,1.257733063998785,2.496731142000499,1,63.376,1400.0,
459,True,1.2825119490007637,0.06312578600045526,6.39059999230085e-05,1.345701641001142,2.662540540000009,1,62.838,1400.0,
460,True,1.2386421860001064,0.06546791900018434,8.203099969250616e-05,1.3041921359999833,2.5786835639992205,1,63.376,1400.0,
461,True,1.2618369560004794,0.055925687000126345,6.53650004096562e-05,1.3178280080010154,2.6270374249997985,1,63.376,1400.0,
462,True,1.2152590710002187,0.06872968700008641,6.317699990177061e-05,1.2840519350002069,2.547644821999711,1,63.376,1400.0,
463,True,1.2201794809998319,0.062439639000331226,6.526000015583122e-05,1.282684380000319,2.5397073200001614,1,63.376,1400.0,
464,True,1.2818592730000091,0.05430584399982763,6.458299958467251e-05,1.3362296999994214,2.6170964200000526,1,63.914,1400.0,
465,True,1.18430023000019,0.05861412099966401,6.213600045157364e-05,1.2429764870003055,2.4809711520001656,1,63.376,1400.0,
466,True,1.1431597370001327,0.06710697900052764,6.494799981737742e-05,1.2103316640004778,2.415936977000456,1,63.376,1400.0,
467,True,1.2829461359997367,0.053960739000103786,6.932299947948195e-05,1.33697619799932,2.6694807310004762,1,64.452,1400.0,
468,True,1.2254998750004233,0.05735084100069798,7.807300062268041e-05,1.282928789001744,2.554629458999443,1,63.376,1400.0,
469,True,1.2063084279998293,0.07097504800003662,6.150999979581684e-05,1.2773449859996617,2.52194437199978,2,63.376,1400.0,
470,True,1.2472657880007318,0.05369714500011469,7.161499979702057e-05,1.3010345480006436,2.6153723650004395,1,62.838,1400.0,
471,True,1.2680700910004816,0.06832187300005899,6.223900072654942e-05,1.3364542030012672,2.6981924480005546,1,63.376,1400.0,
472,True,1.24708593700052,0.06769062300008954,7.864599956519669e-05,1.3148552060001748,2.635810456999934,1,62.838,1400.0,
473,True,1.1836196300000665,0.06420708399946307,6.338500043057138e-05,1.2478900989999602,2.4572597070000484,1,63.376,1400.0,
474,True,1.1033525550001286,0.05693109999992885,7.286399977601832e-05,1.1603565189998335,2.304289770999276,1,63.376,1400.0,
475,True,1.2077901250004288,0.06951379800011637,7.963600000948645e-05,1.2773835590005547,2.513060117999885,1,62.838,1400.0,
476,True,1.2440792069992312,0.06917395400068926,7.70839997130679e-05,1.3133302449996336,2.5898483830005716,1,63.376,1400.0,
477,True,1.1661618699999963,0.06000542000037967,7.197900049504824e-05,1.226239269000871,2.428826006000236,1,63.376,1400.0,
478,True,1.1645897859998513,0.0544788619999963,6.625000060012098e-05,1.2191348980004477,2.4143544999997175,1,63.376,1400.0,
479,True,1.2234823909993793,0.06297010499929456,6.348999977490166e-05,1.2865159859984487,2.5457165739999255,1,62.838,1400.0,
480,True,1.2431292990004295,0.053047196000079566,6.2343999161385e-05,1.2962388389996704,2.5490557309994983,1,63.914,1400.0,
481,True,1.240886952999972,0.05874698299976444,8.713599982002052e-05,1.2997210719995564,2.561238683000738,1,63.914,1400.0,
482,True,1.2811706150005193,0.05272188399976585,6.26559994998388e-05,1.333955154999785,2.6247284669998407,1,63.914,1400.0,
483,True,1.199156407999908,0.06353723899974284,8.322900066559669e-05,1.2627768760003164,2.487519302000692,1,63.376,1400.0,
484,True,1.2785550879998482,0.0681692660000408,6.69269993522903e-05,1.3467912809992413,2.659273633000339,1,63.914,1400.0,
485,True,1.2842317470003763,0.06630270599998767,6.333300007099751e-05,1.350597786000435,2.669393929000762,1,63.376,1400.0,
486,True,1.1760355839996919,0.06460926900035702,6.28119996690657e-05,1.240707664999718,2.4448139529995387,1,63.914,1400.0,
487,True,1.2989081340001576,0.05828292000023794,7.208300030470127e-05,1.3572631370007002,2.6878030150000995,1,63.376,1400.0,
488,True,1.2814137180002945,0.07017744099994161,6.546899930981454e-05,1.351656627999546,2.670300782000595,1,63.376,1400.0,
489,True,1.2374645850004526,0.06161645900010626,6.322899935184978e-05,1.2991442729999108,2.5760184580003624,1,62.838,1400.0,
490,True,1.2396587459998045,0.056596880000142846,8.400999922741903e-05,1.2963396359991748,2.5710282469999584,1,63.376,1400.0,
491,True,1.1795815030000085,0.05822479400012526,6.48949999231263e-05,1.237871192000057,2.460036927999681,1,63.376,1400.0,
492,True,1.158288965999418,0.07089915899996413,6.755200047336984e-05,1.2292556769998555,2.427760802999728,1,63.376,1400.0,
493,True,1.219233024999994,0.06799165999927936,6.166600087453844e-05,1.287286351000148,2.543930593999903,1,63.376,1400.0,
494,True,1.3200342899999669,0.06733421299941256,8.239599992521107e-05,1.3874508989993046,2.756350614999974,1,63.914,1400.0,
495,True,1.1591124449996641,0.06643983899994055,6.692799979646225e-05,1.2256192119994012,2.4152752220006732,1,63.376,1400.0,
496,True,1.3268337050003538,0.06109614600063651,7.229200036817929e-05,1.3880021430013585,2.7519174270000804,1,62.838,1400.0,
497,True,1.299739349000447,0.068110827000055,7.031200038909446e-05,1.367920488000891,2.7123154740002065,1,63.376,1400.0,
498,True,1.2445448620001116,0.06984598100007133,6.432300051528728e-05,1.3144551660006982,2.584056202999818,1,63.376,1400.0,
499,True,1.283750345000044,0.060424426999816205,6.182299966894789e-05,1.3442365949995292,2.6520769190001374,1,62.838,1400.0,
500,True,1.125629907000075,0.06542588000047544,6.302100064203842e-05,1.1911188080011925,2.349714519000372,1,63.376,1400.0,
501,True,1.2633422320004684,0.06348416399941925,6.812500032538082e-05,1.326894521000213,2.6297306229998867,1,62.838,1400.0,
502,True,1.216478728999391,0.05333760899975459,6.739599939464824e-05,1.2698837339985403,2.5156288409998524,1,62.838,1400.0,
503,True,1.28138590799972,0.0683044190000146,6.791599935240811e-05,1.349758242999087,2.664597818999937,1,63.376,1400.0,
504,True,1.300054481999723,0.06454207800015865,7.072900007187854e-05,1.3646672889999536,2.6958924190003017,1,63.376,1400.0,
505,True,1.2795092360001945,0.06636494099984702,6.484400000772439e-05,1.3459390210000493,2.6690264990002106,1,62.838,1400.0,
506,True,1.2994232779992672,0.06600462899950799,6.406300053640734e-05,1.3654919699993116,2.6913202229998205,1,63.376,1400.0,
507,True,1.3403403739994246,0.06680395100011083,6.296900028246455e-05,1.407207293999818,2.7769932119999794,1,62.838,1400.0,
508,True,1.1366481040004146,0.06020406100014952,6.213500000740169e-05,1.1969143000005715,2.367209611999897,2,63.376,1400.0,
509,True,1.26032142799977,0.06451119199937239,6.244799988053273e-05,1.324895067999023,2.622996305000015,1,63.376,1400.0,
510,True,1.1373138279996056,0.062414787000307115,6.244799988053273e-05,1.1997910629997932,2.376787821999642,1,62.838,1400.0,
511,True,1.2383099839998977,0.05831432299964945,6.203100019774865e-05,1.2966863379997449,2.5627688989998205,1,63.376,1400.0,
512,True,1.248902210999404,0.06067473700022674,6.848900011391379e-05,1.3096454369997446,2.595424123999692,1,63.914,1400.0,
513,True,1.204353290000654,0.07052186300006724,6.86980001773918e-05,1.2749438510008986,2.504944825000166,1,63.376,1400.0,
514,True,1.160565253000641,0.06213056900014635,7.02600000295206e-05,1.2227660820008168,2.405756993000068,1,63.376,1400.0,
515,True,1.2005072459996882,0.06703608499992697,6.322899935184978e-05,1.267606559998967,2.508074706000116,1,63.376,1400.0,
516,True,1.300024393000058,0.06990113499978179,6.270799985941267e-05,1.369988235999699,2.707219363999684,1,63.376,1400.0,
517,True,1.2019788539992078,0.05709427100009634,6.307300009211758e-05,1.2591361979993962,2.5043830829999933,1,62.838,1400.0,
518,True,1.1380895870006498,0.06353426500027126,6.86980001773918e-05,1.2016925500010984,2.369735336999838,2,63.376,1400.0,
519,True,1.2183380520000355,0.06387400399944454,6.182300057844259e-05,1.2822738790000585,2.533619503999944,1,63.376,1400.0,
520,True,1.2148350319994279,0.0671772300001976,6.703100007143803e-05,1.282079292999697,2.5336557479995463,1,62.838,1400.0,
521,True,1.1785713130002478,0.05586968799980241,8.24999997348641e-05,1.234523500999785,2.44428988799973,1,62.838,1400.0,
522,True,1.2600923290001447,0.05405416899975535,7.43750006222399e-05,1.3142208730005223,2.6072657740005525,1,63.376,1400.0,
523,True,1.0785106710000036,0.0567322389997571,6.276099975366378e-05,1.1353056709995144,2.24433381200015,1,63.376,1400.0,
524,True,1.0539200140001412,0.06997186199987482,6.661400038865395e-05,1.1239584900004047,2.2095735269995203,1,63.376,1400.0,
525,True,1.2833887060005509,0.06730217699987406,6.703200051560998e-05,1.3507579150009406,2.6632452889998603,1,62.838,1400.0,
526,True,1.1577314759997535,0.06341832599991903,6.385399956343463e-05,1.221213655999236,2.415721035000388,1,63.376,1400.0,
527,True,1.2006970590000492,0.05620177099990542,6.411499998648651e-05,1.256962944999941,2.48930898099934,1,63.376,1400.0,
528,True,1.2509266440001738,0.06471066799986147,6.286400002863957e-05,1.315700176000064,2.601591110999834,1,63.376,1400.0,
529,True,1.2449952409997422,0.058469372000217845,6.807299996580696e-05,1.3035326859999259,2.5982091289997697,1,62.838,1400.0,
530,True,1.203929027000413,0.060916870000255585,7.426999945892021e-05,1.2649201670001275,2.514875607999784,1,63.376,1400.0,
531,True,1.2208673940003791,0.069983891999982,6.942700019862968e-05,1.2909207130005598,2.567463000999851,1,63.376,1400.0,
532,True,1.1444690259995696,0.06692181200014602,6.302100064203842e-05,1.2114538590003576,2.41232725700047,1,63.376,1400.0,
533,True,1.1506856319992949,0.061482338000132586,7.31250001990702e-05,1.2122410949996265,2.410106055000142,1,63.376,1400.0,
534,True,1.1840164309996908,0.06805519600038679,6.328100062091835e-05,1.2521349080006985,2.5311964570000782,1,62.838,1400.0,
535,True,1.2010683920007068,0.06733972700021695,6.239600043045357e-05,1.2684705150013542,2.542521909000243,1,62.838,1400.0,
536,True,1.1447845889997552,0.060284369999862975,7.125000047381036e-05,1.205140209000092,2.389337624000291,1,63.376,1400.0,
537,True,1.0814739180004835,0.06745326899999782,6.291699992289068e-05,1.1489901040004042,2.264458206999734,1,63.376,1400.0,
538,True,1.1235603859995535,0.06305858599989733,6.369800030370243e-05,1.1866826699997546,2.33768511100061,1,62.838,1400.0,
539,True,1.159950036999362,0.054207812999266025,6.275999930949183e-05,1.2142206099979376,2.413875762999851,1,63.376,1400.0,
540,True,1.2067869689999497,0.05808942299972841,6.916700021974975e-05,1.264945558999898,2.5068657209994853,1,63.376,1400.0,
541,True,1.2648642539998036,0.06365389700022206,6.848900011391379e-05,1.3285866400001396,2.6250550300001123,1,62.838,1400.0,
542,True,1.1869708889998947,0.06392712600063533,6.557300002896227e-05,1.250963588000559,2.462244346999796,1,62.838,1400.0,
543,True,1.1249801650001245,0.0559241649998512,6.718700024066493e-05,1.1809715170002164,2.351759294000658,1,63.376,1400.0,
544,True,1.2587085759996626,0.07038758799990319,6.864599981781794e-05,1.3291648099993836,2.6109376839995093,1,63.914,1400.0,
545,True,1.1761590699998123,0.059772077000161516,6.354099969030358e-05,1.2359946879996642,2.447430336999787,1,63.376,1400.0,
546,True,1.1927276970000094,0.05474020699966786,6.312499954219675e-05,1.2475310289992194,2.468035625000084,2,62.838,1400.0,
547,True,1.1949648280005931,0.06206478399963089,6.364599994412856e-05,1.2570932580001681,2.470747076000407,1,62.838,1400.0,
548,True,1.2397400420004487,0.06357639599991671,6.400999973266153e-05,1.3033804480000981,2.5583890170000814,1,62.838,1400.0,
549,True,1.2975226400003521,0.0637663440002143,7.182300032582134e-05,1.3613608070008922,2.679467071000545,1,63.376,1400.0,
550,True,1.3415775420007776,0.06585660200016719,7.541600007243687e-05,1.4075095600010172,2.780979204999312,1,63.376,1400.0,
551,True,1.243540500000563,0.061112700999728986,6.697899971186416e-05,1.304720180000004,2.5754504429996814,1,63.914,1400.0,
552,True,1.176811708999594,0.06866461999925377,6.86980001773918e-05,1.2455450269990251,2.4665433049995045,1,63.376,1400.0,
553,True,1.199973819000661,0.0640098849999049,6.489600036729826e-05,1.2640486000009332,2.4995539459996508,1,62.838,1400.0,
554,True,1.257713447000242,0.06613363300039055,6.39059999230085e-05,1.3239109860005556,2.6142738270000336,1,63.376,1400.0,
555,True,1.1966891820002274,0.06464389500069956,6.24999993306119e-05,1.2613955770002576,2.486707906999982,1,63.376,1400.0,
556,True,1.094205010999758,0.053504061000239744,6.718799977534218e-05,1.1477762599997732,2.276626287999534,1,63.376,1400.0,
557,True,1.195703971000512,0.05859259899989411,7.005199950071983e-05,1.2543666219999068,2.492412476000027,1,63.376,1400.0,
558,True,1.1954138129995044,0.0562372360000154,6.213600045157364e-05,1.2517131849999714,2.481637689999843,1,63.376,1400.0,
559,True,1.1745555509996848,0.05507473699981347,6.26559994998388e-05,1.229692943998998,2.4461167310000747,1,63.376,1400.0,
560,True,1.1416476640006294,0.0634512389997326,6.682200000796001e-05,1.20516572500037,2.3767985149997912,1,62.838,1400.0,
561,True,1.216225036000651,0.05828723400009039,6.494799981737742e-05,1.2745772180005588,2.5293027850002545,1,63.376,1400.0,
562,True,1.121140180999646,0.058141452000199934,6.88540003466187e-05,1.1793504870001925,2.337362660000508,1,62.838,1400.0,
563,True,1.2182741960004932,0.059350095999434416,7.974000072863419e-05,1.2777040320006563,2.536526051000692,1,63.376,1400.0,
564,True,1.2579887370002325,0.06059019900021667,6.427100015571341e-05,1.3186432070006049,2.621731741000076,1,63.376,1400.0,
565,True,1.1946870799993121,0.06912399300017569,7.130199992388953e-05,1.2638823749994117,2.4969302469999093,1,63.376,1400.0,
566,True,1.2162177330001214,0.06464384100036114,6.651000057900092e-05,1.2809280840010615,2.5313770310003747,1,63.376,1400.0,
567,True,1.28557187899969,0.062427957999716455,6.260400004975963e-05,1.3480624409994562,2.6675882429999547,1,63.914,1400.0,
568,True,1.2412398380001832,0.05470608999985416,6.479100011347327e-05,1.2960107190001509,2.576415621999331,1,63.376,1400.0,
569,True,1.2384156730004179,0.07050763699953677,6.47389997538994e-05,1.3089880489997086,2.579552906000572,1,63.376,1400.0,
570,True,1.2191031379998094,0.06649055700017925,6.411499998648651e-05,1.2856578099999751,2.5393567450000774,1,62.838,1400.0,
571,True,1.2556060159995468,0.06478977799997665,6.291699992289068e-05,1.3204587109994463,2.6179517640002814,1,63.376,1400.0,
572,True,1.256508512000437,0.05385333000049286,6.286499956331681e-05,1.310424707000493,2.5995658409992757,1,63.376,1400.0,
573,True,1.1787840060005692,0.06709191099980671,6.656199911958538e-05,1.2459424789994955,2.449994790999881,1,63.914,1400.0,
574,True,1.1749907269995674,0.07171195699993405,8.812499982013833e-05,1.2467908089993216,2.453077127999677,1,63.376,1400.0,
575,True,1.223548486999789,0.06748873299966363,6.270800076890737e-05,1.2910999280002216,2.547902964000059,1,63.376,1400.0,
576,True,1.1638553179991504,0.0623684249994767,6.932299947948195e-05,1.2262930659981066,2.4166813749998255,1,62.838,1400.0,
577,True,1.2586239680003928,0.05724473200007196,7.479099986085203e-05,1.3159434910003256,2.611996222000016,1,63.376,1400.0,
578,True,1.2177255699998568,0.06666930699975637,6.354199922498083e-05,1.2844584189988382,2.529836615000022,1,63.376,1400.0,
579,True,1.277324726000188,0.061406082999383216,6.494799981737742e-05,1.3387957569993887,2.651627006000126,1,62.838,1400.0,
580,True,1.258776773000136,0.06244212300043728,6.479200055764522e-05,1.321283688001131,2.616841359999853,1,62.838,1400.0,
581,True,1.2989575109995712,0.06049785499999416,7.869799992477056e-05,1.3595340639994902,2.6917587269999785,1,63.376,1400.0,
582,True,1.0933501700001216,0.057604732000072545,6.505199962703045e-05,1.1510199539998212,2.2940816339996672,1,63.376,1400.0,
583,True,1.1957405310004106,0.06887581399951159,6.317699990177061e-05,1.264679521999824,2.4956139220003024,1,63.376,1400.0,
584,True,1.3041441659997872,0.07106393600042793,7.093699969118461e-05,1.3752790389999063,2.71399842899973,1,63.376,1400.0,
585,True,1.2379822530001547,0.06686081599946192,7.270799960679142e-05,1.3049157769992235,2.5724200309996377,1,63.376,1400.0,
586,True,1.0971516690005956,0.06550446199980797,6.255200059968047e-05,1.1627186830010032,2.295706044000326,1,63.376,1400.0,
587,True,1.2782004889995733,0.060884884999723,6.255199969018577e-05,1.3391479259989865,2.6587682139997924,1,62.838,1400.0,
588,True,1.2760939790005068,0.058879833999526454,6.411399954231456e-05,1.3350379269995756,2.654561599000772,1,63.376,1400.0,
589,True,1.2365953720000107,0.06913779199931014,6.520799979625735e-05,1.305798371999117,2.578284122999321,1,62.838,1400.0,
590,True,1.136401308999666,0.06100108100054058,6.48949999231263e-05,1.1974672850001298,2.364829654999994,1,63.376,1400.0,
591,True,1.176285067000208,0.05375166200064996,6.426999971154146e-05,1.2301009990005696,2.4463028990003295,1,62.838,1400.0,
592,True,1.1810919350000404,0.07007930099916848,6.755199956387514e-05,1.2512387879987728,2.487080977000005,1,63.376,1400.0,
593,True,1.2267124580002928,0.07051013399996009,7.921799988253042e-05,1.2973018100001354,2.5798764490000394,1,62.838,1400.0,
594,True,1.2032749290001448,0.06552758699945116,6.109399964771e-05,1.2688636099992436,2.5175259369998457,1,62.838,1400.0,
595,True,1.1860998930005735,0.05682863800029736,6.197899983817479e-05,1.242990510000709,2.475114572000166,1,63.376,1400.0,
596,True,1.0415841589992851,0.06156248699971911,6.26560004093335e-05,1.1032093019994136,2.185177948999808,1,63.376,1400.0,
597,True,1.266053033999924,0.05363806800050952,6.520799979625735e-05,1.3197563100002299,2.6278125799999543,1,63.376,1400.0,
598,True,1.3088316849998591,0.07152127799963637,8.067700036917813e-05,1.3804336399998647,2.785513398999683,1,62.3,1400.0,
599,True,1.2865971219998755,0.07286794299943722,6.796800062147668e-05,1.3595330329999342,2.7150577920001524,1,63.376,1400.0,
600,True,1.141490452000653,0.06535701400025573,6.6927000261785e-05,1.2069143930011705,2.37854387400057,1,63.376,1400.0,
601,True,1.2227669269996113,0.05646634599997924,6.177100021886872e-05,1.2792950439998094,2.5288980860004813,1,62.838,1400.0,
602,True,1.142052531000445,0.06589305499983311,6.338599996524863e-05,1.2080089720002434,2.3906777610000063,1,63.376,1400.0,
603,True,1.191631278999921,0.059422852999887255,6.260400004975963e-05,1.251116735999858,2.474329699000009,1,62.838,1400.0,
604,True,1.1626999540003453,0.0676973760000692,6.166700040921569e-05,1.2304589970008237,2.429086358999484,1,63.376,1400.0,
605,True,1.1413612770002146,0.06688482400022622,6.671899973298423e-05,1.2083128200001738,2.391034884999499,1,63.376,1400.0,
606,True,1.0633632340004624,0.055455826000070374,6.682300045213196e-05,1.118885883000985,2.20957205600007,1,63.376,1400.0,
607,True,1.335437367999475,0.06011441400005424,6.302100064203842e-05,1.3956148030001714,2.748362255999382,1,62.838,1400.0,
608,True,1.2367966380006692,0.05787691600016842,6.177099930937402e-05,1.294735325000147,2.5488130910007385,1,63.376,1400.0,
609,True,1.217105095000079,0.05615165800008981,6.270800076890737e-05,1.2733194610009377,2.511415472000408,1,62.3,1400.0,
610,True,1.0749853510005778,0.06178884000019025,6.58330000078422e-05,1.1368400240007759,2.237170868999783,1,62.838,1400.0,
611,True,1.1385902809997788,0.06519867999941198,6.333300007099751e-05,1.2038522939992617,2.373379727999236,1,63.376,1400.0,
612,True,1.2199810250003793,0.06382310800017876,6.650999966950621e-05,1.2838706430002276,2.5356481429998894,1,62.838,1400.0,
613,True,1.2386038149998058,0.06620602200018766,7.21870001143543e-05,1.3048820240001078,2.58512204499948,1,62.838,1400.0,
614,True,1.1952201630001582,0.06720258400036982,6.447899977501947e-05,1.262487226000303,2.489714436000213,1,62.3,1400.0,
615,True,1.2980254140002216,0.06160415199974523,7.31249992895755e-05,1.3597026909992564,2.6976256130001275,1,63.376,1400.0,
616,True,1.2593948809999347,0.0664693550006632,6.479199964815052e-05,1.325929028000246,2.6180930390000867,1,63.376,1400.0,
617,True,1.1984507269999085,0.05851858200003335,8.427099965047091e-05,1.2570535799995923,2.4871695320007348,1,63.376,1400.0,
618,True,1.1990871830003016,0.05382811799972842,6.56769998386153e-05,1.2529809779998686,2.4828547409997554,1,63.376,1400.0,
619,True,1.2379947429999447,0.06962341400048899,6.34379994153278e-05,1.307681594999849,2.582577338000192,1,63.376,1400.0,
620,True,1.2584027920001972,0.06568768800025282,6.12499998169369e-05,1.324151730000267,2.614936777999901,1,62.3,1400.0,
621,True,1.2183839799999987,0.05676233299982414,6.682300045213196e-05,1.275213136000275,2.523084686999937,1,62.838,1400.0,
622,True,1.2572172170002887,0.07123981800032197,6.58330000078422e-05,1.3285228680006185,2.6195878079997783,1,62.838,1400.0,
623,True,1.1812942250007836,0.06559576099971309,6.276000021898653e-05,1.2469527460007157,2.451784862999375,1,62.838,1400.0,
624,True,1.262059343999681,0.06854596599987417,6.328099971142365e-05,1.3306685909992666,2.616487594999853,1,63.376,1400.0,
625,True,1.2186000150004475,0.06240243100000953,6.135400053608464e-05,1.281063800000993,2.5275068049995753,1,62.3,1400.0,
626,True,1.1946336329992846,0.05404014899977483,6.479100011347327e-05,1.248738572999173,2.488641947999895,1,62.838,1400.0,
627,True,1.1962573279997741,0.06016962100056844,6.468799983849749e-05,1.256491637000181,2.4813033059999725,1,62.838,1400.0,
628,True,1.3230564049999884,0.05991597499996715,6.635399950027931e-05,1.3830387339994559,2.7401678619999075,1,62.838,1400.0,
629,True,1.1754019830004836,0.060881495000103314,6.34380003248225e-05,1.2363469160009117,2.461359051000727,1,63.376,1400.0,
630,True,1.2387046720004946,0.0553933759993015,6.874999962747097e-05,1.2941667979994236,2.57214319600007,1,63.376,1400.0,
631,True,1.2996921029998703,0.062482586999976775,6.338499952107668e-05,1.362238074999368,2.704814243999863,1,63.376,1400.0,
632,True,1.1736135430001013,0.059581757000159996,6.354200013447553e-05,1.2332588420003958,2.4416820839996944,1,63.376,1400.0,
633,True,1.2182734919997529,0.05776858200079005,6.739600030414294e-05,1.276109470000847,2.5331322920001185,1,62.3,1400.0,
634,True,1.236758261000432,0.06149295199975313,6.255200059968047e-05,1.2983137650007848,2.583825566000087,1,63.376,1400.0,
635,True,1.1139712080002937,0.07187273300041852,7.04160001987475e-05,1.185914357000911,2.3324124050004684,1,62.838,1400.0,
636,True,1.198132624000209,0.060864723999657144,6.286400002863957e-05,1.2590602119998948,2.487048844000128,1,63.376,1400.0,
637,True,1.2587553679995835,0.05923139200058358,6.744799975422211e-05,1.3180542079999213,2.611097713000163,1,62.3,1400.0,
638,True,1.2009337640001831,0.05439348100026109,6.682300045213196e-05,1.2553940680008964,2.495684765000078,1,63.376,1400.0,
639,True,1.2444251719998647,0.07140387899926282,7.026100047369255e-05,1.3158993119996012,2.580627689000721,1,62.3,1400.0,
640,True,1.204310267999972,0.059767746000034094,6.338599996524863e-05,1.2641413999999713,2.4860650830005397,1,62.838,1400.0,
641,True,1.3249681520001104,0.05787972699999955,6.927100002940279e-05,1.3829171500001394,2.7299948059999224,2,62.838,1400.0,
642,True,1.1584015139997064,0.06255196100028115,6.442700032494031e-05,1.2210179020003125,2.4026237640000545,1,62.838,1400.0,
643,True,1.2192021210003077,0.06034659899978578,6.453200057876529e-05,1.2796132520006722,2.534290384000087,1,62.3,1400.0,
644,True,1.2361004859994864,0.05610217699995701,6.421899979613954e-05,1.2922668819992396,2.5736448159996144,1,63.376,1400.0,
645,True,1.3204418490004173,0.06155295099961222,7.140599973354256e-05,1.382066205999763,2.734645933000138,1,63.376,1400.0,
646,True,1.0933286129993576,0.06469992700021976,7.333299981837627e-05,1.1581018729993957,2.2894627340001534,1,62.3,1400.0,
647,True,1.2976199439999618,0.06572372800019366,6.302099973254371e-05,1.363406692999888,2.692408527000225,1,62.838,1400.0,
648,True,1.29712390000077,0.07117257600020821,6.557200049428502e-05,1.3683620480014724,2.7070311109991962,1,62.838,1400.0,
649,True,1.1560535899998285,0.057964152999375074,6.302000019786647e-05,1.2140807629994015,2.4019145259999277,1,63.376,1400.0,
650,True,1.1960554699999193,0.07110684700001002,7.479099986085203e-05,1.2672371079997902,2.5072377370006507,1,62.838,1400.0,
651,True,1.2376046409999617,0.061045503999594075,6.380200011335546e-05,1.2987139469996691,2.577694425000118,1,62.838,1400.0,
652,True,1.2574440440002945,0.06022467100046924,6.729100005031796e-05,1.317736006000814,2.615840731999924,1,62.838,1400.0,
653,True,1.2395572389996232,0.06462320699938573,6.312499954219675e-05,1.3042435709985511,2.579276135999862,1,62.3,1400.0,
654,True,1.2167327329998443,0.05722566399981588,6.526100060000317e-05,1.2740236580002602,2.5209906780000892,1,63.376,1400.0,
655,True,1.0980228140006147,0.06436831199971493,8.973900003184099e-05,1.1624808650003615,2.288273492999906,1,62.838,1400.0,
656,True,1.1883609920005256,0.06250227199961955,7.317700055864407e-05,1.2509364410007038,2.4771375979998993,1,62.838,1400.0,
657,True,1.1454386950008484,0.06233654299921909,8.234300003095996e-05,1.2078575810000984,2.3987069029999475,1,62.838,1400.0,
658,True,1.2280256829999416,0.06663018399922294,6.671899973298423e-05,1.2947225859988976,2.5647816069995315,1,63.376,1400.0,
659,True,1.2666585030001443,0.05597576999934972,6.197999937285203e-05,1.3226962529988668,2.631761839000319,1,62.838,1400.0,
660,True,1.2857233230006386,0.06548284099972079,6.666700028290506e-05,1.3512728310006423,2.688388907999979,1,62.838,1400.0,
661,True,1.205740497000079,0.06838622400027816,8.645800062367925e-05,1.2742131790009807,2.566771907999282,1,62.838,1400.0,
662,True,1.022843517000183,0.05652087299949926,6.176999977469677e-05,1.079426159999457,2.1661586660002285,1,63.376,1400.0,
663,True,1.2079695020001964,0.05558665500029747,6.307300009211758e-05,1.263619230000586,2.4977715129998614,1,63.376,1400.0,
664,True,1.1229422019996491,0.06735565199960547,6.26560004093335e-05,1.190360509999664,2.337560757000574,1,63.376,1400.0,
665,True,1.2459825280002406,0.061848627000472334,6.255199969018577e-05,1.307893707000403,2.593336138000268,1,63.376,1400.0,
666,True,1.209492828999828,0.05371879199992691,7.140599973354256e-05,1.2632830269994884,2.500076137999713,1,62.3,1400.0,
667,True,1.1848224400000618,0.06658508000055008,7.875000028434442e-05,1.2514862700008962,2.470865960000083,1,62.3,1400.0,
668,True,1.2678153639999437,0.06397466599992185,6.437499996536644e-05,1.3318544049998309,2.6278936939997948,1,62.838,1400.0,
669,True,1.2857363840003018,0.06819200500012812,8.07289998192573e-05,1.3540091180002491,2.6923702310004956,1,62.838,1400.0,
670,True,1.243486847000895,0.05637795599977835,8.552100007364061e-05,1.299950324000747,2.5704897949999577,1,64.452,1400.0,
671,True,1.331764607999503,0.07088278199989873,8.312499994644895e-05,1.402730514999348,2.7591673870001614,1,63.376,1400.0,
672,True,1.3105730169991148,0.061414251000314835,9.02600004337728e-05,1.3720775279998634,2.7371607429995493,1,64.452,1400.0,
673,True,1.3002532880000217,0.05802915100048267,7.578100030514179e-05,1.3583582200008095,2.665045665999969,1,63.376,1400.0,
674,True,1.3266409120005846,0.059823784999935015,6.312499954219675e-05,1.3865278220000619,2.72457377200044,1,63.376,1400.0,
675,True,1.2183492649992331,0.07105340700036322,8.588499986217357e-05,1.2894885569994585,2.5479249629997867,1,63.914,1400.0,
676,True,1.3224038830003337,0.05516608199923212,6.807299996580696e-05,1.3776380379995317,2.7347648479999407,1,63.376,1400.0,
677,True,1.176369935999901,0.06734362000042893,6.88540003466187e-05,1.2437824100006765,2.459971466000752,1,63.376,1400.0,
678,True,1.1971325150007033,0.06748257800063584,7.276100041053724e-05,1.2646878540017497,2.502362613000514,1,63.376,1400.0,
679,True,1.2815655410004183,0.05534061300022586,8.510399948136183e-05,1.3369912580001255,2.6497562920003475,1,63.376,1400.0,
680,True,1.2788713760000974,0.07094804300049873,7.072899916238384e-05,1.3498901479997585,2.669687516000522,1,63.914,1400.0,
681,True,1.1983891770005357,0.05937800299943774,6.484300047304714e-05,1.2578320230004465,2.490208034999341,1,62.838,1400.0,
682,True,1.1164486459992986,0.061503834999712126,6.255200059968047e-05,1.1780150329996104,2.3283061910005927,1,63.376,1400.0,
683,True,1.3215830919998552,0.05769508899993525,6.458300049416721e-05,1.3793427640002847,2.7358250879997286,1,63.376,1400.0,
684,True,1.1805682040003376,0.06112586600011127,6.364599994412856e-05,1.241757716000393,2.4570803579999847,1,63.376,1400.0,
685,True,1.3621106479995433,0.06509237099999154,6.453100013459334e-05,1.4272675499996694,2.822809197999959,1,63.376,1400.0,
686,True,1.261069617999965,0.053995248999854084,6.744799975422211e-05,1.3151323149995733,2.6101953819998016,1,62.3,1400.0,
687,True,1.2464929150000899,0.07017231299960258,6.822900013503386e-05,1.3167334569998275,2.589723944999605,1,63.376,1400.0,
688,True,1.1859005890000844,0.07116788500024995,6.328099971142365e-05,1.2571317550000458,2.470325801999934,1,63.376,1400.0,
689,True,1.1771975780002322,0.06140133400003833,6.734399994456908e-05,1.238666256000215,2.4456276509999952,1,63.376,1400.0,
690,True,1.3238328729994464,0.06070628299949021,6.70829995215172e-05,1.3846062389984581,2.7421486550001646,1,62.3,1400.0,
691,True,1.1799564259999897,0.05392957200001547,6.369799939420773e-05,1.2339496959993994,2.45649268499983,1,63.376,1400.0,
692,True,1.0948526699994545,0.05724482799996622,7.859299967094557e-05,1.1521760909990917,2.2847082500002216,1,62.838,1400.0,
693,True,1.2392296879997957,0.06318695700065291,7.833300060156034e-05,1.3024949780010502,2.5750027499998396,1,62.3,1400.0,
694,True,1.166532897000252,0.05857159799961664,6.255199969018577e-05,1.2251670469995588,2.422389020999617,1,63.376,1400.0,
695,True,1.2391210390005654,0.06636580699978367,6.447899977501947e-05,1.305551325000124,2.5843551300004037,1,63.376,1400.0,
696,True,1.2179437190006865,0.06262893600069219,6.453100013459334e-05,1.2806371860015133,2.5351191440004186,1,63.914,1400.0,
697,True,1.258418358000199,0.062691227999494,6.317699990177061e-05,1.3211727629995949,2.6232042450001245,1,63.376,1400.0,
698,True,1.3026410649999889,0.06473356900005456,6.6927000261785e-05,1.3674415610003052,2.7117380449999473,1,63.376,1400.0,
699,True,1.1160476380000546,0.05498410200016224,6.588500036741607e-05,1.1710976250005842,2.328713548000451,1,62.838,1400.0,
700,True,1.2836804600001415,0.053542437000032805,6.833299994468689e-05,1.337291230000119,2.643337339000027,1,62.838,1400.0,
701,True,1.0759536219993606,0.05593045500063454,6.468800074799219e-05,1.1319487650007432,2.2429293739996865,1,62.3,1400.0,
702,True,1.237591190000785,0.05690540199975658,8.385399996768683e-05,1.2945804460005093,2.5687386210001932,1,62.838,1400.0,
703,True,1.18371869999919,0.06845106400032819,7.02600000295206e-05,1.2522400239995477,2.4675231139999596,1,63.376,1400.0,
704,True,1.247509925000486,0.06371565300014481,6.635400040977402e-05,1.3112919320010405,2.5788614169996436,1,62.3,1400.0,
705,True,1.1561628449999262,0.05772743199941033,6.23440000708797e-05,1.2139526209994074,2.3991727729999184,1,62.838,1400.0,
706,True,1.2377896219995819,0.06858616800036543,7.817700043233344e-05,1.3064539670003796,2.5722199620004176,1,62.838,1400.0,
707,True,1.1988910209993264,0.06599710899990896,6.12499998169369e-05,1.2649493799990523,2.504846290000387,1,63.376,1400.0,
708,True,1.2257684359992709,0.0661756500003321,6.708399996568915e-05,1.2920111699995687,2.559611273999508,1,63.376,1400.0,
709,True,1.303674695999689,0.057718785000361095,6.765600028302288e-05,1.361461137000333,2.699341261999507,1,63.376,1400.0,
710,True,1.2807430559996646,0.07041319699965243,6.359300004987745e-05,1.351219845999367,2.6627866150001864,1,63.376,1400.0,
711,True,1.1148198669998237,0.06343627899968851,7.854199975554366e-05,1.1783346879992678,2.3417695480002294,1,63.376,1400.0,
712,True,1.1173290299993823,0.05676857800062862,7.567699958599405e-05,1.174173284999597,2.324545816999489,1,63.376,1400.0,
713,True,1.2596778689994608,0.06841819999954168,6.562500038853614e-05,1.328161693999391,2.6125046890001613,1,62.838,1400.0,
714,True,1.2590501089998725,0.05798941000011837,6.286499956331681e-05,1.3171023839995541,2.6205133240000578,1,63.376,1400.0,
715,True,1.3003917249998267,0.05453337300059502,6.468799983849749e-05,1.3549897860002602,2.6927959949998694,1,62.838,1400.0,
716,True,1.1781683810004324,0.060005813000316266,6.40620000922354e-05,1.238238256000841,2.4507035219994577,1,63.376,1400.0,
717,True,1.2395257019998098,0.06648387800032651,8.005200015759328e-05,1.306089632000294,2.5782870660004846,1,62.838,1400.0,
718,True,1.156534185000055,0.06291414399947826,6.583400045201415e-05,1.2195141629999853,2.403839251000136,1,63.376,1400.0,
719,True,1.2173865600007048,0.0572805560004781,7.32810003682971e-05,1.2747403970015512,2.497686115999386,1,63.376,1400.0,
720,True,1.2663738440005545,0.05523774599987519,6.35939995845547e-05,1.3216751840000143,2.637231415000315,1,62.838,1400.0,
721,True,1.14248732499982,0.0707401760000721,8.07289998192573e-05,1.2133082299997113,2.4149864710007023,1,62.838,1400.0,
722,True,1.2240200389996971,0.056972588000462565,6.67710000925581e-05,1.2810593980002523,2.5502762029991572,1,63.376,1400.0,
723,True,1.144469977000881,0.05908482499944512,6.338499952107668e-05,1.2036181869998472,2.3885963439997795,1,63.376,1400.0,
724,True,1.1018619540000145,0.0675085120001313,6.619800024054712e-05,1.1694366640003864,2.3218315789999906,1,63.376,1400.0,
725,True,1.2258673770002133,0.06810361599946191,6.213600045157364e-05,1.2940331290001268,2.574479189000158,1,62.838,1400.0,
726,True,1.103549866999856,0.06757002199992712,7.895799990365049e-05,1.1711988469996868,2.358214394999777,1,62.838,1400.0,
727,True,1.1844423729999107,0.06239341400032572,6.895800015627174e-05,1.2469047450003927,2.512279051000405,1,62.3,1400.0,
728,True,1.2878384969999388,0.06537773299987748,6.58330000078422e-05,1.3532820629998241,2.6678636529995856,1,62.838,1400.0,
729,True,1.2047324499999377,0.05522009000014805,6.312500045169145e-05,1.2600156650005374,2.487962566000533,1,62.838,1400.0,
730,True,1.1431272109994097,0.05566399500003172,6.036400009179488e-05,1.1988515699995332,2.3779959260000396,1,62.838,1400.0,
731,True,1.1253359820002515,0.06333742300012091,6.437499996536644e-05,1.1887377800003378,2.347227419999399,1,62.838,1400.0,
732,True,1.1449218429997927,0.05460212100024364,8.531200001016259e-05,1.1996092760000465,2.373556604999976,1,63.376,1400.0,
733,True,1.269452889000604,0.05291425900031754,6.338499952107668e-05,1.3224305330004427,2.626386922000165,1,63.376,1400.0,
734,True,1.2477311960001316,0.05458003799958533,6.416599990188843e-05,1.3023753999996188,2.58250770199993,1,62.838,1400.0,
735,True,1.1976844849996269,0.05863039799987746,6.739600030414294e-05,1.2563822789998085,2.4769653280000057,1,63.376,1400.0,
736,True,1.3196605339999223,0.053465300000425486,8.411399994656676e-05,1.3732099480002944,2.7068845789999614,1,63.376,1400.0,
737,True,1.2823031300004004,0.06024206199981563,6.484400000772439e-05,1.3426100360002238,2.650792718000048,1,63.376,1400.0,
738,True,1.1997748439998759,0.060231904999454855,6.301999928837176e-05,1.260069768998619,2.486589842000285,1,62.838,1400.0,
739,True,1.3038066949993663,0.06698028400023759,6.380199920386076e-05,1.3708507809988077,2.694791358000657,1,62.838,1400.0,
740,True,1.2417903639998258,0.06670684600067034,7.463600013579708e-05,1.308571846000632,2.568372916000044,1,63.376,1400.0,
741,True,1.2154032599992206,0.0615869040002508,8.067700036917813e-05,1.2770708409998406,2.5199304199995822,1,63.376,1400.0,
742,True,1.094227936999232,0.06898283299960895,6.40620000922354e-05,1.1632748319989332,2.296004076999452,1,62.838,1400.0,
743,True,1.324444895999477,0.05919951099986065,6.401100017683348e-05,1.3837084179995145,2.733171406999645,1,62.838,1400.0,
744,True,1.1373207480000929,0.05775820999951975,7.062500026222551e-05,1.1951495829998748,2.362552689999575,1,62.838,1400.0,
745,True,1.3020605980000255,0.05921315700015839,6.338500043057138e-05,1.3613371400006145,2.702899824999804,1,62.838,1400.0,
746,True,1.240144995999799,0.0655821600003037,6.161500004964182e-05,1.3057887710001523,2.575833832999706,1,63.376,1400.0,
747,True,1.0540651179999259,0.06132221700045193,7.822899988241261e-05,1.1154655640002602,2.2097056319998956,1,63.914,1400.0,
748,True,1.280078591000347,0.05394139300005918,6.474000019807136e-05,1.3340847240006042,2.650559259000147,1,63.376,1400.0,
749,True,1.2994110139998156,0.07035652800004755,8.150999929057434e-05,1.3698490519991537,2.707860071000141,1,63.376,1400.0,
750,True,1.138539438999942,0.057197846000235586,6.192699947860092e-05,1.195799211999656,2.3585944040005415,1,62.838,1400.0,
751,True,1.3298533189999944,0.060704143999828375,6.619800024054712e-05,1.3906236610000633,2.7389210709998224,1,63.376,1400.0,
752,True,1.1425300049995712,0.060558259000572434,6.312499954219675e-05,1.2031513889996859,2.3761939619998884,1,62.3,1400.0,
753,True,1.2386249910005063,0.0697740289997455,7.682300019951072e-05,1.3084758430004513,2.574649342000157,1,62.838,1400.0,
754,True,1.057317452999996,0.07055928899990249,6.244799988053273e-05,1.127939189999779,2.209041975999753,1,62.3,1400.0,
755,True,1.0780238850002206,0.05393087100037519,7.020799966994673e-05,1.1320249640002658,2.2489356759997463,1,63.376,1400.0,
756,True,1.2163942869992752,0.05367941399981646,6.760399992344901e-05,1.2701413049990151,2.516696595999747,1,62.838,1400.0,
757,True,1.2387241019996509,0.06494294099957187,8.624999918538379e-05,1.3037532929984081,2.586530362999838,1,63.376,1400.0,
758,True,1.2384867060000033,0.05997763399955147,6.29679998382926e-05,1.298527307999393,2.5736601160006103,1,62.838,1400.0,
759,True,1.2590949089999413,0.05474206800045067,6.781199954275507e-05,1.3139047889999347,2.6203500560004613,1,62.838,1400.0,
760,True,1.2394487339997795,0.07074048499998753,6.35940004940494e-05,1.310252813000261,2.595455398000013,1,63.376,1400.0,
761,True,1.3210382690003826,0.07148725499973807,8.479200005240273e-05,1.392610316000173,2.7487170820004394,1,62.838,1400.0,
762,True,1.3431388660001176,0.0701097569999547,6.526000015583122e-05,1.413313883000228,2.7956265019993225,1,62.838,1400.0,
763,True,1.1951851399999214,0.05903680200026429,6.921899966982892e-05,1.2542911609998555,2.4954339010000695,1,63.376,1400.0,
764,True,1.1363519830001678,0.05937997900036862,6.437499996536644e-05,1.1957963370005018,2.3708205120001367,1,63.376,1400.0,
765,True,1.1771078179999677,0.06099685099979979,7.432300026266603e-05,1.2381789920000301,2.458883004999734,1,63.376,1400.0,
766,True,1.1970873240006767,0.059962373999951524,7.453099988197209e-05,1.2571242290005102,2.488701612999648,1,62.838,1400.0,
767,True,1.34975166500044,0.059647374000633135,7.567700049548876e-05,1.4094747160015686,2.7921126939991154,1,63.376,1400.0,
768,True,1.2457803860006607,0.06776866600011999,8.145799984049518e-05,1.3136305100006211,2.5842902929998672,1,63.376,1400.0,
769,True,1.2244309850002537,0.06123367500003951,7.78639996497077e-05,1.285742523999943,2.5488039809997645,1,63.376,1400.0,
770,True,1.302233855999475,0.06510356600028899,6.35940004940494e-05,1.367401016000258,2.6974216600001455,1,62.838,1400.0,
771,True,1.2284234260005178,0.06905783100046392,6.218699945748085e-05,1.2975434440004392,2.5485321040005147,1,62.838,1400.0,
772,True,1.2436973130006663,0.0566301899998507,6.37500006632763e-05,1.3003912530011803,2.5815954460003923,1,63.376,1400.0,
773,True,1.1393306190002477,0.06246216199997434,6.380199920386076e-05,1.2018565829994259,2.382818138999937,1,62.838,1400.0,
774,True,1.138540359000217,0.056937950999781606,6.562500038853614e-05,1.1955439350003871,2.3759849680000116,1,62.3,1400.0,
775,True,1.118331527999544,0.057816386000013154,6.848999964859104e-05,1.1762164039992058,2.3258634669991807,1,63.376,1400.0,
776,True,1.302634788999967,0.06643694899958064,6.395799937308766e-05,1.3691356959989207,2.714983711000059,1,62.838,1400.0,
777,True,1.2202750979995471,0.07156512000074144,6.72389996907441e-05,1.2919074569999793,2.5558834910007135,1,63.376,1400.0,
778,True,1.1614279830000669,0.058744979000039166,7.270799960679142e-05,1.2202456699997128,2.4235467259995858,1,62.838,1400.0,
779,True,1.222189678000177,0.06874710200008849,6.114600000728387e-05,1.2909979260002729,2.5507374529997833,1,62.3,1400.0,
780,True,1.3010629129994413,0.06147914200028026,6.666599983873311e-05,1.3626087209995603,2.6967965909998384,1,62.3,1400.0,
781,True,1.3401786960002937,0.0683132480007771,6.921800013515167e-05,1.408561162001206,2.7795846119997805,1,62.838,1400.0,
782,True,1.262319626000135,0.05315816300026199,7.822899988241261e-05,1.3155560180002794,2.624721364999459,1,62.838,1400.0,
783,True,1.272454664000179,0.06621080299919413,7.124999956431566e-05,1.3387367169989375,2.654685545000575,1,62.838,1400.0,
784,True,1.2044554249996509,0.05654024199975538,8.760400032770121e-05,1.261083270999734,2.522800343000199,1,63.376,1400.0,
785,True,1.1458060179993481,0.055551284999637573,7.489600011467701e-05,1.2014321989991004,2.3882821760007573,1,62.838,1400.0,
786,True,1.0881117150001955,0.06056424700000207,6.619800024054712e-05,1.1487421600004382,2.272813620999841,1,62.838,1400.0,
787,True,1.2255636259997118,0.055241858000044886,7.223899956443347e-05,1.2808777229993211,2.565393619000133,1,62.838,1400.0,
788,True,1.1674225000006118,0.06305580600019312,6.312500045169145e-05,1.2305414310012566,2.4633271829998193,1,63.376,1400.0,
789,True,1.2458001089999016,0.05643305400008103,8.911500026442809e-05,1.302322278000247,2.656411418999596,1,63.376,1400.0,
790,True,1.1981248559995947,0.053234360999340424,6.130200017651077e-05,1.2514205189991117,2.4723559180001757,1,63.376,1400.0,
791,True,1.2664512279998235,0.0589089889999741,7.349000043177512e-05,1.3254337070002293,2.620027502999619,1,63.376,1400.0,
792,True,1.2877472419995684,0.06010653999965143,6.192700038809562e-05,1.3479157089996079,2.6715374359991984,1,63.376,1400.0,
793,True,1.185519920999468,0.06387351300054434,6.291699992289068e-05,1.2494563509999352,2.4677435240000705,1,63.376,1400.0,
794,True,1.265554143999907,0.05761930199969356,6.468799983849749e-05,1.323238133999439,2.618152344999544,1,63.376,1400.0,
795,True,1.2648111759999665,0.06045336200077145,6.260400004975963e-05,1.3253271420007877,2.6193311440001708,1,63.376,1400.0,
796,True,1.184223670999927,0.05430253599934076,7.260399979713839e-05,1.2385988109990649,2.4498309900000095,1,62.838,1400.0,
797,True,1.2461827589995664,0.06496908500048448,6.874999962747097e-05,1.3112205939996784,2.5861599840000054,1,62.3,1400.0,
798,True,1.2050145820003308,0.05877419699936581,7.744800041109556e-05,1.2638662270001078,2.4977676980006436,1,63.376,1400.0,
799,True,1.2165950349999548,0.06401851299960981,6.724000013491604e-05,1.2806807879996995,2.5137621550002223,1,63.376,1400.0,
800,True,1.3031657589999668,0.060216487000616326,7.895799990365049e-05,1.3634612040004868,2.6922017219994814,1,63.376,1400.0,
801,True,1.3210289640001065,0.06677340599981108,6.34379994153278e-05,1.387865807999333,2.723968659000093,1,63.376,1400.0,
802,True,1.1157908360000874,0.06991980800012243,6.328099971142365e-05,1.1857739249999213,2.3326850869998452,1,63.376,1400.0,
803,True,1.2172110730007262,0.055092951999540674,6.249900070542935e-05,1.2723665240009723,2.5172802189999857,1,63.376,1400.0,
804,True,1.2371117769998818,0.06324721199962369,6.854100047348766e-05,1.300427529999979,2.564395677999528,1,63.376,1400.0,
805,True,1.2409204689993203,0.062394608999966295,7.01039998602937e-05,1.3033851819991469,2.5710594709998986,1,63.376,1400.0,
806,True,1.2596829960002651,0.05668039699958172,6.385399956343463e-05,1.3164272469994103,2.601471513999968,1,63.376,1400.0,
807,True,1.258353986999282,0.06654147799963539,7.760399967082776e-05,1.3249730689985881,2.6232498190001934,1,62.3,1400.0,
808,True,1.241609996999614,0.07036084900028072,6.322899935184978e-05,1.3120340749992465,2.5964654760000485,1,62.838,1400.0,
809,True,1.2355108900001142,0.07001902699994389,6.85420000081649e-05,1.3055984590000662,2.5886303289998978,1,63.376,1400.0,
810,True,1.157754840999587,0.0531894639998427,6.182299966894789e-05,1.2110061279990987,2.4036693109992484,1,62.838,1400.0,
811,True,1.3216638530002456,0.05459123299988278,6.135500007076189e-05,1.3763164410001991,2.7347156619998714,1,63.376,1400.0,
812,True,1.263018249000197,0.06760210199990979,6.411499998648651e-05,1.3306844660000934,2.6236870499997167,1,62.838,1400.0,
813,True,1.263299184999596,0.07132683700001508,6.843699975433992e-05,1.3346944589993655,2.6353457320001326,1,63.376,1400.0,
814,True,1.1825946509998175,0.06586200000037934,6.921900057932362e-05,1.2485258700007762,2.464801572000397,1,62.3,1400.0,
815,True,1.2457063410001865,0.0551098779997119,8.614600028522545e-05,1.3009023650001836,2.570743675999438,1,63.376,1400.0,
816,True,1.3074431900004129,0.055912584999532555,6.14059999861638e-05,1.3634171809999316,2.696857838000142,1,63.376,1400.0,
817,True,1.0938491889992292,0.06162591100019199,6.354200013447553e-05,1.1555386419995557,2.2918995989994073,1,62.838,1400.0,
818,True,1.2895631069995943,0.05408264000016061,7.921900032670237e-05,1.3437249660000816,2.667956516999766,1,63.376,1400.0,
819,True,1.1604011859999446,0.06317533699984779,6.255199969018577e-05,1.2236390749994825,2.416092356000263,1,62.838,1400.0,
820,True,1.1996130110001104,0.062458463000439224,6.317699990177061e-05,1.2621346510004514,2.4948555370001486,1,62.838,1400.0,
821,True,1.2198345999995581,0.05816346799929306,6.55210005788831e-05,1.27806358899943,2.5391327180004737,1,62.838,1400.0,
822,True,1.1330681990002631,0.05888789399978123,6.380200011335546e-05,1.1920198950001577,2.363593721000143,1,62.838,1400.0,
823,True,1.2208768890004649,0.06541590699998778,6.614599988097325e-05,1.2863589420003336,2.537703341999986,1,63.376,1400.0,
824,True,1.117643059999864,0.06275226400066458,7.197900049504824e-05,1.1804673030010235,2.3264434009997785,1,62.838,1400.0,
825,True,1.2433555560000968,0.06354679399919405,6.489500083262101e-05,1.3069672450001235,2.5775102170000537,1,62.838,1400.0,
826,True,1.1804201160002776,0.07006058800016035,9.072900047613075e-05,1.2505714330009141,2.4653070249996745,1,63.376,1400.0,
827,True,1.3009731909996844,0.05649133399947459,7.156300034694141e-05,1.357536087999506,2.6991213619994596,1,63.376,1400.0,
828,True,1.299293088000013,0.07155506500021147,7.885400009399746e-05,1.3709270070003186,2.7132337379998717,1,62.838,1400.0,
829,True,1.2419409209996957,0.06591892699998425,6.489599945780355e-05,1.3079247439991377,2.580752916000165,1,62.838,1400.0,
830,True,1.3088878139997178,0.054949252999904274,6.260400004975963e-05,1.3638996709996718,2.708111867000298,1,62.838,1400.0,
831,True,1.1642237790001673,0.07009287900018535,6.807299996580696e-05,1.2343847310003184,2.4242180609999195,1,62.838,1400.0,
832,True,1.1010624529999404,0.060313778000818274,6.427100015571341e-05,1.1614405020009144,2.2973638459998256,1,63.376,1400.0,
833,True,1.2622677680001289,0.06523309400017752,6.468799983849749e-05,1.3275655500001449,2.6315723770003387,1,62.838,1400.0,
834,True,1.1173599829999148,0.06764314300016849,6.479100011347327e-05,1.1850679170001968,2.3346073379998415,1,62.3,1400.0,
835,True,1.1373231860006854,0.06007091300034517,7.255200034705922e-05,1.1974666510013776,2.3690205740003876,1,62.838,1400.0,
836,True,1.2194226120000167,0.06027721400005248,6.35940004940494e-05,1.2797634200005632,2.537300775999938,1,63.376,1400.0,
837,True,1.2384765980004886,0.06678569599989714,6.802100051572779e-05,1.3053303150009015,2.588818573000026,1,62.838,1400.0,
838,True,1.117875500000082,0.058629455999835045,6.223899981705472e-05,1.176567194999734,2.335666551000031,1,62.3,1400.0,
839,True,1.239847584999552,0.055862323999463115,7.453199941664934e-05,1.2957844409984318,2.561287720999644,1,62.3,1400.0,
840,True,1.2181198510006652,0.06891397399976995,6.333300007099751e-05,1.2870971580005062,2.5477067470001202,1,63.376,1400.0,
841,True,1.2180941209999219,0.06234163899989653,6.619799933105242e-05,1.2805019579991495,2.5318086409997704,1,62.3,1400.0,
842,True,1.2833114340000975,0.06843272499918385,6.239599952095887e-05,1.3518065549988023,2.670995961999324,1,62.838,1400.0,
843,True,1.3012794309997844,0.06302846099970338,6.244799988053273e-05,1.3643703399993683,2.6932388490004087,1,63.376,1400.0,
844,True,1.281061800000316,0.07038542999998754,6.479200055764522e-05,1.3515120220008612,2.659988316999261,1,62.838,1400.0,
845,True,1.2181204210000942,0.0704043890000321,6.390699945768574e-05,1.288588716999584,2.534975194999788,1,63.376,1400.0,
846,True,1.076358571000128,0.053439150000485824,6.614599988097325e-05,1.1298638670004948,2.2431787450004776,1,63.376,1400.0,
847,True,1.185495200999867,0.06179356600023311,6.645800021942705e-05,1.2473552250003195,2.483392811000158,1,63.376,1400.0,
848,True,1.0500249579999945,0.06319153399999777,7.468799958587624e-05,1.1132911799995782,2.203884886999731,1,63.376,1400.0,
849,True,1.0423276750007062,0.06149867099975381,6.447899977501947e-05,1.103890825000235,2.200088014999892,1,62.3,1400.0,
850,True,1.1473342070003127,0.07199511599992547,7.359400024142815e-05,1.2194029170004796,2.418317057000422,1,63.376,1400.0,
851,True,1.2454564250001567,0.058196227000735234,6.671800019830698e-05,1.3037193700010903,2.604336817999865,1,62.3,1400.0,
852,True,1.307106501000817,0.06517606299985346,5.927099937252933e-05,1.372341835000043,2.7371750330003124,1,63.376,1400.0,
853,True,1.1845972829996754,0.07092230499983998,6.463499994424637e-05,1.2555842229994596,2.494968622999295,1,63.376,1400.0,
854,True,1.1475068090003333,0.06871121399944968,7.937499958643457e-05,1.2162973979993694,2.4556847660005587,1,62.3,1400.0,
855,True,1.1267314189999524,0.055126387999735016,6.302100064203842e-05,1.1819208280003295,2.3720821120004985,1,63.376,1400.0,
856,True,1.2848745999999664,0.05589498100016499,6.24999993306119e-05,1.340832080999462,2.6529144070000257,1,62.838,1400.0,
857,True,1.305657646000327,0.06284804400002031,6.328099971142365e-05,1.3685689710000588,2.7022392379994926,1,63.376,1400.0,
858,True,1.2669398309999451,0.06778439200024877,6.26560004093335e-05,1.3347868790006032,2.6383947879994594,1,63.376,1400.0,
859,True,1.1240162120002424,0.0660144979992765,7.166700015659444e-05,1.1901023769996755,2.346264120000342,1,63.376,1400.0,
860,True,1.3035442620002868,0.053488108000237844,6.151000070531154e-05,1.35709388000123,2.7020811100001083,1,63.376,1400.0,
861,True,1.2638996249997945,0.061612368000169226,6.229200062080054e-05,1.3255742850005845,2.624033916999906,1,63.376,1400.0,
862,True,1.1910861240003214,0.06732475700027862,6.39059999230085e-05,1.258474787000523,2.4772437930005253,1,62.838,1400.0,
863,True,1.1402793659999588,0.057317531000080635,6.541599941556342e-05,1.197662312999455,2.361225189999459,1,62.838,1400.0,
864,True,1.1767919750000146,0.06322741800067888,6.39059999230085e-05,1.2400832990006165,2.4314524949995757,1,63.376,1400.0,
865,True,1.257348589000685,0.057846435999636014,6.307300009211758e-05,1.3152580980004132,2.595359209999515,1,63.376,1400.0,
866,True,1.261382801999389,0.06647876799979713,8.062500000960426e-05,1.3279421949991956,2.6017830030004916,1,62.3,1400.0,
867,True,1.1768883279992224,0.055204981000315456,6.296899937296985e-05,1.2321562779989108,2.4466092960001333,1,62.838,1400.0,
868,True,1.1796119170003294,0.062396168999839574,6.718799977534218e-05,1.2420752739999443,2.458330112999647,2,63.376,1400.0,
869,True,1.177362180000273,0.05825664400072128,7.130199992388953e-05,1.235690126000918,2.447894708999229,1,62.838,1400.0,
870,True,1.0947991610000827,0.07047313800012489,6.26560004093335e-05,1.165334955000617,2.2837018990003344,1,62.838,1400.0,
871,True,1.1784887920002802,0.06860142200002883,7.015599931037286e-05,1.2471603699996194,2.4540400630003205,1,62.838,1400.0,
872,True,1.281800898000256,0.05687414499971055,6.12499998169369e-05,1.3387362929997835,2.660812712000734,1,63.376,1400.0,
873,True,1.2601476439995167,0.06676017400059209,6.380200011335546e-05,1.3269716200002222,2.6258801519998087,1,62.3,1400.0,
874,True,1.2797022020004079,0.05492899100045179,6.718799977534218e-05,1.334698381000635,2.6561974559999726,1,63.376,1400.0,
875,True,1.2594685300000492,0.06388502200024959,6.536399996548425e-05,1.3234189160002643,2.613682613999117,1,63.376,1400.0,
876,True,1.1990744929998982,0.06406595899989043,6.760400083294371e-05,1.2632080560006216,2.496478493999348,1,63.376,1400.0,
877,True,1.239429649000158,0.0645129899994572,6.744699931005016e-05,1.3040100859989252,2.5773583879999933,1,62.838,1400.0,
878,True,1.183653938000134,0.06828611000037199,6.458300049416721e-05,1.2520046310010002,2.4579103129999567,1,62.3,1400.0,
879,True,1.2079017189998922,0.05838138299986895,6.447899977501947e-05,1.2663475809995361,2.491502560000299,1,63.376,1400.0,
880,True,1.2426198000002842,0.06893991099968844,7.911400007287739e-05,1.3116388250000455,2.5947980500004633,1,62.838,1400.0,
881,True,1.2270570589998897,0.06351340799938043,6.223899981705472e-05,1.2906327059990872,2.55120232399986,1,63.376,1400.0,
882,True,1.3050325300000623,0.055283990999669186,6.395800028258236e-05,1.360380479000014,2.6996445270006006,1,62.838,1400.0,
883,True,1.2272948700001507,0.06988303399975848,6.661399947915925e-05,1.2972445179993883,2.560657935000563,1,63.376,1400.0,
884,True,1.297548423999615,0.06849470299948734,6.984399988141377e-05,1.3661129709989837,2.705205663000015,1,63.376,1400.0,
885,True,1.1605576629999632,0.06293340799948055,6.301999928837176e-05,1.2235540909987321,2.4249985249998645,1,62.838,1400.0,
886,True,1.2986560260005717,0.056057167000290065,6.307300009211758e-05,1.354776266000954,2.7002073339999697,1,63.376,1400.0,
887,True,1.3423366980005085,0.0595848710008795,6.307300009211758e-05,1.40198464200148,2.7862417540000024,1,62.838,1400.0,
888,True,1.2393567270000858,0.07074631399973441,6.484400000772439e-05,1.310167884999828,2.58195508999961,1,62.838,1400.0,
889,True,1.2000900580005691,0.06003533900002367,6.97919995218399e-05,1.2601951890001146,2.492320882000058,1,63.376,1400.0,
890,True,1.2377948529992864,0.06644913200034352,7.849000030546449e-05,1.3043224749999354,2.567864950000512,1,63.376,1400.0,
891,True,1.1783512829997562,0.06522361299994373,6.229200062080054e-05,1.2436371880003207,2.458686131999457,1,62.3,1400.0,
892,True,1.2597511769999983,0.06473580100009713,6.599000062124105e-05,1.3245529680007166,2.6236279490003653,1,63.376,1400.0,
893,True,1.1989957349996985,0.06297778299995116,6.458299958467251e-05,1.2620381009992343,2.512185435999527,1,63.376,1400.0,
894,True,1.3079591869991418,0.05579555299937056,6.776000009267591e-05,1.363822499998605,2.705458100999749,1,63.376,1400.0,
895,True,1.2511321239999234,0.055187585000567196,7.994800034794025e-05,1.3063996570008385,2.578222744999948,1,63.376,1400.0,
896,True,1.3190728700001273,0.06473455100058345,6.354200013447553e-05,1.3838709630008452,2.753121994999674,1,63.376,1400.0,
897,True,1.1987252650005757,0.06717933999971137,8.140699992509326e-05,1.2659860120002122,2.4970992020007543,1,62.3,1400.0,
898,True,1.240419793000001,0.06440319800003635,6.666700028290506e-05,1.3048896580003202,2.5873568970000633,1,62.838,1400.0,
899,True,1.1555283930001679,0.06263637700067193,7.182299941632664e-05,1.218236593000256,2.4165081589999318,1,63.376,1400.0,
900,True,1.1569159430000582,0.06001236900010554,6.411399954231456e-05,1.216992425999706,2.418633833000058,1,62.3,1400.0,
901,True,1.2400857830007226,0.06785272399974929,7.67699993957649e-05,1.3080152769998676,2.5874440289999256,1,62.838,1400.0,
902,True,1.258832319999783,0.07172803200046474,6.281300011323765e-05,1.330623165000361,2.627498767999896,1,62.838,1400.0,
903,True,1.1765262290000464,0.05413659599980747,8.265700034826295e-05,1.2307454820002022,2.4569761769998877,1,62.838,1400.0,
904,True,1.277519585999471,0.06771397500051535,6.348899933072971e-05,1.345297049999317,2.6718320939999103,1,62.838,1400.0,
905,True,1.1995531769998706,0.06713637099983316,6.317700081126532e-05,1.266752725000515,2.495714145999955,1,62.838,1400.0,
906,True,1.2372638039996673,0.06554606099962257,6.286499956331681e-05,1.3028727299988532,2.5779904950004493,1,63.376,1400.0,
907,True,1.2142772200004401,0.06489871700068761,9.250000039173756e-05,1.2792684370015195,2.533490396000161,1,62.838,1400.0,
908,True,1.268947616999867,0.054438574999949196,6.322900026134448e-05,1.3234494210000776,2.6196080959998653,1,63.376,1400.0,
909,True,1.3236851490000845,0.05712716499965609,6.302099973254371e-05,1.3808753349994731,2.7494454260004204,1,63.376,1400.0,
910,True,1.139771013000427,0.05602654199992685,7.369800005108118e-05,1.195871253000405,2.360527130000264,1,63.376,1400.0,
911,True,1.2541212810001525,0.05545581299975311,7.817699952283874e-05,1.3096552709994285,2.607031547000588,1,63.914,1400.0,
912,True,1.2226597070002754,0.06303856300019106,6.437499996536644e-05,1.2857626450004318,2.559370201999627,1,62.838,1400.0,
913,True,1.2303077169999597,0.0567994049997651,6.781200045224978e-05,1.287174934000177,2.5672804519999772,1,62.3,1400.0,
914,True,1.1635517630002141,0.07122251100008725,6.781199954275507e-05,1.2348420859998441,2.4403176470004837,1,63.376,1400.0,
915,True,1.2063141540002107,0.06420257300032972,6.078200021875091e-05,1.2705775090007592,2.526334357000451,1,62.3,1400.0,
916,True,1.1845668389996717,0.06270757400034199,7.43750006222399e-05,1.247348788000636,2.4766735359999075,1,63.376,1400.0,
917,True,1.2636618910000834,0.06195793999995658,6.130200017651077e-05,1.3256811330002165,2.6820168599997487,1,62.838,1400.0,
918,True,1.2282696970005418,0.05616091600040818,7.171800007199636e-05,1.284502331001022,2.596481034000135,1,63.376,1400.0,
919,True,1.2244299630001478,0.057467373000690714,6.213600045157364e-05,1.2819594720012901,2.5463420370006133,1,62.838,1400.0,
920,True,1.1433295469996665,0.06281116799982556,6.1561999245896e-05,1.206202276998738,2.3867489109998132,2,63.376,1400.0,
921,True,1.2053202469996904,0.05763263299922983,6.177099930937402e-05,1.2630146509982296,2.5031418829994436,1,62.3,1400.0,
922,True,1.2851813919996857,0.06914782600051694,6.281300011323765e-05,1.354392031000316,2.6693160919994625,1,63.376,1400.0,
923,True,1.1466135520004173,0.05973976600034803,5.9946999499516096e-05,1.2064132650002648,2.3795225639996715,1,63.376,1400.0,
924,True,1.2247245960006694,0.0695672520005246,0.00010979099988617236,1.2944016390010802,2.5579237359997933,1,62.838,1400.0,
925,True,1.3085014649996083,0.060353670999575115,6.21880008111475e-05,1.3689173239999946,2.7179908690004595,1,63.376,1400.0,
926,True,1.1761776789999203,0.06914470100036851,6.255200059968047e-05,1.2453849320008885,2.439022900999589,1,63.376,1400.0,
927,True,1.2176890819991968,0.05948231799993664,6.0415999541874044e-05,1.2772318159986753,2.5071564569998372,1,62.838,1400.0,
928,True,1.3016167280002264,0.0628984559998571,6.291699992289068e-05,1.3645781010000064,2.697437586999513,1,63.376,1400.0,
929,True,1.2787552890004008,0.06558397299977514,7.265600015671225e-05,1.3444119180003327,2.6365110440001445,1,63.376,1400.0,
930,True,1.2435024730002624,0.05931512799998018,6.187500002852175e-05,1.302879476000271,2.5688196789997164,1,62.838,1400.0,
931,True,1.2364924299999984,0.05856872200001817,6.468700030382024e-05,1.2951258390003204,2.560121930000605,1,62.838,1400.0,
932,True,1.2154784490003294,0.059828407999702904,6.484400000772439e-05,1.27537170100004,2.516821572000481,1,62.838,1400.0,
933,True,1.199672897999335,0.0660937639995609,6.812500032538082e-05,1.2658347869992213,2.491420043999824,1,62.838,1400.0,
934,True,1.2379953449999448,0.05872471200018481,6.229100017662859e-05,1.2967823480003062,2.574398212000233,1,62.838,1400.0,
935,True,1.2632976539998708,0.055438673999560706,6.671800019830698e-05,1.3188030459996298,2.616607685999952,1,63.376,1400.0,
936,True,1.3022473400005765,0.06986229999984062,6.208299964782782e-05,1.372171723000065,2.7036409530001038,1,62.3,1400.0,
937,True,1.237783782000406,0.055717737000122725,6.25000002401066e-05,1.293564019000769,2.5555650080004852,1,63.376,1400.0,
938,True,1.2366957630001707,0.06847594899954856,6.645800021942705e-05,1.3052381699999387,2.5767689899994366,1,63.376,1400.0,
939,True,1.1355936090003524,0.06552287900012743,6.145799943624297e-05,1.2011779459999161,2.3644352170003913,1,63.376,1400.0,
940,True,1.236958419000075,0.060581896000257984,8.473900015815161e-05,1.2976250540004912,2.563890985999933,1,63.376,1400.0,
941,True,1.2793342989998564,0.06951615500020125,6.697899971186416e-05,1.3489174329997695,2.6713643290004256,1,63.376,1400.0,
942,True,1.2036712769995574,0.060542000999703305,6.421899979613954e-05,1.264277496999057,2.4990714389996356,1,63.376,1400.0,
943,True,1.1030494870001348,0.05555362200084346,6.494700028270017e-05,1.158668056001261,2.2938457810005275,1,62.3,1400.0,
944,True,1.2242055719998461,0.055781486999876506,7.052000000840053e-05,1.280057578999731,2.540908152999691,1,62.838,1400.0,
945,True,1.1792049560008309,0.0677366259997143,6.317700081126532e-05,1.2470047590013564,2.4600008150000576,1,63.376,1400.0,
946,True,1.2991003659999478,0.05609825700048532,6.275999930949183e-05,1.3552613829997426,2.6868142039993472,1,63.376,1400.0,
947,True,1.15841998399992,0.07197042299958412,6.734399994456908e-05,1.2304577509994488,2.430814343999373,1,62.838,1400.0,
948,True,1.2421737760005271,0.05509383099979459,6.578099964826833e-05,1.29733338799997,2.569244624000021,1,62.838,1400.0,
949,True,1.2431985149996763,0.05829736800023966,6.317699990177061e-05,1.3015590599998177,2.586825121000402,1,62.3,1400.0,
950,True,1.321927417000552,0.06564090000028955,6.822900013503386e-05,1.3876365460009765,2.7551601519999167,1,62.838,1400.0,
951,True,1.2392645609997999,0.05419424899992009,6.572900019818917e-05,1.2935245389999181,2.573857899000359,1,62.838,1400.0,
952,True,1.2395729460004077,0.05750013000033505,6.426999971154146e-05,1.2971373460004543,2.576969613000074,1,62.838,1400.0,
953,True,1.2437818460002745,0.06164194699977088,6.322900026134448e-05,1.3054870220003068,2.5791620580002927,1,62.3,1400.0,
954,True,1.2394644559999506,0.062173717000405304,7.911400007287739e-05,1.3017172870004288,2.583167781999691,1,62.838,1400.0,
955,True,1.0985036590000163,0.059429502000057255,7.218800055852626e-05,1.1580053490006321,2.3002550419996624,1,62.3,1400.0,
956,True,1.2162379259998488,0.07026344599944423,6.401000064215623e-05,1.2865653819999352,2.5307838420003463,1,62.3,1400.0,
957,True,1.302926454000044,0.0598524710003403,6.479199964815052e-05,1.3628437170000325,2.7048776669998915,1,62.3,1400.0,
958,True,1.1010005829994043,0.05776252500072587,6.23440000708797e-05,1.158825452000201,2.2824650669999755,1,62.3,1400.0,
959,True,1.3011571329998333,0.060830125999927986,6.182200013427064e-05,1.3620490809998955,2.6955251279996446,1,63.376,1400.0,
960,True,1.196140765000564,0.057160859000759956,7.307299983949633e-05,1.2533746970011634,2.4842943739995462,1,62.838,1400.0,
961,True,1.2380023229998187,0.059037888000602834,6.489599945780355e-05,1.2971051069998794,2.5666031170003407,1,63.376,1400.0,
962,True,1.1342785580000054,0.0546416439992754,6.749999920430128e-05,1.1889877019984851,2.3597731380004916,1,62.838,1400.0,
963,True,1.1190265989998807,0.06268038400048681,6.494800072687212e-05,1.1817719310010943,2.334959629999503,1,62.838,1400.0,
964,True,1.2790740370001004,0.07106401800047024,6.354199922498083e-05,1.3502015969997956,2.6622632460002933,1,62.838,1400.0,
965,True,1.2409113809999326,0.06501949500034243,7.088500024110544e-05,1.3060017610005161,2.5805971069994484,1,62.838,1400.0,
966,True,1.2141317819996402,0.06325392500002636,6.588500036741607e-05,1.277451592000034,2.526166763999754,1,62.838,1400.0,
967,True,1.3209930430002714,0.05939226200007397,6.25000002401066e-05,1.3804478050005855,2.7431047499994747,1,63.376,1400.0,
968,True,1.2184486509995622,0.054778466999778175,7.713500053796452e-05,1.2733042529998784,2.538765393000176,1,63.376,1400.0,
969,True,1.1769511040001817,0.06026533400017797,6.364599994412856e-05,1.2372800840003038,2.4504881699995167,1,62.838,1400.0,
970,True,1.0960877249999612,0.05439893600032519,6.942700019862968e-05,1.150556088000485,2.2767134069999884,1,63.376,1400.0,
971,True,1.1800106829996366,0.07123433000015211,8.302100013679592e-05,1.2513280339999255,2.4637854949996836,1,62.838,1400.0,
972,True,1.3244050169996626,0.06352746599986858,6.567700074811e-05,1.3879981600002793,2.7501793749997887,1,62.838,1400.0,
973,True,1.238888883999607,0.05710184899999149,8.572899969294667e-05,1.2960764619992915,2.5680018109997036,1,63.376,1400.0,
974,True,1.3647124629997052,0.06524642200020025,8.520900064468151e-05,1.43004409400055,2.7793057420003606,1,62.838,1400.0,
975,True,1.1678335110000262,0.05609289199946943,7.140599973354256e-05,1.2239978089992292,2.4371847499996875,1,62.838,1400.0,
976,True,1.1621162800001912,0.07069568499991874,6.479200055764522e-05,1.2328767570006676,2.4364131889997225,1,62.838,1400.0,
977,True,1.1848205719998077,0.06454454799950327,6.880199998704484e-05,1.249433921999298,2.4786010469997564,1,62.838,1400.0,
978,True,1.2075744470002974,0.05692658899988601,6.640600076934788e-05,1.2645674420009527,2.521396666000328,1,62.838,1400.0,
979,True,1.2031738810001116,0.06986355099979846,7.895799990365049e-05,1.2731163899998137,2.522442290000072,1,62.838,1400.0,
980,True,1.1226332609994643,0.07281719299953693,6.6927000261785e-05,1.195517380999263,2.4165427990001263,1,62.3,1400.0,
981,True,1.1670895550005298,0.07113698600005591,6.421899979613954e-05,1.2382907600003819,2.46911283099962,1,62.838,1400.0,
982,True,1.2478786629999377,0.06443230800050515,6.34380003248225e-05,1.3123744090007676,2.5834246550002717,1,62.3,1400.0,
983,True,1.266858429000422,0.06410954799957835,6.348900024022441e-05,1.3310314660002405,2.625499075999869,1,62.838,1400.0,
984,True,1.1218933139998626,0.06775147000007564,5.9947999943688046e-05,1.189704731999882,2.3568562649998057,1,63.376,1400.0,
985,True,1.2454901250002877,0.05859762900036003,7.104100041033234e-05,1.304158795001058,2.584619964999547,1,62.838,1400.0,
986,True,1.2040110140005709,0.05696237000029214,6.244799988053273e-05,1.2610358320007435,2.5044453870004872,1,62.838,1400.0,
987,True,1.084073260999503,0.05530258100043284,7.520800045313081e-05,1.139451050000389,2.2637917570000354,1,63.376,1400.0,
988,True,1.1125635349999357,0.06642157599981147,7.354199988185428e-05,1.179058652999629,2.3253790689996094,1,63.376,1400.0,
989,True,1.2074778330006666,0.06613584699971398,8.526000056008343e-05,1.2736989400009406,2.5185144820006826,1,62.838,1400.0,
990,True,1.1583343579995926,0.06946084299943323,7.937499958643457e-05,1.2278745759986123,2.4183362849998957,1,62.3,1400.0,
991,True,1.2614293209999232,0.05766070200024842,8.098900070763193e-05,1.3191710120008793,2.5991651530002855,1,62.838,1400.0,
992,True,1.218968336999751,0.06795709500056546,6.572900019818917e-05,1.2869911610005147,2.5352922720003335,1,63.376,1400.0,
993,True,1.1387131869996665,0.06058319800013123,6.515599943668349e-05,1.1993615409992344,2.3663619810004093,1,63.376,1400.0,
994,True,1.2414965360003407,0.060436791999563866,6.755200047336984e-05,1.302000880000378,2.5631668170008197,1,62.838,1400.0,
995,True,1.1792111519998798,0.05601612099962949,6.223999935173197e-05,1.235289512998861,2.440937868000219,1,62.838,1400.0,
996,True,1.1585324309999123,0.0600723139996262,7.072900007187854e-05,1.2186754739996104,2.412359105000178,1,63.376,1400.0,
997,True,1.2193128160006381,0.058588357999724394,6.614599988097325e-05,1.2779673200002435,2.5398653379997995,1,63.376,1400.0,
998,True,1.3018012969996562,0.05952575199989951,7.35929997972562e-05,1.361400641999353,2.706321673000275,1,62.3,1400.0,
999,True,1.2600545830000556,0.062607778999336,6.58330000078422e-05,1.3227281949993994,2.620534394999595,1,62.838,1400.0,
1000,True,1.2604736449993652,0.06684183600009419,6.614600079046795e-05,1.3273816270002499,2.6209063719998085,1,62.838,1400.0,
